[0.079s] DEBUG:colcon:Command line arguments: ['/usr/bin/colcon', 'build', '--merge-install', '--base-paths', 'src']
[0.079s] DEBUG:colcon:Parsed command line arguments: Namespace(log_base=None, log_level=None, verb_name='build', build_base='build', install_base='install', merge_install=True, symlink_install=False, test_result_base=None, continue_on_error=False, executor='parallel', parallel_workers=9, event_handlers=None, ignore_user_meta=False, metas=['./colcon.meta'], base_paths=['src'], packages_ignore=None, packages_ignore_regex=None, paths=None, packages_up_to=None, packages_up_to_regex=None, packages_above=None, packages_above_and_dependencies=None, packages_above_depth=None, packages_select_by_dep=None, packages_skip_by_dep=None, packages_skip_up_to=None, packages_select_build_failed=False, packages_skip_build_finished=False, packages_select_test_failures=False, packages_skip_test_passed=False, packages_select=None, packages_skip=None, packages_select_regex=None, packages_skip_regex=None, packages_start=None, packages_end=None, allow_overriding=[], cmake_args=None, cmake_target=None, cmake_target_skip_unavailable=False, cmake_clean_cache=False, cmake_clean_first=False, cmake_force_configure=False, ament_cmake_args=None, catkin_cmake_args=None, catkin_skip_building_tests=False, verb_parser=<colcon_defaults.argument_parser.defaults.DefaultArgumentsDecorator object at 0x70a481113f10>, verb_extension=<colcon_core.verb.build.BuildVerb object at 0x70a481113ac0>, main=<bound method BuildVerb.main of <colcon_core.verb.build.BuildVerb object at 0x70a481113ac0>>)
[0.199s] Level 1:colcon.colcon_core.package_discovery:discover_packages(colcon_meta) check parameters
[0.199s] Level 1:colcon.colcon_core.package_discovery:discover_packages(recursive) check parameters
[0.199s] Level 1:colcon.colcon_core.package_discovery:discover_packages(ignore) check parameters
[0.199s] Level 1:colcon.colcon_core.package_discovery:discover_packages(path) check parameters
[0.199s] Level 1:colcon.colcon_core.package_discovery:discover_packages(recursive) discover
[0.199s] INFO:colcon.colcon_core.package_discovery:Crawling recursively for packages in '/home/newman/vrx_ws/src/mission_windwatch/src'
[0.199s] Level 1:colcon.colcon_core.package_identification:_identify(src) by extensions ['ignore', 'ignore_ament_install']
[0.199s] Level 1:colcon.colcon_core.package_identification:_identify(src) by extension 'ignore'
[0.199s] Level 1:colcon.colcon_core.package_identification:_identify(src) by extension 'ignore_ament_install'
[0.199s] Level 1:colcon.colcon_core.package_identification:_identify(src) by extensions ['colcon_pkg']
[0.199s] Level 1:colcon.colcon_core.package_identification:_identify(src) by extension 'colcon_pkg'
[0.199s] Level 1:colcon.colcon_core.package_identification:_identify(src) by extensions ['colcon_meta']
[0.199s] Level 1:colcon.colcon_core.package_identification:_identify(src) by extension 'colcon_meta'
[0.199s] Level 1:colcon.colcon_core.package_identification:_identify(src) by extensions ['ros']
[0.199s] Level 1:colcon.colcon_core.package_identification:_identify(src) by extension 'ros'
[0.207s] Level 1:colcon.colcon_core.package_identification:_identify(src) by extensions ['cmake', 'python']
[0.207s] Level 1:colcon.colcon_core.package_identification:_identify(src) by extension 'cmake'
[0.207s] Level 1:colcon.colcon_core.package_identification:_identify(src) by extension 'python'
[0.208s] Level 1:colcon.colcon_core.package_identification:_identify(src) by extensions ['python_setup_py']
[0.208s] Level 1:colcon.colcon_core.package_identification:_identify(src) by extension 'python_setup_py'
[0.208s] Level 1:colcon.colcon_core.package_identification:_identify(src/aquabot) by extensions ['ignore', 'ignore_ament_install']
[0.208s] Level 1:colcon.colcon_core.package_identification:_identify(src/aquabot) by extension 'ignore'
[0.208s] Level 1:colcon.colcon_core.package_identification:_identify(src/aquabot) by extension 'ignore_ament_install'
[0.208s] Level 1:colcon.colcon_core.package_identification:_identify(src/aquabot) by extensions ['colcon_pkg']
[0.208s] Level 1:colcon.colcon_core.package_identification:_identify(src/aquabot) by extension 'colcon_pkg'
[0.208s] Level 1:colcon.colcon_core.package_identification:_identify(src/aquabot) by extensions ['colcon_meta']
[0.208s] Level 1:colcon.colcon_core.package_identification:_identify(src/aquabot) by extension 'colcon_meta'
[0.208s] Level 1:colcon.colcon_core.package_identification:_identify(src/aquabot) by extensions ['ros']
[0.208s] Level 1:colcon.colcon_core.package_identification:_identify(src/aquabot) by extension 'ros'
[0.208s] Level 1:colcon.colcon_core.package_identification:_identify(src/aquabot) by extensions ['cmake', 'python']
[0.208s] Level 1:colcon.colcon_core.package_identification:_identify(src/aquabot) by extension 'cmake'
[0.208s] Level 1:colcon.colcon_core.package_identification:_identify(src/aquabot) by extension 'python'
[0.208s] Level 1:colcon.colcon_core.package_identification:_identify(src/aquabot) by extensions ['python_setup_py']
[0.208s] Level 1:colcon.colcon_core.package_identification:_identify(src/aquabot) by extension 'python_setup_py'
[0.208s] Level 1:colcon.colcon_core.package_identification:_identify(src/aquabot/aquabot_gz) by extensions ['ignore', 'ignore_ament_install']
[0.208s] Level 1:colcon.colcon_core.package_identification:_identify(src/aquabot/aquabot_gz) by extension 'ignore'
[0.208s] Level 1:colcon.colcon_core.package_identification:_identify(src/aquabot/aquabot_gz) by extension 'ignore_ament_install'
[0.208s] Level 1:colcon.colcon_core.package_identification:_identify(src/aquabot/aquabot_gz) by extensions ['colcon_pkg']
[0.208s] Level 1:colcon.colcon_core.package_identification:_identify(src/aquabot/aquabot_gz) by extension 'colcon_pkg'
[0.208s] Level 1:colcon.colcon_core.package_identification:_identify(src/aquabot/aquabot_gz) by extensions ['colcon_meta']
[0.208s] Level 1:colcon.colcon_core.package_identification:_identify(src/aquabot/aquabot_gz) by extension 'colcon_meta'
[0.209s] Level 1:colcon.colcon_core.package_identification:_identify(src/aquabot/aquabot_gz) by extensions ['ros']
[0.209s] Level 1:colcon.colcon_core.package_identification:_identify(src/aquabot/aquabot_gz) by extension 'ros'
[0.210s] DEBUG:colcon.colcon_core.package_identification:Package 'src/aquabot/aquabot_gz' with type 'ros.ament_cmake' and name 'aquabot_gz'
[0.210s] Level 1:colcon.colcon_core.package_identification:_identify(src/aquabot/aquabot_python) by extensions ['ignore', 'ignore_ament_install']
[0.211s] Level 1:colcon.colcon_core.package_identification:_identify(src/aquabot/aquabot_python) by extension 'ignore'
[0.211s] Level 1:colcon.colcon_core.package_identification:_identify(src/aquabot/aquabot_python) by extension 'ignore_ament_install'
[0.211s] Level 1:colcon.colcon_core.package_identification:_identify(src/aquabot/aquabot_python) by extensions ['colcon_pkg']
[0.211s] Level 1:colcon.colcon_core.package_identification:_identify(src/aquabot/aquabot_python) by extension 'colcon_pkg'
[0.211s] Level 1:colcon.colcon_core.package_identification:_identify(src/aquabot/aquabot_python) by extensions ['colcon_meta']
[0.211s] Level 1:colcon.colcon_core.package_identification:_identify(src/aquabot/aquabot_python) by extension 'colcon_meta'
[0.211s] Level 1:colcon.colcon_core.package_identification:_identify(src/aquabot/aquabot_python) by extensions ['ros']
[0.211s] Level 1:colcon.colcon_core.package_identification:_identify(src/aquabot/aquabot_python) by extension 'ros'
[0.211s] DEBUG:colcon.colcon_core.package_identification:Package 'src/aquabot/aquabot_python' with type 'ros.ament_cmake' and name 'aquabot_python'
[0.211s] Level 1:colcon.colcon_core.package_identification:_identify(src/aquabot/aquabot_urdf) by extensions ['ignore', 'ignore_ament_install']
[0.211s] Level 1:colcon.colcon_core.package_identification:_identify(src/aquabot/aquabot_urdf) by extension 'ignore'
[0.211s] Level 1:colcon.colcon_core.package_identification:_identify(src/aquabot/aquabot_urdf) by extension 'ignore_ament_install'
[0.211s] Level 1:colcon.colcon_core.package_identification:_identify(src/aquabot/aquabot_urdf) by extensions ['colcon_pkg']
[0.211s] Level 1:colcon.colcon_core.package_identification:_identify(src/aquabot/aquabot_urdf) by extension 'colcon_pkg'
[0.211s] Level 1:colcon.colcon_core.package_identification:_identify(src/aquabot/aquabot_urdf) by extensions ['colcon_meta']
[0.211s] Level 1:colcon.colcon_core.package_identification:_identify(src/aquabot/aquabot_urdf) by extension 'colcon_meta'
[0.212s] Level 1:colcon.colcon_core.package_identification:_identify(src/aquabot/aquabot_urdf) by extensions ['ros']
[0.212s] Level 1:colcon.colcon_core.package_identification:_identify(src/aquabot/aquabot_urdf) by extension 'ros'
[0.212s] Level 1:colcon.colcon_core.package_identification:_identify(src/aquabot/aquabot_urdf) by extensions ['cmake', 'python']
[0.212s] Level 1:colcon.colcon_core.package_identification:_identify(src/aquabot/aquabot_urdf) by extension 'cmake'
[0.212s] Level 1:colcon.colcon_core.package_identification:_identify(src/aquabot/aquabot_urdf) by extension 'python'
[0.212s] Level 1:colcon.colcon_core.package_identification:_identify(src/aquabot/aquabot_urdf) by extensions ['python_setup_py']
[0.212s] Level 1:colcon.colcon_core.package_identification:_identify(src/aquabot/aquabot_urdf) by extension 'python_setup_py'
[0.212s] Level 1:colcon.colcon_core.package_identification:_identify(src/aquabot/aquabot_urdf/aquabot_description) by extensions ['ignore', 'ignore_ament_install']
[0.212s] Level 1:colcon.colcon_core.package_identification:_identify(src/aquabot/aquabot_urdf/aquabot_description) by extension 'ignore'
[0.212s] Level 1:colcon.colcon_core.package_identification:_identify(src/aquabot/aquabot_urdf/aquabot_description) by extension 'ignore_ament_install'
[0.212s] Level 1:colcon.colcon_core.package_identification:_identify(src/aquabot/aquabot_urdf/aquabot_description) by extensions ['colcon_pkg']
[0.212s] Level 1:colcon.colcon_core.package_identification:_identify(src/aquabot/aquabot_urdf/aquabot_description) by extension 'colcon_pkg'
[0.212s] Level 1:colcon.colcon_core.package_identification:_identify(src/aquabot/aquabot_urdf/aquabot_description) by extensions ['colcon_meta']
[0.212s] Level 1:colcon.colcon_core.package_identification:_identify(src/aquabot/aquabot_urdf/aquabot_description) by extension 'colcon_meta'
[0.212s] Level 1:colcon.colcon_core.package_identification:_identify(src/aquabot/aquabot_urdf/aquabot_description) by extensions ['ros']
[0.212s] Level 1:colcon.colcon_core.package_identification:_identify(src/aquabot/aquabot_urdf/aquabot_description) by extension 'ros'
[0.213s] DEBUG:colcon.colcon_core.package_identification:Package 'src/aquabot/aquabot_urdf/aquabot_description' with type 'ros.ament_cmake' and name 'aquabot_description'
[0.213s] Level 1:colcon.colcon_core.package_identification:_identify(src/aquabot_competitor) by extensions ['ignore', 'ignore_ament_install']
[0.213s] Level 1:colcon.colcon_core.package_identification:_identify(src/aquabot_competitor) by extension 'ignore'
[0.213s] Level 1:colcon.colcon_core.package_identification:_identify(src/aquabot_competitor) by extension 'ignore_ament_install'
[0.213s] Level 1:colcon.colcon_core.package_identification:_identify(src/aquabot_competitor) by extensions ['colcon_pkg']
[0.213s] Level 1:colcon.colcon_core.package_identification:_identify(src/aquabot_competitor) by extension 'colcon_pkg'
[0.213s] Level 1:colcon.colcon_core.package_identification:_identify(src/aquabot_competitor) by extensions ['colcon_meta']
[0.213s] Level 1:colcon.colcon_core.package_identification:_identify(src/aquabot_competitor) by extension 'colcon_meta'
[0.213s] Level 1:colcon.colcon_core.package_identification:_identify(src/aquabot_competitor) by extensions ['ros']
[0.213s] Level 1:colcon.colcon_core.package_identification:_identify(src/aquabot_competitor) by extension 'ros'
[0.213s] Level 1:colcon.colcon_core.package_identification:_identify(src/aquabot_competitor) by extensions ['cmake', 'python']
[0.213s] Level 1:colcon.colcon_core.package_identification:_identify(src/aquabot_competitor) by extension 'cmake'
[0.213s] Level 1:colcon.colcon_core.package_identification:_identify(src/aquabot_competitor) by extension 'python'
[0.213s] Level 1:colcon.colcon_core.package_identification:_identify(src/aquabot_competitor) by extensions ['python_setup_py']
[0.213s] Level 1:colcon.colcon_core.package_identification:_identify(src/aquabot_competitor) by extension 'python_setup_py'
[0.213s] Level 1:colcon.colcon_core.package_identification:_identify(src/aquabot_competitor/aquabot_examples) by extensions ['ignore', 'ignore_ament_install']
[0.213s] Level 1:colcon.colcon_core.package_identification:_identify(src/aquabot_competitor/aquabot_examples) by extension 'ignore'
[0.213s] Level 1:colcon.colcon_core.package_identification:_identify(src/aquabot_competitor/aquabot_examples) by extension 'ignore_ament_install'
[0.213s] Level 1:colcon.colcon_core.package_identification:_identify(src/aquabot_competitor/aquabot_examples) by extensions ['colcon_pkg']
[0.213s] Level 1:colcon.colcon_core.package_identification:_identify(src/aquabot_competitor/aquabot_examples) by extension 'colcon_pkg'
[0.213s] Level 1:colcon.colcon_core.package_identification:_identify(src/aquabot_competitor/aquabot_examples) by extensions ['colcon_meta']
[0.213s] Level 1:colcon.colcon_core.package_identification:_identify(src/aquabot_competitor/aquabot_examples) by extension 'colcon_meta'
[0.213s] Level 1:colcon.colcon_core.package_identification:_identify(src/aquabot_competitor/aquabot_examples) by extensions ['ros']
[0.214s] Level 1:colcon.colcon_core.package_identification:_identify(src/aquabot_competitor/aquabot_examples) by extension 'ros'
[0.214s] Level 1:colcon.colcon_core.package_identification:_identify(src/aquabot_competitor/aquabot_examples) by extensions ['cmake', 'python']
[0.214s] Level 1:colcon.colcon_core.package_identification:_identify(src/aquabot_competitor/aquabot_examples) by extension 'cmake'
[0.214s] Level 1:colcon.colcon_core.package_identification:_identify(src/aquabot_competitor/aquabot_examples) by extension 'python'
[0.214s] Level 1:colcon.colcon_core.package_identification:_identify(src/aquabot_competitor/aquabot_examples) by extensions ['python_setup_py']
[0.214s] Level 1:colcon.colcon_core.package_identification:_identify(src/aquabot_competitor/aquabot_examples) by extension 'python_setup_py'
[0.214s] Level 1:colcon.colcon_core.package_identification:_identify(src/aquabot_competitor/aquabot_examples/aquabot_example) by extensions ['ignore', 'ignore_ament_install']
[0.214s] Level 1:colcon.colcon_core.package_identification:_identify(src/aquabot_competitor/aquabot_examples/aquabot_example) by extension 'ignore'
[0.214s] Level 1:colcon.colcon_core.package_identification:_identify(src/aquabot_competitor/aquabot_examples/aquabot_example) by extension 'ignore_ament_install'
[0.214s] Level 1:colcon.colcon_core.package_identification:_identify(src/aquabot_competitor/aquabot_examples/aquabot_example) by extensions ['colcon_pkg']
[0.214s] Level 1:colcon.colcon_core.package_identification:_identify(src/aquabot_competitor/aquabot_examples/aquabot_example) by extension 'colcon_pkg'
[0.214s] Level 1:colcon.colcon_core.package_identification:_identify(src/aquabot_competitor/aquabot_examples/aquabot_example) by extensions ['colcon_meta']
[0.214s] Level 1:colcon.colcon_core.package_identification:_identify(src/aquabot_competitor/aquabot_examples/aquabot_example) by extension 'colcon_meta'
[0.214s] Level 1:colcon.colcon_core.package_identification:_identify(src/aquabot_competitor/aquabot_examples/aquabot_example) by extensions ['ros']
[0.214s] Level 1:colcon.colcon_core.package_identification:_identify(src/aquabot_competitor/aquabot_examples/aquabot_example) by extension 'ros'
[0.215s] DEBUG:colcon.colcon_core.package_identification:Package 'src/aquabot_competitor/aquabot_examples/aquabot_example' with type 'ros.ament_cmake' and name 'aquabot_example'
[0.215s] Level 1:colcon.colcon_core.package_identification:_identify(src/aquabot_competitor/aquabot_examples/opencv_example) by extensions ['ignore', 'ignore_ament_install']
[0.215s] Level 1:colcon.colcon_core.package_identification:_identify(src/aquabot_competitor/aquabot_examples/opencv_example) by extension 'ignore'
[0.215s] Level 1:colcon.colcon_core.package_identification:_identify(src/aquabot_competitor/aquabot_examples/opencv_example) by extension 'ignore_ament_install'
[0.215s] Level 1:colcon.colcon_core.package_identification:_identify(src/aquabot_competitor/aquabot_examples/opencv_example) by extensions ['colcon_pkg']
[0.215s] Level 1:colcon.colcon_core.package_identification:_identify(src/aquabot_competitor/aquabot_examples/opencv_example) by extension 'colcon_pkg'
[0.215s] Level 1:colcon.colcon_core.package_identification:_identify(src/aquabot_competitor/aquabot_examples/opencv_example) by extensions ['colcon_meta']
[0.215s] Level 1:colcon.colcon_core.package_identification:_identify(src/aquabot_competitor/aquabot_examples/opencv_example) by extension 'colcon_meta'
[0.215s] Level 1:colcon.colcon_core.package_identification:_identify(src/aquabot_competitor/aquabot_examples/opencv_example) by extensions ['ros']
[0.215s] Level 1:colcon.colcon_core.package_identification:_identify(src/aquabot_competitor/aquabot_examples/opencv_example) by extension 'ros'
[0.216s] DEBUG:colcon.colcon_core.package_identification:Package 'src/aquabot_competitor/aquabot_examples/opencv_example' with type 'ros.ament_cmake' and name 'opencv_example'
[0.216s] Level 1:colcon.colcon_core.package_identification:_identify(src/aquabot_competitor/aquabot_examples/package_example) by extensions ['ignore', 'ignore_ament_install']
[0.216s] Level 1:colcon.colcon_core.package_identification:_identify(src/aquabot_competitor/aquabot_examples/package_example) by extension 'ignore'
[0.216s] Level 1:colcon.colcon_core.package_identification:_identify(src/aquabot_competitor/aquabot_examples/package_example) by extension 'ignore_ament_install'
[0.216s] Level 1:colcon.colcon_core.package_identification:_identify(src/aquabot_competitor/aquabot_examples/package_example) by extensions ['colcon_pkg']
[0.216s] Level 1:colcon.colcon_core.package_identification:_identify(src/aquabot_competitor/aquabot_examples/package_example) by extension 'colcon_pkg'
[0.216s] Level 1:colcon.colcon_core.package_identification:_identify(src/aquabot_competitor/aquabot_examples/package_example) by extensions ['colcon_meta']
[0.216s] Level 1:colcon.colcon_core.package_identification:_identify(src/aquabot_competitor/aquabot_examples/package_example) by extension 'colcon_meta'
[0.216s] Level 1:colcon.colcon_core.package_identification:_identify(src/aquabot_competitor/aquabot_examples/package_example) by extensions ['ros']
[0.216s] Level 1:colcon.colcon_core.package_identification:_identify(src/aquabot_competitor/aquabot_examples/package_example) by extension 'ros'
[0.217s] DEBUG:colcon.colcon_core.package_identification:Package 'src/aquabot_competitor/aquabot_examples/package_example' with type 'ros.ament_cmake' and name 'package_example'
[0.217s] Level 1:colcon.colcon_core.package_identification:_identify(src/aquabot_competitor/my_team_package) by extensions ['ignore', 'ignore_ament_install']
[0.217s] Level 1:colcon.colcon_core.package_identification:_identify(src/aquabot_competitor/my_team_package) by extension 'ignore'
[0.217s] Level 1:colcon.colcon_core.package_identification:_identify(src/aquabot_competitor/my_team_package) by extension 'ignore_ament_install'
[0.217s] Level 1:colcon.colcon_core.package_identification:_identify(src/aquabot_competitor/my_team_package) by extensions ['colcon_pkg']
[0.217s] Level 1:colcon.colcon_core.package_identification:_identify(src/aquabot_competitor/my_team_package) by extension 'colcon_pkg'
[0.217s] Level 1:colcon.colcon_core.package_identification:_identify(src/aquabot_competitor/my_team_package) by extensions ['colcon_meta']
[0.217s] Level 1:colcon.colcon_core.package_identification:_identify(src/aquabot_competitor/my_team_package) by extension 'colcon_meta'
[0.217s] Level 1:colcon.colcon_core.package_identification:_identify(src/aquabot_competitor/my_team_package) by extensions ['ros']
[0.217s] Level 1:colcon.colcon_core.package_identification:_identify(src/aquabot_competitor/my_team_package) by extension 'ros'
[0.217s] DEBUG:colcon.colcon_core.package_identification:Package 'src/aquabot_competitor/my_team_package' with type 'ros.ament_cmake' and name 'my_team_package'
[0.217s] Level 1:colcon.colcon_core.package_identification:_identify(src/mission_manager) by extensions ['ignore', 'ignore_ament_install']
[0.217s] Level 1:colcon.colcon_core.package_identification:_identify(src/mission_manager) by extension 'ignore'
[0.218s] Level 1:colcon.colcon_core.package_identification:_identify(src/mission_manager) by extension 'ignore_ament_install'
[0.218s] Level 1:colcon.colcon_core.package_identification:_identify(src/mission_manager) by extensions ['colcon_pkg']
[0.218s] Level 1:colcon.colcon_core.package_identification:_identify(src/mission_manager) by extension 'colcon_pkg'
[0.218s] Level 1:colcon.colcon_core.package_identification:_identify(src/mission_manager) by extensions ['colcon_meta']
[0.218s] Level 1:colcon.colcon_core.package_identification:_identify(src/mission_manager) by extension 'colcon_meta'
[0.218s] Level 1:colcon.colcon_core.package_identification:_identify(src/mission_manager) by extensions ['ros']
[0.218s] Level 1:colcon.colcon_core.package_identification:_identify(src/mission_manager) by extension 'ros'
[0.218s] DEBUG:colcon.colcon_core.package_identification:Package 'src/mission_manager' with type 'ros.ament_cmake' and name 'mission_manager'
[0.218s] Level 1:colcon.colcon_core.package_identification:_identify(src/navigation) by extensions ['ignore', 'ignore_ament_install']
[0.218s] Level 1:colcon.colcon_core.package_identification:_identify(src/navigation) by extension 'ignore'
[0.218s] Level 1:colcon.colcon_core.package_identification:_identify(src/navigation) by extension 'ignore_ament_install'
[0.218s] Level 1:colcon.colcon_core.package_identification:_identify(src/navigation) by extensions ['colcon_pkg']
[0.218s] Level 1:colcon.colcon_core.package_identification:_identify(src/navigation) by extension 'colcon_pkg'
[0.219s] Level 1:colcon.colcon_core.package_identification:_identify(src/navigation) by extensions ['colcon_meta']
[0.219s] Level 1:colcon.colcon_core.package_identification:_identify(src/navigation) by extension 'colcon_meta'
[0.219s] Level 1:colcon.colcon_core.package_identification:_identify(src/navigation) by extensions ['ros']
[0.219s] Level 1:colcon.colcon_core.package_identification:_identify(src/navigation) by extension 'ros'
[0.219s] DEBUG:colcon.colcon_core.package_identification:Package 'src/navigation' with type 'ros.ament_cmake' and name 'navigation'
[0.219s] Level 1:colcon.colcon_core.package_identification:_identify(src/sensors) by extensions ['ignore', 'ignore_ament_install']
[0.219s] Level 1:colcon.colcon_core.package_identification:_identify(src/sensors) by extension 'ignore'
[0.219s] Level 1:colcon.colcon_core.package_identification:_identify(src/sensors) by extension 'ignore_ament_install'
[0.219s] Level 1:colcon.colcon_core.package_identification:_identify(src/sensors) by extensions ['colcon_pkg']
[0.219s] Level 1:colcon.colcon_core.package_identification:_identify(src/sensors) by extension 'colcon_pkg'
[0.219s] Level 1:colcon.colcon_core.package_identification:_identify(src/sensors) by extensions ['colcon_meta']
[0.219s] Level 1:colcon.colcon_core.package_identification:_identify(src/sensors) by extension 'colcon_meta'
[0.219s] Level 1:colcon.colcon_core.package_identification:_identify(src/sensors) by extensions ['ros']
[0.220s] Level 1:colcon.colcon_core.package_identification:_identify(src/sensors) by extension 'ros'
[0.220s] DEBUG:colcon.colcon_core.package_identification:Package 'src/sensors' with type 'ros.ament_cmake' and name 'sensors'
[0.220s] Level 1:colcon.colcon_core.package_identification:_identify(src/visualization) by extensions ['ignore', 'ignore_ament_install']
[0.220s] Level 1:colcon.colcon_core.package_identification:_identify(src/visualization) by extension 'ignore'
[0.220s] Level 1:colcon.colcon_core.package_identification:_identify(src/visualization) by extension 'ignore_ament_install'
[0.220s] Level 1:colcon.colcon_core.package_identification:_identify(src/visualization) by extensions ['colcon_pkg']
[0.220s] Level 1:colcon.colcon_core.package_identification:_identify(src/visualization) by extension 'colcon_pkg'
[0.220s] Level 1:colcon.colcon_core.package_identification:_identify(src/visualization) by extensions ['colcon_meta']
[0.220s] Level 1:colcon.colcon_core.package_identification:_identify(src/visualization) by extension 'colcon_meta'
[0.220s] Level 1:colcon.colcon_core.package_identification:_identify(src/visualization) by extensions ['ros']
[0.220s] Level 1:colcon.colcon_core.package_identification:_identify(src/visualization) by extension 'ros'
[0.221s] DEBUG:colcon.colcon_core.package_identification:Package 'src/visualization' with type 'ros.ament_cmake' and name 'visualization'
[0.221s] Level 1:colcon.colcon_core.package_identification:_identify(src/vrx) by extensions ['ignore', 'ignore_ament_install']
[0.221s] Level 1:colcon.colcon_core.package_identification:_identify(src/vrx) by extension 'ignore'
[0.221s] Level 1:colcon.colcon_core.package_identification:_identify(src/vrx) by extension 'ignore_ament_install'
[0.221s] Level 1:colcon.colcon_core.package_identification:_identify(src/vrx) by extensions ['colcon_pkg']
[0.221s] Level 1:colcon.colcon_core.package_identification:_identify(src/vrx) by extension 'colcon_pkg'
[0.221s] Level 1:colcon.colcon_core.package_identification:_identify(src/vrx) by extensions ['colcon_meta']
[0.221s] Level 1:colcon.colcon_core.package_identification:_identify(src/vrx) by extension 'colcon_meta'
[0.221s] Level 1:colcon.colcon_core.package_identification:_identify(src/vrx) by extensions ['ros']
[0.221s] Level 1:colcon.colcon_core.package_identification:_identify(src/vrx) by extension 'ros'
[0.221s] Level 1:colcon.colcon_core.package_identification:_identify(src/vrx) by extensions ['cmake', 'python']
[0.221s] Level 1:colcon.colcon_core.package_identification:_identify(src/vrx) by extension 'cmake'
[0.221s] Level 1:colcon.colcon_core.package_identification:_identify(src/vrx) by extension 'python'
[0.221s] Level 1:colcon.colcon_core.package_identification:_identify(src/vrx) by extensions ['python_setup_py']
[0.222s] Level 1:colcon.colcon_core.package_identification:_identify(src/vrx) by extension 'python_setup_py'
[0.222s] Level 1:colcon.colcon_core.package_identification:_identify(src/vrx/images) by extensions ['ignore', 'ignore_ament_install']
[0.222s] Level 1:colcon.colcon_core.package_identification:_identify(src/vrx/images) by extension 'ignore'
[0.222s] Level 1:colcon.colcon_core.package_identification:_identify(src/vrx/images) by extension 'ignore_ament_install'
[0.222s] Level 1:colcon.colcon_core.package_identification:_identify(src/vrx/images) by extensions ['colcon_pkg']
[0.222s] Level 1:colcon.colcon_core.package_identification:_identify(src/vrx/images) by extension 'colcon_pkg'
[0.222s] Level 1:colcon.colcon_core.package_identification:_identify(src/vrx/images) by extensions ['colcon_meta']
[0.222s] Level 1:colcon.colcon_core.package_identification:_identify(src/vrx/images) by extension 'colcon_meta'
[0.222s] Level 1:colcon.colcon_core.package_identification:_identify(src/vrx/images) by extensions ['ros']
[0.222s] Level 1:colcon.colcon_core.package_identification:_identify(src/vrx/images) by extension 'ros'
[0.222s] Level 1:colcon.colcon_core.package_identification:_identify(src/vrx/images) by extensions ['cmake', 'python']
[0.222s] Level 1:colcon.colcon_core.package_identification:_identify(src/vrx/images) by extension 'cmake'
[0.222s] Level 1:colcon.colcon_core.package_identification:_identify(src/vrx/images) by extension 'python'
[0.222s] Level 1:colcon.colcon_core.package_identification:_identify(src/vrx/images) by extensions ['python_setup_py']
[0.222s] Level 1:colcon.colcon_core.package_identification:_identify(src/vrx/images) by extension 'python_setup_py'
[0.222s] Level 1:colcon.colcon_core.package_identification:_identify(src/vrx/vrx_gz) by extensions ['ignore', 'ignore_ament_install']
[0.222s] Level 1:colcon.colcon_core.package_identification:_identify(src/vrx/vrx_gz) by extension 'ignore'
[0.222s] Level 1:colcon.colcon_core.package_identification:_identify(src/vrx/vrx_gz) by extension 'ignore_ament_install'
[0.222s] Level 1:colcon.colcon_core.package_identification:_identify(src/vrx/vrx_gz) by extensions ['colcon_pkg']
[0.222s] Level 1:colcon.colcon_core.package_identification:_identify(src/vrx/vrx_gz) by extension 'colcon_pkg'
[0.222s] Level 1:colcon.colcon_core.package_identification:_identify(src/vrx/vrx_gz) by extensions ['colcon_meta']
[0.222s] Level 1:colcon.colcon_core.package_identification:_identify(src/vrx/vrx_gz) by extension 'colcon_meta'
[0.222s] Level 1:colcon.colcon_core.package_identification:_identify(src/vrx/vrx_gz) by extensions ['ros']
[0.222s] Level 1:colcon.colcon_core.package_identification:_identify(src/vrx/vrx_gz) by extension 'ros'
[0.223s] DEBUG:colcon.colcon_core.package_identification:Package 'src/vrx/vrx_gz' with type 'ros.ament_cmake' and name 'vrx_gz'
[0.223s] Level 1:colcon.colcon_core.package_identification:_identify(src/vrx/vrx_ros) by extensions ['ignore', 'ignore_ament_install']
[0.223s] Level 1:colcon.colcon_core.package_identification:_identify(src/vrx/vrx_ros) by extension 'ignore'
[0.223s] Level 1:colcon.colcon_core.package_identification:_identify(src/vrx/vrx_ros) by extension 'ignore_ament_install'
[0.223s] Level 1:colcon.colcon_core.package_identification:_identify(src/vrx/vrx_ros) by extensions ['colcon_pkg']
[0.223s] Level 1:colcon.colcon_core.package_identification:_identify(src/vrx/vrx_ros) by extension 'colcon_pkg'
[0.223s] Level 1:colcon.colcon_core.package_identification:_identify(src/vrx/vrx_ros) by extensions ['colcon_meta']
[0.223s] Level 1:colcon.colcon_core.package_identification:_identify(src/vrx/vrx_ros) by extension 'colcon_meta'
[0.223s] Level 1:colcon.colcon_core.package_identification:_identify(src/vrx/vrx_ros) by extensions ['ros']
[0.223s] Level 1:colcon.colcon_core.package_identification:_identify(src/vrx/vrx_ros) by extension 'ros'
[0.224s] DEBUG:colcon.colcon_core.package_identification:Package 'src/vrx/vrx_ros' with type 'ros.ament_cmake' and name 'vrx_ros'
[0.224s] Level 1:colcon.colcon_core.package_identification:_identify(src/vrx/vrx_urdf) by extensions ['ignore', 'ignore_ament_install']
[0.224s] Level 1:colcon.colcon_core.package_identification:_identify(src/vrx/vrx_urdf) by extension 'ignore'
[0.224s] Level 1:colcon.colcon_core.package_identification:_identify(src/vrx/vrx_urdf) by extension 'ignore_ament_install'
[0.224s] Level 1:colcon.colcon_core.package_identification:_identify(src/vrx/vrx_urdf) by extensions ['colcon_pkg']
[0.224s] Level 1:colcon.colcon_core.package_identification:_identify(src/vrx/vrx_urdf) by extension 'colcon_pkg'
[0.224s] Level 1:colcon.colcon_core.package_identification:_identify(src/vrx/vrx_urdf) by extensions ['colcon_meta']
[0.224s] Level 1:colcon.colcon_core.package_identification:_identify(src/vrx/vrx_urdf) by extension 'colcon_meta'
[0.224s] Level 1:colcon.colcon_core.package_identification:_identify(src/vrx/vrx_urdf) by extensions ['ros']
[0.224s] Level 1:colcon.colcon_core.package_identification:_identify(src/vrx/vrx_urdf) by extension 'ros'
[0.224s] Level 1:colcon.colcon_core.package_identification:_identify(src/vrx/vrx_urdf) by extensions ['cmake', 'python']
[0.224s] Level 1:colcon.colcon_core.package_identification:_identify(src/vrx/vrx_urdf) by extension 'cmake'
[0.224s] Level 1:colcon.colcon_core.package_identification:_identify(src/vrx/vrx_urdf) by extension 'python'
[0.225s] Level 1:colcon.colcon_core.package_identification:_identify(src/vrx/vrx_urdf) by extensions ['python_setup_py']
[0.225s] Level 1:colcon.colcon_core.package_identification:_identify(src/vrx/vrx_urdf) by extension 'python_setup_py'
[0.225s] Level 1:colcon.colcon_core.package_identification:_identify(src/vrx/vrx_urdf/vrx_gazebo) by extensions ['ignore', 'ignore_ament_install']
[0.225s] Level 1:colcon.colcon_core.package_identification:_identify(src/vrx/vrx_urdf/vrx_gazebo) by extension 'ignore'
[0.225s] Level 1:colcon.colcon_core.package_identification:_identify(src/vrx/vrx_urdf/vrx_gazebo) by extension 'ignore_ament_install'
[0.225s] Level 1:colcon.colcon_core.package_identification:_identify(src/vrx/vrx_urdf/vrx_gazebo) by extensions ['colcon_pkg']
[0.225s] Level 1:colcon.colcon_core.package_identification:_identify(src/vrx/vrx_urdf/vrx_gazebo) by extension 'colcon_pkg'
[0.225s] Level 1:colcon.colcon_core.package_identification:_identify(src/vrx/vrx_urdf/vrx_gazebo) by extensions ['colcon_meta']
[0.225s] Level 1:colcon.colcon_core.package_identification:_identify(src/vrx/vrx_urdf/vrx_gazebo) by extension 'colcon_meta'
[0.225s] Level 1:colcon.colcon_core.package_identification:_identify(src/vrx/vrx_urdf/vrx_gazebo) by extensions ['ros']
[0.225s] Level 1:colcon.colcon_core.package_identification:_identify(src/vrx/vrx_urdf/vrx_gazebo) by extension 'ros'
[0.225s] DEBUG:colcon.colcon_core.package_identification:Package 'src/vrx/vrx_urdf/vrx_gazebo' with type 'ros.ament_cmake' and name 'vrx_gazebo'
[0.225s] Level 1:colcon.colcon_core.package_identification:_identify(src/vrx/vrx_urdf/wamv_description) by extensions ['ignore', 'ignore_ament_install']
[0.226s] Level 1:colcon.colcon_core.package_identification:_identify(src/vrx/vrx_urdf/wamv_description) by extension 'ignore'
[0.226s] Level 1:colcon.colcon_core.package_identification:_identify(src/vrx/vrx_urdf/wamv_description) by extension 'ignore_ament_install'
[0.226s] Level 1:colcon.colcon_core.package_identification:_identify(src/vrx/vrx_urdf/wamv_description) by extensions ['colcon_pkg']
[0.226s] Level 1:colcon.colcon_core.package_identification:_identify(src/vrx/vrx_urdf/wamv_description) by extension 'colcon_pkg'
[0.226s] Level 1:colcon.colcon_core.package_identification:_identify(src/vrx/vrx_urdf/wamv_description) by extensions ['colcon_meta']
[0.226s] Level 1:colcon.colcon_core.package_identification:_identify(src/vrx/vrx_urdf/wamv_description) by extension 'colcon_meta'
[0.226s] Level 1:colcon.colcon_core.package_identification:_identify(src/vrx/vrx_urdf/wamv_description) by extensions ['ros']
[0.226s] Level 1:colcon.colcon_core.package_identification:_identify(src/vrx/vrx_urdf/wamv_description) by extension 'ros'
[0.226s] DEBUG:colcon.colcon_core.package_identification:Package 'src/vrx/vrx_urdf/wamv_description' with type 'ros.ament_cmake' and name 'wamv_description'
[0.226s] Level 1:colcon.colcon_core.package_identification:_identify(src/vrx/vrx_urdf/wamv_gazebo) by extensions ['ignore', 'ignore_ament_install']
[0.226s] Level 1:colcon.colcon_core.package_identification:_identify(src/vrx/vrx_urdf/wamv_gazebo) by extension 'ignore'
[0.227s] Level 1:colcon.colcon_core.package_identification:_identify(src/vrx/vrx_urdf/wamv_gazebo) by extension 'ignore_ament_install'
[0.227s] Level 1:colcon.colcon_core.package_identification:_identify(src/vrx/vrx_urdf/wamv_gazebo) by extensions ['colcon_pkg']
[0.227s] Level 1:colcon.colcon_core.package_identification:_identify(src/vrx/vrx_urdf/wamv_gazebo) by extension 'colcon_pkg'
[0.227s] Level 1:colcon.colcon_core.package_identification:_identify(src/vrx/vrx_urdf/wamv_gazebo) by extensions ['colcon_meta']
[0.227s] Level 1:colcon.colcon_core.package_identification:_identify(src/vrx/vrx_urdf/wamv_gazebo) by extension 'colcon_meta'
[0.227s] Level 1:colcon.colcon_core.package_identification:_identify(src/vrx/vrx_urdf/wamv_gazebo) by extensions ['ros']
[0.227s] Level 1:colcon.colcon_core.package_identification:_identify(src/vrx/vrx_urdf/wamv_gazebo) by extension 'ros'
[0.227s] DEBUG:colcon.colcon_core.package_identification:Package 'src/vrx/vrx_urdf/wamv_gazebo' with type 'ros.ament_cmake' and name 'wamv_gazebo'
[0.227s] Level 1:colcon.colcon_core.package_discovery:discover_packages(recursive) using defaults
[0.249s] Level 1:colcon.colcon_core.package_discovery:discover_packages(prefix_path) check parameters
[0.249s] Level 1:colcon.colcon_core.package_discovery:discover_packages(prefix_path) discover
[0.250s] DEBUG:colcon.colcon_installed_package_information.package_discovery:Found 10 installed packages in /home/newman/vrx_ws/src/mission_windwatch/install
[0.251s] DEBUG:colcon.colcon_installed_package_information.package_discovery:Found 283 installed packages in /opt/ros/humble
[0.252s] Level 1:colcon.colcon_core.package_discovery:discover_packages(prefix_path) using defaults
[0.281s] Level 5:colcon.colcon_core.verb:set package 'aquabot_example' build argument 'cmake_args' from command line to 'None'
[0.281s] Level 5:colcon.colcon_core.verb:set package 'aquabot_example' build argument 'cmake_target' from command line to 'None'
[0.281s] Level 5:colcon.colcon_core.verb:set package 'aquabot_example' build argument 'cmake_target_skip_unavailable' from command line to 'False'
[0.281s] Level 5:colcon.colcon_core.verb:set package 'aquabot_example' build argument 'cmake_clean_cache' from command line to 'False'
[0.281s] Level 5:colcon.colcon_core.verb:set package 'aquabot_example' build argument 'cmake_clean_first' from command line to 'False'
[0.281s] Level 5:colcon.colcon_core.verb:set package 'aquabot_example' build argument 'cmake_force_configure' from command line to 'False'
[0.281s] Level 5:colcon.colcon_core.verb:set package 'aquabot_example' build argument 'ament_cmake_args' from command line to 'None'
[0.281s] Level 5:colcon.colcon_core.verb:set package 'aquabot_example' build argument 'catkin_cmake_args' from command line to 'None'
[0.281s] Level 5:colcon.colcon_core.verb:set package 'aquabot_example' build argument 'catkin_skip_building_tests' from command line to 'False'
[0.281s] DEBUG:colcon.colcon_core.verb:Building package 'aquabot_example' with the following arguments: {'ament_cmake_args': None, 'build_base': '/home/newman/vrx_ws/src/mission_windwatch/build/aquabot_example', 'catkin_cmake_args': None, 'catkin_skip_building_tests': False, 'cmake_args': None, 'cmake_clean_cache': False, 'cmake_clean_first': False, 'cmake_force_configure': False, 'cmake_target': None, 'cmake_target_skip_unavailable': False, 'install_base': '/home/newman/vrx_ws/src/mission_windwatch/install', 'merge_install': True, 'path': '/home/newman/vrx_ws/src/mission_windwatch/src/aquabot_competitor/aquabot_examples/aquabot_example', 'symlink_install': False, 'test_result_base': None}
[0.281s] Level 5:colcon.colcon_core.verb:set package 'aquabot_python' build argument 'cmake_args' from command line to 'None'
[0.281s] Level 5:colcon.colcon_core.verb:set package 'aquabot_python' build argument 'cmake_target' from command line to 'None'
[0.281s] Level 5:colcon.colcon_core.verb:set package 'aquabot_python' build argument 'cmake_target_skip_unavailable' from command line to 'False'
[0.281s] Level 5:colcon.colcon_core.verb:set package 'aquabot_python' build argument 'cmake_clean_cache' from command line to 'False'
[0.281s] Level 5:colcon.colcon_core.verb:set package 'aquabot_python' build argument 'cmake_clean_first' from command line to 'False'
[0.281s] Level 5:colcon.colcon_core.verb:set package 'aquabot_python' build argument 'cmake_force_configure' from command line to 'False'
[0.281s] Level 5:colcon.colcon_core.verb:set package 'aquabot_python' build argument 'ament_cmake_args' from command line to 'None'
[0.281s] Level 5:colcon.colcon_core.verb:set package 'aquabot_python' build argument 'catkin_cmake_args' from command line to 'None'
[0.281s] Level 5:colcon.colcon_core.verb:set package 'aquabot_python' build argument 'catkin_skip_building_tests' from command line to 'False'
[0.281s] DEBUG:colcon.colcon_core.verb:Building package 'aquabot_python' with the following arguments: {'ament_cmake_args': None, 'build_base': '/home/newman/vrx_ws/src/mission_windwatch/build/aquabot_python', 'catkin_cmake_args': None, 'catkin_skip_building_tests': False, 'cmake_args': None, 'cmake_clean_cache': False, 'cmake_clean_first': False, 'cmake_force_configure': False, 'cmake_target': None, 'cmake_target_skip_unavailable': False, 'install_base': '/home/newman/vrx_ws/src/mission_windwatch/install', 'merge_install': True, 'path': '/home/newman/vrx_ws/src/mission_windwatch/src/aquabot/aquabot_python', 'symlink_install': False, 'test_result_base': None}
[0.282s] Level 5:colcon.colcon_core.verb:set package 'mission_manager' build argument 'cmake_args' from command line to 'None'
[0.282s] Level 5:colcon.colcon_core.verb:set package 'mission_manager' build argument 'cmake_target' from command line to 'None'
[0.282s] Level 5:colcon.colcon_core.verb:set package 'mission_manager' build argument 'cmake_target_skip_unavailable' from command line to 'False'
[0.282s] Level 5:colcon.colcon_core.verb:set package 'mission_manager' build argument 'cmake_clean_cache' from command line to 'False'
[0.282s] Level 5:colcon.colcon_core.verb:set package 'mission_manager' build argument 'cmake_clean_first' from command line to 'False'
[0.282s] Level 5:colcon.colcon_core.verb:set package 'mission_manager' build argument 'cmake_force_configure' from command line to 'False'
[0.282s] Level 5:colcon.colcon_core.verb:set package 'mission_manager' build argument 'ament_cmake_args' from command line to 'None'
[0.282s] Level 5:colcon.colcon_core.verb:set package 'mission_manager' build argument 'catkin_cmake_args' from command line to 'None'
[0.282s] Level 5:colcon.colcon_core.verb:set package 'mission_manager' build argument 'catkin_skip_building_tests' from command line to 'False'
[0.282s] DEBUG:colcon.colcon_core.verb:Building package 'mission_manager' with the following arguments: {'ament_cmake_args': None, 'build_base': '/home/newman/vrx_ws/src/mission_windwatch/build/mission_manager', 'catkin_cmake_args': None, 'catkin_skip_building_tests': False, 'cmake_args': None, 'cmake_clean_cache': False, 'cmake_clean_first': False, 'cmake_force_configure': False, 'cmake_target': None, 'cmake_target_skip_unavailable': False, 'install_base': '/home/newman/vrx_ws/src/mission_windwatch/install', 'merge_install': True, 'path': '/home/newman/vrx_ws/src/mission_windwatch/src/mission_manager', 'symlink_install': False, 'test_result_base': None}
[0.282s] Level 5:colcon.colcon_core.verb:set package 'my_team_package' build argument 'cmake_args' from command line to 'None'
[0.282s] Level 5:colcon.colcon_core.verb:set package 'my_team_package' build argument 'cmake_target' from command line to 'None'
[0.282s] Level 5:colcon.colcon_core.verb:set package 'my_team_package' build argument 'cmake_target_skip_unavailable' from command line to 'False'
[0.282s] Level 5:colcon.colcon_core.verb:set package 'my_team_package' build argument 'cmake_clean_cache' from command line to 'False'
[0.282s] Level 5:colcon.colcon_core.verb:set package 'my_team_package' build argument 'cmake_clean_first' from command line to 'False'
[0.282s] Level 5:colcon.colcon_core.verb:set package 'my_team_package' build argument 'cmake_force_configure' from command line to 'False'
[0.282s] Level 5:colcon.colcon_core.verb:set package 'my_team_package' build argument 'ament_cmake_args' from command line to 'None'
[0.282s] Level 5:colcon.colcon_core.verb:set package 'my_team_package' build argument 'catkin_cmake_args' from command line to 'None'
[0.282s] Level 5:colcon.colcon_core.verb:set package 'my_team_package' build argument 'catkin_skip_building_tests' from command line to 'False'
[0.282s] DEBUG:colcon.colcon_core.verb:Building package 'my_team_package' with the following arguments: {'ament_cmake_args': None, 'build_base': '/home/newman/vrx_ws/src/mission_windwatch/build/my_team_package', 'catkin_cmake_args': None, 'catkin_skip_building_tests': False, 'cmake_args': None, 'cmake_clean_cache': False, 'cmake_clean_first': False, 'cmake_force_configure': False, 'cmake_target': None, 'cmake_target_skip_unavailable': False, 'install_base': '/home/newman/vrx_ws/src/mission_windwatch/install', 'merge_install': True, 'path': '/home/newman/vrx_ws/src/mission_windwatch/src/aquabot_competitor/my_team_package', 'symlink_install': False, 'test_result_base': None}
[0.282s] Level 5:colcon.colcon_core.verb:set package 'navigation' build argument 'cmake_args' from command line to 'None'
[0.282s] Level 5:colcon.colcon_core.verb:set package 'navigation' build argument 'cmake_target' from command line to 'None'
[0.283s] Level 5:colcon.colcon_core.verb:set package 'navigation' build argument 'cmake_target_skip_unavailable' from command line to 'False'
[0.283s] Level 5:colcon.colcon_core.verb:set package 'navigation' build argument 'cmake_clean_cache' from command line to 'False'
[0.283s] Level 5:colcon.colcon_core.verb:set package 'navigation' build argument 'cmake_clean_first' from command line to 'False'
[0.283s] Level 5:colcon.colcon_core.verb:set package 'navigation' build argument 'cmake_force_configure' from command line to 'False'
[0.283s] Level 5:colcon.colcon_core.verb:set package 'navigation' build argument 'ament_cmake_args' from command line to 'None'
[0.283s] Level 5:colcon.colcon_core.verb:set package 'navigation' build argument 'catkin_cmake_args' from command line to 'None'
[0.283s] Level 5:colcon.colcon_core.verb:set package 'navigation' build argument 'catkin_skip_building_tests' from command line to 'False'
[0.283s] DEBUG:colcon.colcon_core.verb:Building package 'navigation' with the following arguments: {'ament_cmake_args': None, 'build_base': '/home/newman/vrx_ws/src/mission_windwatch/build/navigation', 'catkin_cmake_args': None, 'catkin_skip_building_tests': False, 'cmake_args': None, 'cmake_clean_cache': False, 'cmake_clean_first': False, 'cmake_force_configure': False, 'cmake_target': None, 'cmake_target_skip_unavailable': False, 'install_base': '/home/newman/vrx_ws/src/mission_windwatch/install', 'merge_install': True, 'path': '/home/newman/vrx_ws/src/mission_windwatch/src/navigation', 'symlink_install': False, 'test_result_base': None}
[0.283s] Level 5:colcon.colcon_core.verb:set package 'opencv_example' build argument 'cmake_args' from command line to 'None'
[0.283s] Level 5:colcon.colcon_core.verb:set package 'opencv_example' build argument 'cmake_target' from command line to 'None'
[0.283s] Level 5:colcon.colcon_core.verb:set package 'opencv_example' build argument 'cmake_target_skip_unavailable' from command line to 'False'
[0.283s] Level 5:colcon.colcon_core.verb:set package 'opencv_example' build argument 'cmake_clean_cache' from command line to 'False'
[0.283s] Level 5:colcon.colcon_core.verb:set package 'opencv_example' build argument 'cmake_clean_first' from command line to 'False'
[0.283s] Level 5:colcon.colcon_core.verb:set package 'opencv_example' build argument 'cmake_force_configure' from command line to 'False'
[0.283s] Level 5:colcon.colcon_core.verb:set package 'opencv_example' build argument 'ament_cmake_args' from command line to 'None'
[0.283s] Level 5:colcon.colcon_core.verb:set package 'opencv_example' build argument 'catkin_cmake_args' from command line to 'None'
[0.283s] Level 5:colcon.colcon_core.verb:set package 'opencv_example' build argument 'catkin_skip_building_tests' from command line to 'False'
[0.283s] DEBUG:colcon.colcon_core.verb:Building package 'opencv_example' with the following arguments: {'ament_cmake_args': None, 'build_base': '/home/newman/vrx_ws/src/mission_windwatch/build/opencv_example', 'catkin_cmake_args': None, 'catkin_skip_building_tests': False, 'cmake_args': None, 'cmake_clean_cache': False, 'cmake_clean_first': False, 'cmake_force_configure': False, 'cmake_target': None, 'cmake_target_skip_unavailable': False, 'install_base': '/home/newman/vrx_ws/src/mission_windwatch/install', 'merge_install': True, 'path': '/home/newman/vrx_ws/src/mission_windwatch/src/aquabot_competitor/aquabot_examples/opencv_example', 'symlink_install': False, 'test_result_base': None}
[0.283s] Level 5:colcon.colcon_core.verb:set package 'package_example' build argument 'cmake_args' from command line to 'None'
[0.283s] Level 5:colcon.colcon_core.verb:set package 'package_example' build argument 'cmake_target' from command line to 'None'
[0.283s] Level 5:colcon.colcon_core.verb:set package 'package_example' build argument 'cmake_target_skip_unavailable' from command line to 'False'
[0.283s] Level 5:colcon.colcon_core.verb:set package 'package_example' build argument 'cmake_clean_cache' from command line to 'False'
[0.283s] Level 5:colcon.colcon_core.verb:set package 'package_example' build argument 'cmake_clean_first' from command line to 'False'
[0.283s] Level 5:colcon.colcon_core.verb:set package 'package_example' build argument 'cmake_force_configure' from command line to 'False'
[0.283s] Level 5:colcon.colcon_core.verb:set package 'package_example' build argument 'ament_cmake_args' from command line to 'None'
[0.283s] Level 5:colcon.colcon_core.verb:set package 'package_example' build argument 'catkin_cmake_args' from command line to 'None'
[0.284s] Level 5:colcon.colcon_core.verb:set package 'package_example' build argument 'catkin_skip_building_tests' from command line to 'False'
[0.284s] DEBUG:colcon.colcon_core.verb:Building package 'package_example' with the following arguments: {'ament_cmake_args': None, 'build_base': '/home/newman/vrx_ws/src/mission_windwatch/build/package_example', 'catkin_cmake_args': None, 'catkin_skip_building_tests': False, 'cmake_args': None, 'cmake_clean_cache': False, 'cmake_clean_first': False, 'cmake_force_configure': False, 'cmake_target': None, 'cmake_target_skip_unavailable': False, 'install_base': '/home/newman/vrx_ws/src/mission_windwatch/install', 'merge_install': True, 'path': '/home/newman/vrx_ws/src/mission_windwatch/src/aquabot_competitor/aquabot_examples/package_example', 'symlink_install': False, 'test_result_base': None}
[0.284s] Level 5:colcon.colcon_core.verb:set package 'sensors' build argument 'cmake_args' from command line to 'None'
[0.284s] Level 5:colcon.colcon_core.verb:set package 'sensors' build argument 'cmake_target' from command line to 'None'
[0.284s] Level 5:colcon.colcon_core.verb:set package 'sensors' build argument 'cmake_target_skip_unavailable' from command line to 'False'
[0.284s] Level 5:colcon.colcon_core.verb:set package 'sensors' build argument 'cmake_clean_cache' from command line to 'False'
[0.284s] Level 5:colcon.colcon_core.verb:set package 'sensors' build argument 'cmake_clean_first' from command line to 'False'
[0.284s] Level 5:colcon.colcon_core.verb:set package 'sensors' build argument 'cmake_force_configure' from command line to 'False'
[0.284s] Level 5:colcon.colcon_core.verb:set package 'sensors' build argument 'ament_cmake_args' from command line to 'None'
[0.284s] Level 5:colcon.colcon_core.verb:set package 'sensors' build argument 'catkin_cmake_args' from command line to 'None'
[0.284s] Level 5:colcon.colcon_core.verb:set package 'sensors' build argument 'catkin_skip_building_tests' from command line to 'False'
[0.284s] DEBUG:colcon.colcon_core.verb:Building package 'sensors' with the following arguments: {'ament_cmake_args': None, 'build_base': '/home/newman/vrx_ws/src/mission_windwatch/build/sensors', 'catkin_cmake_args': None, 'catkin_skip_building_tests': False, 'cmake_args': None, 'cmake_clean_cache': False, 'cmake_clean_first': False, 'cmake_force_configure': False, 'cmake_target': None, 'cmake_target_skip_unavailable': False, 'install_base': '/home/newman/vrx_ws/src/mission_windwatch/install', 'merge_install': True, 'path': '/home/newman/vrx_ws/src/mission_windwatch/src/sensors', 'symlink_install': False, 'test_result_base': None}
[0.284s] Level 5:colcon.colcon_core.verb:set package 'visualization' build argument 'cmake_args' from command line to 'None'
[0.284s] Level 5:colcon.colcon_core.verb:set package 'visualization' build argument 'cmake_target' from command line to 'None'
[0.284s] Level 5:colcon.colcon_core.verb:set package 'visualization' build argument 'cmake_target_skip_unavailable' from command line to 'False'
[0.284s] Level 5:colcon.colcon_core.verb:set package 'visualization' build argument 'cmake_clean_cache' from command line to 'False'
[0.284s] Level 5:colcon.colcon_core.verb:set package 'visualization' build argument 'cmake_clean_first' from command line to 'False'
[0.284s] Level 5:colcon.colcon_core.verb:set package 'visualization' build argument 'cmake_force_configure' from command line to 'False'
[0.284s] Level 5:colcon.colcon_core.verb:set package 'visualization' build argument 'ament_cmake_args' from command line to 'None'
[0.284s] Level 5:colcon.colcon_core.verb:set package 'visualization' build argument 'catkin_cmake_args' from command line to 'None'
[0.284s] Level 5:colcon.colcon_core.verb:set package 'visualization' build argument 'catkin_skip_building_tests' from command line to 'False'
[0.284s] DEBUG:colcon.colcon_core.verb:Building package 'visualization' with the following arguments: {'ament_cmake_args': None, 'build_base': '/home/newman/vrx_ws/src/mission_windwatch/build/visualization', 'catkin_cmake_args': None, 'catkin_skip_building_tests': False, 'cmake_args': None, 'cmake_clean_cache': False, 'cmake_clean_first': False, 'cmake_force_configure': False, 'cmake_target': None, 'cmake_target_skip_unavailable': False, 'install_base': '/home/newman/vrx_ws/src/mission_windwatch/install', 'merge_install': True, 'path': '/home/newman/vrx_ws/src/mission_windwatch/src/visualization', 'symlink_install': False, 'test_result_base': None}
[0.285s] Level 5:colcon.colcon_core.verb:set package 'vrx_gazebo' build argument 'cmake_args' from command line to 'None'
[0.285s] Level 5:colcon.colcon_core.verb:set package 'vrx_gazebo' build argument 'cmake_target' from command line to 'None'
[0.285s] Level 5:colcon.colcon_core.verb:set package 'vrx_gazebo' build argument 'cmake_target_skip_unavailable' from command line to 'False'
[0.285s] Level 5:colcon.colcon_core.verb:set package 'vrx_gazebo' build argument 'cmake_clean_cache' from command line to 'False'
[0.285s] Level 5:colcon.colcon_core.verb:set package 'vrx_gazebo' build argument 'cmake_clean_first' from command line to 'False'
[0.285s] Level 5:colcon.colcon_core.verb:set package 'vrx_gazebo' build argument 'cmake_force_configure' from command line to 'False'
[0.285s] Level 5:colcon.colcon_core.verb:set package 'vrx_gazebo' build argument 'ament_cmake_args' from command line to 'None'
[0.285s] Level 5:colcon.colcon_core.verb:set package 'vrx_gazebo' build argument 'catkin_cmake_args' from command line to 'None'
[0.285s] Level 5:colcon.colcon_core.verb:set package 'vrx_gazebo' build argument 'catkin_skip_building_tests' from command line to 'False'
[0.285s] DEBUG:colcon.colcon_core.verb:Building package 'vrx_gazebo' with the following arguments: {'ament_cmake_args': None, 'build_base': '/home/newman/vrx_ws/src/mission_windwatch/build/vrx_gazebo', 'catkin_cmake_args': None, 'catkin_skip_building_tests': False, 'cmake_args': None, 'cmake_clean_cache': False, 'cmake_clean_first': False, 'cmake_force_configure': False, 'cmake_target': None, 'cmake_target_skip_unavailable': False, 'install_base': '/home/newman/vrx_ws/src/mission_windwatch/install', 'merge_install': True, 'path': '/home/newman/vrx_ws/src/mission_windwatch/src/vrx/vrx_urdf/vrx_gazebo', 'symlink_install': False, 'test_result_base': None}
[0.285s] Level 5:colcon.colcon_core.verb:set package 'vrx_ros' build argument 'cmake_args' from command line to 'None'
[0.285s] Level 5:colcon.colcon_core.verb:set package 'vrx_ros' build argument 'cmake_target' from command line to 'None'
[0.285s] Level 5:colcon.colcon_core.verb:set package 'vrx_ros' build argument 'cmake_target_skip_unavailable' from command line to 'False'
[0.285s] Level 5:colcon.colcon_core.verb:set package 'vrx_ros' build argument 'cmake_clean_cache' from command line to 'False'
[0.285s] Level 5:colcon.colcon_core.verb:set package 'vrx_ros' build argument 'cmake_clean_first' from command line to 'False'
[0.285s] Level 5:colcon.colcon_core.verb:set package 'vrx_ros' build argument 'cmake_force_configure' from command line to 'False'
[0.285s] Level 5:colcon.colcon_core.verb:set package 'vrx_ros' build argument 'ament_cmake_args' from command line to 'None'
[0.285s] Level 5:colcon.colcon_core.verb:set package 'vrx_ros' build argument 'catkin_cmake_args' from command line to 'None'
[0.285s] Level 5:colcon.colcon_core.verb:set package 'vrx_ros' build argument 'catkin_skip_building_tests' from command line to 'False'
[0.285s] DEBUG:colcon.colcon_core.verb:Building package 'vrx_ros' with the following arguments: {'ament_cmake_args': None, 'build_base': '/home/newman/vrx_ws/src/mission_windwatch/build/vrx_ros', 'catkin_cmake_args': None, 'catkin_skip_building_tests': False, 'cmake_args': None, 'cmake_clean_cache': False, 'cmake_clean_first': False, 'cmake_force_configure': False, 'cmake_target': None, 'cmake_target_skip_unavailable': False, 'install_base': '/home/newman/vrx_ws/src/mission_windwatch/install', 'merge_install': True, 'path': '/home/newman/vrx_ws/src/mission_windwatch/src/vrx/vrx_ros', 'symlink_install': False, 'test_result_base': None}
[0.286s] Level 5:colcon.colcon_core.verb:set package 'aquabot_description' build argument 'cmake_args' from command line to 'None'
[0.286s] Level 5:colcon.colcon_core.verb:set package 'aquabot_description' build argument 'cmake_target' from command line to 'None'
[0.286s] Level 5:colcon.colcon_core.verb:set package 'aquabot_description' build argument 'cmake_target_skip_unavailable' from command line to 'False'
[0.286s] Level 5:colcon.colcon_core.verb:set package 'aquabot_description' build argument 'cmake_clean_cache' from command line to 'False'
[0.286s] Level 5:colcon.colcon_core.verb:set package 'aquabot_description' build argument 'cmake_clean_first' from command line to 'False'
[0.286s] Level 5:colcon.colcon_core.verb:set package 'aquabot_description' build argument 'cmake_force_configure' from command line to 'False'
[0.286s] Level 5:colcon.colcon_core.verb:set package 'aquabot_description' build argument 'ament_cmake_args' from command line to 'None'
[0.286s] Level 5:colcon.colcon_core.verb:set package 'aquabot_description' build argument 'catkin_cmake_args' from command line to 'None'
[0.286s] Level 5:colcon.colcon_core.verb:set package 'aquabot_description' build argument 'catkin_skip_building_tests' from command line to 'False'
[0.286s] DEBUG:colcon.colcon_core.verb:Building package 'aquabot_description' with the following arguments: {'ament_cmake_args': None, 'build_base': '/home/newman/vrx_ws/src/mission_windwatch/build/aquabot_description', 'catkin_cmake_args': None, 'catkin_skip_building_tests': False, 'cmake_args': None, 'cmake_clean_cache': False, 'cmake_clean_first': False, 'cmake_force_configure': False, 'cmake_target': None, 'cmake_target_skip_unavailable': False, 'install_base': '/home/newman/vrx_ws/src/mission_windwatch/install', 'merge_install': True, 'path': '/home/newman/vrx_ws/src/mission_windwatch/src/aquabot/aquabot_urdf/aquabot_description', 'symlink_install': False, 'test_result_base': None}
[0.286s] Level 5:colcon.colcon_core.verb:set package 'vrx_gz' build argument 'cmake_args' from command line to 'None'
[0.286s] Level 5:colcon.colcon_core.verb:set package 'vrx_gz' build argument 'cmake_target' from command line to 'None'
[0.286s] Level 5:colcon.colcon_core.verb:set package 'vrx_gz' build argument 'cmake_target_skip_unavailable' from command line to 'False'
[0.286s] Level 5:colcon.colcon_core.verb:set package 'vrx_gz' build argument 'cmake_clean_cache' from command line to 'False'
[0.286s] Level 5:colcon.colcon_core.verb:set package 'vrx_gz' build argument 'cmake_clean_first' from command line to 'False'
[0.286s] Level 5:colcon.colcon_core.verb:set package 'vrx_gz' build argument 'cmake_force_configure' from command line to 'False'
[0.286s] Level 5:colcon.colcon_core.verb:set package 'vrx_gz' build argument 'ament_cmake_args' from command line to 'None'
[0.286s] Level 5:colcon.colcon_core.verb:set package 'vrx_gz' build argument 'catkin_cmake_args' from command line to 'None'
[0.286s] Level 5:colcon.colcon_core.verb:set package 'vrx_gz' build argument 'catkin_skip_building_tests' from command line to 'False'
[0.286s] DEBUG:colcon.colcon_core.verb:Building package 'vrx_gz' with the following arguments: {'ament_cmake_args': None, 'build_base': '/home/newman/vrx_ws/src/mission_windwatch/build/vrx_gz', 'catkin_cmake_args': None, 'catkin_skip_building_tests': False, 'cmake_args': None, 'cmake_clean_cache': False, 'cmake_clean_first': False, 'cmake_force_configure': False, 'cmake_target': None, 'cmake_target_skip_unavailable': False, 'install_base': '/home/newman/vrx_ws/src/mission_windwatch/install', 'merge_install': True, 'path': '/home/newman/vrx_ws/src/mission_windwatch/src/vrx/vrx_gz', 'symlink_install': False, 'test_result_base': None}
[0.286s] Level 5:colcon.colcon_core.verb:set package 'wamv_description' build argument 'cmake_args' from command line to 'None'
[0.286s] Level 5:colcon.colcon_core.verb:set package 'wamv_description' build argument 'cmake_target' from command line to 'None'
[0.286s] Level 5:colcon.colcon_core.verb:set package 'wamv_description' build argument 'cmake_target_skip_unavailable' from command line to 'False'
[0.286s] Level 5:colcon.colcon_core.verb:set package 'wamv_description' build argument 'cmake_clean_cache' from command line to 'False'
[0.286s] Level 5:colcon.colcon_core.verb:set package 'wamv_description' build argument 'cmake_clean_first' from command line to 'False'
[0.287s] Level 5:colcon.colcon_core.verb:set package 'wamv_description' build argument 'cmake_force_configure' from command line to 'False'
[0.287s] Level 5:colcon.colcon_core.verb:set package 'wamv_description' build argument 'ament_cmake_args' from command line to 'None'
[0.287s] Level 5:colcon.colcon_core.verb:set package 'wamv_description' build argument 'catkin_cmake_args' from command line to 'None'
[0.287s] Level 5:colcon.colcon_core.verb:set package 'wamv_description' build argument 'catkin_skip_building_tests' from command line to 'False'
[0.287s] DEBUG:colcon.colcon_core.verb:Building package 'wamv_description' with the following arguments: {'ament_cmake_args': None, 'build_base': '/home/newman/vrx_ws/src/mission_windwatch/build/wamv_description', 'catkin_cmake_args': None, 'catkin_skip_building_tests': False, 'cmake_args': None, 'cmake_clean_cache': False, 'cmake_clean_first': False, 'cmake_force_configure': False, 'cmake_target': None, 'cmake_target_skip_unavailable': False, 'install_base': '/home/newman/vrx_ws/src/mission_windwatch/install', 'merge_install': True, 'path': '/home/newman/vrx_ws/src/mission_windwatch/src/vrx/vrx_urdf/wamv_description', 'symlink_install': False, 'test_result_base': None}
[0.287s] Level 5:colcon.colcon_core.verb:set package 'aquabot_gz' build argument 'cmake_args' from command line to 'None'
[0.287s] Level 5:colcon.colcon_core.verb:set package 'aquabot_gz' build argument 'cmake_target' from command line to 'None'
[0.287s] Level 5:colcon.colcon_core.verb:set package 'aquabot_gz' build argument 'cmake_target_skip_unavailable' from command line to 'False'
[0.287s] Level 5:colcon.colcon_core.verb:set package 'aquabot_gz' build argument 'cmake_clean_cache' from command line to 'False'
[0.287s] Level 5:colcon.colcon_core.verb:set package 'aquabot_gz' build argument 'cmake_clean_first' from command line to 'False'
[0.287s] Level 5:colcon.colcon_core.verb:set package 'aquabot_gz' build argument 'cmake_force_configure' from command line to 'False'
[0.287s] Level 5:colcon.colcon_core.verb:set package 'aquabot_gz' build argument 'ament_cmake_args' from command line to 'None'
[0.287s] Level 5:colcon.colcon_core.verb:set package 'aquabot_gz' build argument 'catkin_cmake_args' from command line to 'None'
[0.287s] Level 5:colcon.colcon_core.verb:set package 'aquabot_gz' build argument 'catkin_skip_building_tests' from command line to 'False'
[0.287s] DEBUG:colcon.colcon_core.verb:Building package 'aquabot_gz' with the following arguments: {'ament_cmake_args': None, 'build_base': '/home/newman/vrx_ws/src/mission_windwatch/build/aquabot_gz', 'catkin_cmake_args': None, 'catkin_skip_building_tests': False, 'cmake_args': None, 'cmake_clean_cache': False, 'cmake_clean_first': False, 'cmake_force_configure': False, 'cmake_target': None, 'cmake_target_skip_unavailable': False, 'install_base': '/home/newman/vrx_ws/src/mission_windwatch/install', 'merge_install': True, 'path': '/home/newman/vrx_ws/src/mission_windwatch/src/aquabot/aquabot_gz', 'symlink_install': False, 'test_result_base': None}
[0.287s] Level 5:colcon.colcon_core.verb:set package 'wamv_gazebo' build argument 'cmake_args' from command line to 'None'
[0.287s] Level 5:colcon.colcon_core.verb:set package 'wamv_gazebo' build argument 'cmake_target' from command line to 'None'
[0.287s] Level 5:colcon.colcon_core.verb:set package 'wamv_gazebo' build argument 'cmake_target_skip_unavailable' from command line to 'False'
[0.287s] Level 5:colcon.colcon_core.verb:set package 'wamv_gazebo' build argument 'cmake_clean_cache' from command line to 'False'
[0.287s] Level 5:colcon.colcon_core.verb:set package 'wamv_gazebo' build argument 'cmake_clean_first' from command line to 'False'
[0.287s] Level 5:colcon.colcon_core.verb:set package 'wamv_gazebo' build argument 'cmake_force_configure' from command line to 'False'
[0.287s] Level 5:colcon.colcon_core.verb:set package 'wamv_gazebo' build argument 'ament_cmake_args' from command line to 'None'
[0.287s] Level 5:colcon.colcon_core.verb:set package 'wamv_gazebo' build argument 'catkin_cmake_args' from command line to 'None'
[0.287s] Level 5:colcon.colcon_core.verb:set package 'wamv_gazebo' build argument 'catkin_skip_building_tests' from command line to 'False'
[0.287s] DEBUG:colcon.colcon_core.verb:Building package 'wamv_gazebo' with the following arguments: {'ament_cmake_args': None, 'build_base': '/home/newman/vrx_ws/src/mission_windwatch/build/wamv_gazebo', 'catkin_cmake_args': None, 'catkin_skip_building_tests': False, 'cmake_args': None, 'cmake_clean_cache': False, 'cmake_clean_first': False, 'cmake_force_configure': False, 'cmake_target': None, 'cmake_target_skip_unavailable': False, 'install_base': '/home/newman/vrx_ws/src/mission_windwatch/install', 'merge_install': True, 'path': '/home/newman/vrx_ws/src/mission_windwatch/src/vrx/vrx_urdf/wamv_gazebo', 'symlink_install': False, 'test_result_base': None}
[0.288s] INFO:colcon.colcon_core.executor:Executing jobs using 'parallel' executor
[0.288s] DEBUG:colcon.colcon_parallel_executor.executor.parallel:run_until_complete
[0.289s] INFO:colcon.colcon_ros.task.ament_cmake.build:Building ROS package in '/home/newman/vrx_ws/src/mission_windwatch/src/vrx/vrx_urdf/vrx_gazebo' with build type 'ament_cmake'
[0.289s] INFO:colcon.colcon_cmake.task.cmake.build:Building CMake package in '/home/newman/vrx_ws/src/mission_windwatch/src/vrx/vrx_urdf/vrx_gazebo'
[0.291s] INFO:colcon.colcon_core.plugin_system:Skipping extension 'colcon_core.shell.bat': Not used on non-Windows systems
[0.291s] INFO:colcon.colcon_core.shell:Skip shell extension 'powershell' for command environment: Not usable outside of PowerShell
[0.291s] DEBUG:colcon.colcon_core.shell:Skip shell extension 'dsv' for command environment
[0.293s] INFO:colcon.colcon_ros.task.ament_cmake.build:Building ROS package in '/home/newman/vrx_ws/src/mission_windwatch/src/vrx/vrx_ros' with build type 'ament_cmake'
[0.293s] INFO:colcon.colcon_cmake.task.cmake.build:Building CMake package in '/home/newman/vrx_ws/src/mission_windwatch/src/vrx/vrx_ros'
[0.293s] INFO:colcon.colcon_core.shell:Skip shell extension 'powershell' for command environment: Not usable outside of PowerShell
[0.293s] DEBUG:colcon.colcon_core.shell:Skip shell extension 'dsv' for command environment
[0.296s] INFO:colcon.colcon_ros.task.ament_cmake.build:Building ROS package in '/home/newman/vrx_ws/src/mission_windwatch/src/aquabot_competitor/aquabot_examples/aquabot_example' with build type 'ament_cmake'
[0.296s] INFO:colcon.colcon_cmake.task.cmake.build:Building CMake package in '/home/newman/vrx_ws/src/mission_windwatch/src/aquabot_competitor/aquabot_examples/aquabot_example'
[0.296s] INFO:colcon.colcon_core.shell:Skip shell extension 'powershell' for command environment: Not usable outside of PowerShell
[0.296s] DEBUG:colcon.colcon_core.shell:Skip shell extension 'dsv' for command environment
[0.299s] INFO:colcon.colcon_ros.task.ament_cmake.build:Building ROS package in '/home/newman/vrx_ws/src/mission_windwatch/src/aquabot/aquabot_python' with build type 'ament_cmake'
[0.299s] INFO:colcon.colcon_cmake.task.cmake.build:Building CMake package in '/home/newman/vrx_ws/src/mission_windwatch/src/aquabot/aquabot_python'
[0.299s] INFO:colcon.colcon_core.shell:Skip shell extension 'powershell' for command environment: Not usable outside of PowerShell
[0.299s] DEBUG:colcon.colcon_core.shell:Skip shell extension 'dsv' for command environment
[0.301s] INFO:colcon.colcon_ros.task.ament_cmake.build:Building ROS package in '/home/newman/vrx_ws/src/mission_windwatch/src/mission_manager' with build type 'ament_cmake'
[0.301s] INFO:colcon.colcon_cmake.task.cmake.build:Building CMake package in '/home/newman/vrx_ws/src/mission_windwatch/src/mission_manager'
[0.302s] INFO:colcon.colcon_core.shell:Skip shell extension 'powershell' for command environment: Not usable outside of PowerShell
[0.302s] DEBUG:colcon.colcon_core.shell:Skip shell extension 'dsv' for command environment
[0.304s] INFO:colcon.colcon_ros.task.ament_cmake.build:Building ROS package in '/home/newman/vrx_ws/src/mission_windwatch/src/aquabot_competitor/my_team_package' with build type 'ament_cmake'
[0.304s] INFO:colcon.colcon_cmake.task.cmake.build:Building CMake package in '/home/newman/vrx_ws/src/mission_windwatch/src/aquabot_competitor/my_team_package'
[0.304s] INFO:colcon.colcon_core.shell:Skip shell extension 'powershell' for command environment: Not usable outside of PowerShell
[0.304s] DEBUG:colcon.colcon_core.shell:Skip shell extension 'dsv' for command environment
[0.307s] INFO:colcon.colcon_ros.task.ament_cmake.build:Building ROS package in '/home/newman/vrx_ws/src/mission_windwatch/src/navigation' with build type 'ament_cmake'
[0.308s] INFO:colcon.colcon_cmake.task.cmake.build:Building CMake package in '/home/newman/vrx_ws/src/mission_windwatch/src/navigation'
[0.308s] INFO:colcon.colcon_core.shell:Skip shell extension 'powershell' for command environment: Not usable outside of PowerShell
[0.308s] DEBUG:colcon.colcon_core.shell:Skip shell extension 'dsv' for command environment
[0.311s] INFO:colcon.colcon_ros.task.ament_cmake.build:Building ROS package in '/home/newman/vrx_ws/src/mission_windwatch/src/aquabot_competitor/aquabot_examples/opencv_example' with build type 'ament_cmake'
[0.311s] INFO:colcon.colcon_cmake.task.cmake.build:Building CMake package in '/home/newman/vrx_ws/src/mission_windwatch/src/aquabot_competitor/aquabot_examples/opencv_example'
[0.311s] INFO:colcon.colcon_core.shell:Skip shell extension 'powershell' for command environment: Not usable outside of PowerShell
[0.311s] DEBUG:colcon.colcon_core.shell:Skip shell extension 'dsv' for command environment
[0.313s] INFO:colcon.colcon_ros.task.ament_cmake.build:Building ROS package in '/home/newman/vrx_ws/src/mission_windwatch/src/aquabot_competitor/aquabot_examples/package_example' with build type 'ament_cmake'
[0.313s] INFO:colcon.colcon_cmake.task.cmake.build:Building CMake package in '/home/newman/vrx_ws/src/mission_windwatch/src/aquabot_competitor/aquabot_examples/package_example'
[0.314s] INFO:colcon.colcon_core.shell:Skip shell extension 'powershell' for command environment: Not usable outside of PowerShell
[0.314s] DEBUG:colcon.colcon_core.shell:Skip shell extension 'dsv' for command environment
[0.320s] DEBUG:colcon.colcon_core.event_handler.log_command:Invoking command in '/home/newman/vrx_ws/src/mission_windwatch/build/vrx_gazebo': CMAKE_PREFIX_PATH=/opt/ros/humble /usr/bin/cmake --build /home/newman/vrx_ws/src/mission_windwatch/build/vrx_gazebo -- -j9 -l9
[0.328s] DEBUG:colcon.colcon_core.event_handler.log_command:Invoking command in '/home/newman/vrx_ws/src/mission_windwatch/build/vrx_ros': CMAKE_PREFIX_PATH=/opt/ros/humble /usr/bin/cmake --build /home/newman/vrx_ws/src/mission_windwatch/build/vrx_ros -- -j9 -l9
[0.334s] DEBUG:colcon.colcon_core.event_handler.log_command:Invoking command in '/home/newman/vrx_ws/src/mission_windwatch/build/aquabot_example': CMAKE_PREFIX_PATH=/opt/ros/humble /usr/bin/cmake --build /home/newman/vrx_ws/src/mission_windwatch/build/aquabot_example -- -j9 -l9
[0.335s] DEBUG:colcon.colcon_core.event_handler.log_command:Invoking command in '/home/newman/vrx_ws/src/mission_windwatch/build/aquabot_python': CMAKE_PREFIX_PATH=/opt/ros/humble /usr/bin/cmake --build /home/newman/vrx_ws/src/mission_windwatch/build/aquabot_python -- -j9 -l9
[0.337s] DEBUG:colcon.colcon_core.event_handler.log_command:Invoking command in '/home/newman/vrx_ws/src/mission_windwatch/build/mission_manager': CMAKE_PREFIX_PATH=/opt/ros/humble /usr/bin/cmake --build /home/newman/vrx_ws/src/mission_windwatch/build/mission_manager -- -j9 -l9
[0.340s] DEBUG:colcon.colcon_core.event_handler.log_command:Invoking command in '/home/newman/vrx_ws/src/mission_windwatch/build/my_team_package': CMAKE_PREFIX_PATH=/opt/ros/humble /usr/bin/cmake --build /home/newman/vrx_ws/src/mission_windwatch/build/my_team_package -- -j9 -l9
[0.347s] DEBUG:colcon.colcon_core.event_handler.log_command:Invoking command in '/home/newman/vrx_ws/src/mission_windwatch/build/navigation': CMAKE_PREFIX_PATH=/opt/ros/humble /usr/bin/cmake --build /home/newman/vrx_ws/src/mission_windwatch/build/navigation -- -j9 -l9
[0.352s] DEBUG:colcon.colcon_core.event_handler.log_command:Invoking command in '/home/newman/vrx_ws/src/mission_windwatch/build/opencv_example': CMAKE_PREFIX_PATH=/opt/ros/humble /usr/bin/cmake --build /home/newman/vrx_ws/src/mission_windwatch/build/opencv_example -- -j9 -l9
[0.374s] DEBUG:colcon.colcon_core.event_handler.log_command:Invoking command in '/home/newman/vrx_ws/src/mission_windwatch/build/package_example': CMAKE_PREFIX_PATH=/opt/ros/humble /usr/bin/cmake --build /home/newman/vrx_ws/src/mission_windwatch/build/package_example -- -j9 -l9
[0.418s] DEBUG:colcon.colcon_core.event_handler.log_command:Invoked command in '/home/newman/vrx_ws/src/mission_windwatch/build/aquabot_example' returned '0': CMAKE_PREFIX_PATH=/opt/ros/humble /usr/bin/cmake --build /home/newman/vrx_ws/src/mission_windwatch/build/aquabot_example -- -j9 -l9
[0.423s] DEBUG:colcon.colcon_core.event_handler.log_command:Invoked command in '/home/newman/vrx_ws/src/mission_windwatch/build/my_team_package' returned '0': CMAKE_PREFIX_PATH=/opt/ros/humble /usr/bin/cmake --build /home/newman/vrx_ws/src/mission_windwatch/build/my_team_package -- -j9 -l9
[0.423s] DEBUG:colcon.colcon_core.event_handler.log_command:Invoked command in '/home/newman/vrx_ws/src/mission_windwatch/build/vrx_ros' returned '0': CMAKE_PREFIX_PATH=/opt/ros/humble /usr/bin/cmake --build /home/newman/vrx_ws/src/mission_windwatch/build/vrx_ros -- -j9 -l9
[0.430s] DEBUG:colcon.colcon_core.event_handler.log_command:Invoked command in '/home/newman/vrx_ws/src/mission_windwatch/build/mission_manager' returned '0': CMAKE_PREFIX_PATH=/opt/ros/humble /usr/bin/cmake --build /home/newman/vrx_ws/src/mission_windwatch/build/mission_manager -- -j9 -l9
[0.451s] DEBUG:colcon.colcon_core.event_handler.log_command:Invoking command in '/home/newman/vrx_ws/src/mission_windwatch/build/aquabot_example': CMAKE_PREFIX_PATH=/opt/ros/humble /usr/bin/cmake --install /home/newman/vrx_ws/src/mission_windwatch/build/aquabot_example
[0.452s] DEBUG:colcon.colcon_core.event_handler.log_command:Invoked command in '/home/newman/vrx_ws/src/mission_windwatch/build/navigation' returned '0': CMAKE_PREFIX_PATH=/opt/ros/humble /usr/bin/cmake --build /home/newman/vrx_ws/src/mission_windwatch/build/navigation -- -j9 -l9
[0.463s] DEBUG:colcon.colcon_core.event_handler.log_command:Invoking command in '/home/newman/vrx_ws/src/mission_windwatch/build/my_team_package': CMAKE_PREFIX_PATH=/opt/ros/humble /usr/bin/cmake --install /home/newman/vrx_ws/src/mission_windwatch/build/my_team_package
[0.463s] DEBUG:colcon.colcon_core.event_handler.log_command:Invoking command in '/home/newman/vrx_ws/src/mission_windwatch/build/vrx_ros': CMAKE_PREFIX_PATH=/opt/ros/humble /usr/bin/cmake --install /home/newman/vrx_ws/src/mission_windwatch/build/vrx_ros
[0.479s] DEBUG:colcon.colcon_core.event_handler.log_command:Invoking command in '/home/newman/vrx_ws/src/mission_windwatch/build/mission_manager': CMAKE_PREFIX_PATH=/opt/ros/humble /usr/bin/cmake --install /home/newman/vrx_ws/src/mission_windwatch/build/mission_manager
[0.480s] Level 1:colcon.colcon_core.environment:create_environment_scripts_only(aquabot_example)
[0.480s] DEBUG:colcon.colcon_core.event_handler.log_command:Invoked command in '/home/newman/vrx_ws/src/mission_windwatch/build/aquabot_example' returned '0': CMAKE_PREFIX_PATH=/opt/ros/humble /usr/bin/cmake --install /home/newman/vrx_ws/src/mission_windwatch/build/aquabot_example
[0.483s] Level 1:colcon.colcon_core.environment:checking '/home/newman/vrx_ws/src/mission_windwatch/install' for CMake module files
[0.484s] Level 1:colcon.colcon_core.environment:checking '/home/newman/vrx_ws/src/mission_windwatch/install' for CMake config files
[0.484s] Level 1:colcon.colcon_core.shell:create_environment_hook('aquabot_example', 'cmake_prefix_path')
[0.484s] INFO:colcon.colcon_core.shell:Creating environment hook '/home/newman/vrx_ws/src/mission_windwatch/install/share/aquabot_example/hook/cmake_prefix_path.ps1'
[0.485s] INFO:colcon.colcon_core.shell:Creating environment descriptor '/home/newman/vrx_ws/src/mission_windwatch/install/share/aquabot_example/hook/cmake_prefix_path.dsv'
[0.486s] INFO:colcon.colcon_core.shell:Creating environment hook '/home/newman/vrx_ws/src/mission_windwatch/install/share/aquabot_example/hook/cmake_prefix_path.sh'
[0.487s] Level 1:colcon.colcon_core.environment:checking '/home/newman/vrx_ws/src/mission_windwatch/install/lib'
[0.487s] Level 1:colcon.colcon_core.environment:checking '/home/newman/vrx_ws/src/mission_windwatch/install/bin'
[0.488s] Level 1:colcon.colcon_core.environment:checking '/home/newman/vrx_ws/src/mission_windwatch/install/lib/pkgconfig/aquabot_example.pc'
[0.488s] Level 1:colcon.colcon_core.environment:checking '/home/newman/vrx_ws/src/mission_windwatch/install/lib/python3.10/site-packages'
[0.488s] Level 1:colcon.colcon_core.environment:checking '/home/newman/vrx_ws/src/mission_windwatch/install/bin'
[0.488s] INFO:colcon.colcon_core.shell:Creating package script '/home/newman/vrx_ws/src/mission_windwatch/install/share/aquabot_example/package.ps1'
[0.489s] INFO:colcon.colcon_core.shell:Creating package descriptor '/home/newman/vrx_ws/src/mission_windwatch/install/share/aquabot_example/package.dsv'
[0.498s] INFO:colcon.colcon_core.shell:Creating package script '/home/newman/vrx_ws/src/mission_windwatch/install/share/aquabot_example/package.sh'
[0.499s] INFO:colcon.colcon_core.shell:Creating package script '/home/newman/vrx_ws/src/mission_windwatch/install/share/aquabot_example/package.bash'
[0.499s] INFO:colcon.colcon_core.shell:Creating package script '/home/newman/vrx_ws/src/mission_windwatch/install/share/aquabot_example/package.zsh'
[0.500s] Level 1:colcon.colcon_core.environment:create_file_with_runtime_dependencies(/home/newman/vrx_ws/src/mission_windwatch/install/share/colcon-core/packages/aquabot_example)
[0.501s] Level 1:colcon.colcon_core.environment:create_environment_scripts_only(vrx_ros)
[0.502s] Level 1:colcon.colcon_core.environment:checking '/home/newman/vrx_ws/src/mission_windwatch/install' for CMake module files
[0.502s] DEBUG:colcon.colcon_core.event_handler.log_command:Invoked command in '/home/newman/vrx_ws/src/mission_windwatch/build/vrx_ros' returned '0': CMAKE_PREFIX_PATH=/opt/ros/humble /usr/bin/cmake --install /home/newman/vrx_ws/src/mission_windwatch/build/vrx_ros
[0.502s] Level 1:colcon.colcon_core.environment:checking '/home/newman/vrx_ws/src/mission_windwatch/install' for CMake config files
[0.502s] Level 1:colcon.colcon_core.shell:create_environment_hook('vrx_ros', 'cmake_prefix_path')
[0.503s] INFO:colcon.colcon_core.shell:Creating environment hook '/home/newman/vrx_ws/src/mission_windwatch/install/share/vrx_ros/hook/cmake_prefix_path.ps1'
[0.503s] INFO:colcon.colcon_core.shell:Creating environment descriptor '/home/newman/vrx_ws/src/mission_windwatch/install/share/vrx_ros/hook/cmake_prefix_path.dsv'
[0.503s] INFO:colcon.colcon_core.shell:Creating environment hook '/home/newman/vrx_ws/src/mission_windwatch/install/share/vrx_ros/hook/cmake_prefix_path.sh'
[0.504s] Level 1:colcon.colcon_core.environment:checking '/home/newman/vrx_ws/src/mission_windwatch/install/lib'
[0.504s] Level 1:colcon.colcon_core.environment:checking '/home/newman/vrx_ws/src/mission_windwatch/install/bin'
[0.504s] Level 1:colcon.colcon_core.environment:checking '/home/newman/vrx_ws/src/mission_windwatch/install/lib/pkgconfig/vrx_ros.pc'
[0.504s] Level 1:colcon.colcon_core.environment:checking '/home/newman/vrx_ws/src/mission_windwatch/install/lib/python3.10/site-packages'
[0.504s] Level 1:colcon.colcon_core.environment:checking '/home/newman/vrx_ws/src/mission_windwatch/install/bin'
[0.505s] INFO:colcon.colcon_core.shell:Creating package script '/home/newman/vrx_ws/src/mission_windwatch/install/share/vrx_ros/package.ps1'
[0.505s] INFO:colcon.colcon_core.shell:Creating package descriptor '/home/newman/vrx_ws/src/mission_windwatch/install/share/vrx_ros/package.dsv'
[0.505s] INFO:colcon.colcon_core.shell:Creating package script '/home/newman/vrx_ws/src/mission_windwatch/install/share/vrx_ros/package.sh'
[0.506s] INFO:colcon.colcon_core.shell:Creating package script '/home/newman/vrx_ws/src/mission_windwatch/install/share/vrx_ros/package.bash'
[0.506s] INFO:colcon.colcon_core.shell:Creating package script '/home/newman/vrx_ws/src/mission_windwatch/install/share/vrx_ros/package.zsh'
[0.506s] Level 1:colcon.colcon_core.environment:create_file_with_runtime_dependencies(/home/newman/vrx_ws/src/mission_windwatch/install/share/colcon-core/packages/vrx_ros)
[0.511s] Level 1:colcon.colcon_core.environment:create_environment_scripts_only(my_team_package)
[0.511s] Level 1:colcon.colcon_core.environment:checking '/home/newman/vrx_ws/src/mission_windwatch/install' for CMake module files
[0.512s] DEBUG:colcon.colcon_core.event_handler.log_command:Invoked command in '/home/newman/vrx_ws/src/mission_windwatch/build/my_team_package' returned '0': CMAKE_PREFIX_PATH=/opt/ros/humble /usr/bin/cmake --install /home/newman/vrx_ws/src/mission_windwatch/build/my_team_package
[0.512s] Level 1:colcon.colcon_core.environment:checking '/home/newman/vrx_ws/src/mission_windwatch/install' for CMake config files
[0.512s] Level 1:colcon.colcon_core.shell:create_environment_hook('my_team_package', 'cmake_prefix_path')
[0.512s] INFO:colcon.colcon_core.shell:Creating environment hook '/home/newman/vrx_ws/src/mission_windwatch/install/share/my_team_package/hook/cmake_prefix_path.ps1'
[0.513s] INFO:colcon.colcon_core.shell:Creating environment descriptor '/home/newman/vrx_ws/src/mission_windwatch/install/share/my_team_package/hook/cmake_prefix_path.dsv'
[0.513s] INFO:colcon.colcon_core.shell:Creating environment hook '/home/newman/vrx_ws/src/mission_windwatch/install/share/my_team_package/hook/cmake_prefix_path.sh'
[0.513s] Level 1:colcon.colcon_core.environment:checking '/home/newman/vrx_ws/src/mission_windwatch/install/lib'
[0.514s] Level 1:colcon.colcon_core.environment:checking '/home/newman/vrx_ws/src/mission_windwatch/install/bin'
[0.514s] Level 1:colcon.colcon_core.environment:checking '/home/newman/vrx_ws/src/mission_windwatch/install/lib/pkgconfig/my_team_package.pc'
[0.514s] Level 1:colcon.colcon_core.environment:checking '/home/newman/vrx_ws/src/mission_windwatch/install/lib/python3.10/site-packages'
[0.514s] Level 1:colcon.colcon_core.environment:checking '/home/newman/vrx_ws/src/mission_windwatch/install/bin'
[0.514s] INFO:colcon.colcon_core.shell:Creating package script '/home/newman/vrx_ws/src/mission_windwatch/install/share/my_team_package/package.ps1'
[0.515s] INFO:colcon.colcon_core.shell:Creating package descriptor '/home/newman/vrx_ws/src/mission_windwatch/install/share/my_team_package/package.dsv'
[0.515s] INFO:colcon.colcon_core.shell:Creating package script '/home/newman/vrx_ws/src/mission_windwatch/install/share/my_team_package/package.sh'
[0.516s] INFO:colcon.colcon_core.shell:Creating package script '/home/newman/vrx_ws/src/mission_windwatch/install/share/my_team_package/package.bash'
[0.517s] INFO:colcon.colcon_core.shell:Creating package script '/home/newman/vrx_ws/src/mission_windwatch/install/share/my_team_package/package.zsh'
[0.518s] Level 1:colcon.colcon_core.environment:create_file_with_runtime_dependencies(/home/newman/vrx_ws/src/mission_windwatch/install/share/colcon-core/packages/my_team_package)
[0.526s] DEBUG:colcon.colcon_core.event_handler.log_command:Invoking command in '/home/newman/vrx_ws/src/mission_windwatch/build/navigation': CMAKE_PREFIX_PATH=/opt/ros/humble /usr/bin/cmake --install /home/newman/vrx_ws/src/mission_windwatch/build/navigation
[0.526s] Level 1:colcon.colcon_core.environment:create_environment_scripts_only(mission_manager)
[0.527s] Level 1:colcon.colcon_core.environment:checking '/home/newman/vrx_ws/src/mission_windwatch/install' for CMake module files
[0.527s] DEBUG:colcon.colcon_core.event_handler.log_command:Invoked command in '/home/newman/vrx_ws/src/mission_windwatch/build/mission_manager' returned '0': CMAKE_PREFIX_PATH=/opt/ros/humble /usr/bin/cmake --install /home/newman/vrx_ws/src/mission_windwatch/build/mission_manager
[0.527s] Level 1:colcon.colcon_core.environment:checking '/home/newman/vrx_ws/src/mission_windwatch/install' for CMake config files
[0.528s] Level 1:colcon.colcon_core.shell:create_environment_hook('mission_manager', 'cmake_prefix_path')
[0.528s] INFO:colcon.colcon_core.shell:Creating environment hook '/home/newman/vrx_ws/src/mission_windwatch/install/share/mission_manager/hook/cmake_prefix_path.ps1'
[0.528s] INFO:colcon.colcon_core.shell:Creating environment descriptor '/home/newman/vrx_ws/src/mission_windwatch/install/share/mission_manager/hook/cmake_prefix_path.dsv'
[0.529s] INFO:colcon.colcon_core.shell:Creating environment hook '/home/newman/vrx_ws/src/mission_windwatch/install/share/mission_manager/hook/cmake_prefix_path.sh'
[0.529s] Level 1:colcon.colcon_core.environment:checking '/home/newman/vrx_ws/src/mission_windwatch/install/lib'
[0.529s] Level 1:colcon.colcon_core.environment:checking '/home/newman/vrx_ws/src/mission_windwatch/install/bin'
[0.529s] Level 1:colcon.colcon_core.environment:checking '/home/newman/vrx_ws/src/mission_windwatch/install/lib/pkgconfig/mission_manager.pc'
[0.529s] Level 1:colcon.colcon_core.environment:checking '/home/newman/vrx_ws/src/mission_windwatch/install/lib/python3.10/site-packages'
[0.530s] Level 1:colcon.colcon_core.environment:checking '/home/newman/vrx_ws/src/mission_windwatch/install/bin'
[0.530s] INFO:colcon.colcon_core.shell:Creating package script '/home/newman/vrx_ws/src/mission_windwatch/install/share/mission_manager/package.ps1'
[0.530s] INFO:colcon.colcon_core.shell:Creating package descriptor '/home/newman/vrx_ws/src/mission_windwatch/install/share/mission_manager/package.dsv'
[0.531s] INFO:colcon.colcon_core.shell:Creating package script '/home/newman/vrx_ws/src/mission_windwatch/install/share/mission_manager/package.sh'
[0.531s] INFO:colcon.colcon_core.shell:Creating package script '/home/newman/vrx_ws/src/mission_windwatch/install/share/mission_manager/package.bash'
[0.531s] INFO:colcon.colcon_core.shell:Creating package script '/home/newman/vrx_ws/src/mission_windwatch/install/share/mission_manager/package.zsh'
[0.532s] Level 1:colcon.colcon_core.environment:create_file_with_runtime_dependencies(/home/newman/vrx_ws/src/mission_windwatch/install/share/colcon-core/packages/mission_manager)
[0.535s] Level 1:colcon.colcon_core.environment:create_environment_scripts_only(aquabot_example)
[0.535s] Level 1:colcon.colcon_core.environment:checking '/home/newman/vrx_ws/src/mission_windwatch/install' for CMake module files
[0.536s] Level 1:colcon.colcon_core.environment:checking '/home/newman/vrx_ws/src/mission_windwatch/install' for CMake config files
[0.536s] Level 1:colcon.colcon_core.shell:create_environment_hook('aquabot_example', 'cmake_prefix_path')
[0.536s] INFO:colcon.colcon_core.shell:Creating environment hook '/home/newman/vrx_ws/src/mission_windwatch/install/share/aquabot_example/hook/cmake_prefix_path.ps1'
[0.536s] INFO:colcon.colcon_core.shell:Creating environment descriptor '/home/newman/vrx_ws/src/mission_windwatch/install/share/aquabot_example/hook/cmake_prefix_path.dsv'
[0.537s] INFO:colcon.colcon_core.shell:Creating environment hook '/home/newman/vrx_ws/src/mission_windwatch/install/share/aquabot_example/hook/cmake_prefix_path.sh'
[0.537s] Level 1:colcon.colcon_core.environment:checking '/home/newman/vrx_ws/src/mission_windwatch/install/lib'
[0.537s] Level 1:colcon.colcon_core.environment:checking '/home/newman/vrx_ws/src/mission_windwatch/install/bin'
[0.537s] Level 1:colcon.colcon_core.environment:checking '/home/newman/vrx_ws/src/mission_windwatch/install/lib/pkgconfig/aquabot_example.pc'
[0.537s] Level 1:colcon.colcon_core.environment:checking '/home/newman/vrx_ws/src/mission_windwatch/install/lib/python3.10/site-packages'
[0.538s] Level 1:colcon.colcon_core.environment:checking '/home/newman/vrx_ws/src/mission_windwatch/install/bin'
[0.538s] INFO:colcon.colcon_core.shell:Creating package script '/home/newman/vrx_ws/src/mission_windwatch/install/share/aquabot_example/package.ps1'
[0.539s] INFO:colcon.colcon_core.shell:Creating package descriptor '/home/newman/vrx_ws/src/mission_windwatch/install/share/aquabot_example/package.dsv'
[0.540s] INFO:colcon.colcon_core.shell:Creating package script '/home/newman/vrx_ws/src/mission_windwatch/install/share/aquabot_example/package.sh'
[0.540s] INFO:colcon.colcon_core.shell:Creating package script '/home/newman/vrx_ws/src/mission_windwatch/install/share/aquabot_example/package.bash'
[0.541s] INFO:colcon.colcon_core.shell:Creating package script '/home/newman/vrx_ws/src/mission_windwatch/install/share/aquabot_example/package.zsh'
[0.541s] Level 1:colcon.colcon_core.environment:create_file_with_runtime_dependencies(/home/newman/vrx_ws/src/mission_windwatch/install/share/colcon-core/packages/aquabot_example)
[0.542s] INFO:colcon.colcon_ros.task.ament_cmake.build:Building ROS package in '/home/newman/vrx_ws/src/mission_windwatch/src/sensors' with build type 'ament_cmake'
[0.542s] INFO:colcon.colcon_cmake.task.cmake.build:Building CMake package in '/home/newman/vrx_ws/src/mission_windwatch/src/sensors'
[0.542s] INFO:colcon.colcon_core.shell:Skip shell extension 'powershell' for command environment: Not usable outside of PowerShell
[0.542s] DEBUG:colcon.colcon_core.shell:Skip shell extension 'dsv' for command environment
[0.550s] Level 1:colcon.colcon_core.environment:create_environment_scripts_only(navigation)
[0.550s] Level 1:colcon.colcon_core.environment:checking '/home/newman/vrx_ws/src/mission_windwatch/install' for CMake module files
[0.550s] DEBUG:colcon.colcon_core.event_handler.log_command:Invoked command in '/home/newman/vrx_ws/src/mission_windwatch/build/navigation' returned '0': CMAKE_PREFIX_PATH=/opt/ros/humble /usr/bin/cmake --install /home/newman/vrx_ws/src/mission_windwatch/build/navigation
[0.551s] Level 1:colcon.colcon_core.environment:checking '/home/newman/vrx_ws/src/mission_windwatch/install' for CMake config files
[0.551s] Level 1:colcon.colcon_core.shell:create_environment_hook('navigation', 'cmake_prefix_path')
[0.551s] INFO:colcon.colcon_core.shell:Creating environment hook '/home/newman/vrx_ws/src/mission_windwatch/install/share/navigation/hook/cmake_prefix_path.ps1'
[0.551s] INFO:colcon.colcon_core.shell:Creating environment descriptor '/home/newman/vrx_ws/src/mission_windwatch/install/share/navigation/hook/cmake_prefix_path.dsv'
[0.552s] INFO:colcon.colcon_core.shell:Creating environment hook '/home/newman/vrx_ws/src/mission_windwatch/install/share/navigation/hook/cmake_prefix_path.sh'
[0.552s] Level 1:colcon.colcon_core.environment:checking '/home/newman/vrx_ws/src/mission_windwatch/install/lib'
[0.552s] Level 1:colcon.colcon_core.environment:checking '/home/newman/vrx_ws/src/mission_windwatch/install/bin'
[0.552s] Level 1:colcon.colcon_core.environment:checking '/home/newman/vrx_ws/src/mission_windwatch/install/lib/pkgconfig/navigation.pc'
[0.553s] Level 1:colcon.colcon_core.environment:checking '/home/newman/vrx_ws/src/mission_windwatch/install/lib/python3.10/site-packages'
[0.553s] Level 1:colcon.colcon_core.environment:checking '/home/newman/vrx_ws/src/mission_windwatch/install/bin'
[0.553s] INFO:colcon.colcon_core.shell:Creating package script '/home/newman/vrx_ws/src/mission_windwatch/install/share/navigation/package.ps1'
[0.553s] INFO:colcon.colcon_core.shell:Creating package descriptor '/home/newman/vrx_ws/src/mission_windwatch/install/share/navigation/package.dsv'
[0.554s] INFO:colcon.colcon_core.shell:Creating package script '/home/newman/vrx_ws/src/mission_windwatch/install/share/navigation/package.sh'
[0.554s] INFO:colcon.colcon_core.shell:Creating package script '/home/newman/vrx_ws/src/mission_windwatch/install/share/navigation/package.bash'
[0.554s] INFO:colcon.colcon_core.shell:Creating package script '/home/newman/vrx_ws/src/mission_windwatch/install/share/navigation/package.zsh'
[0.555s] Level 1:colcon.colcon_core.environment:create_file_with_runtime_dependencies(/home/newman/vrx_ws/src/mission_windwatch/install/share/colcon-core/packages/navigation)
[0.557s] Level 1:colcon.colcon_core.environment:create_environment_scripts_only(vrx_ros)
[0.557s] Level 1:colcon.colcon_core.environment:checking '/home/newman/vrx_ws/src/mission_windwatch/install' for CMake module files
[0.558s] Level 1:colcon.colcon_core.environment:checking '/home/newman/vrx_ws/src/mission_windwatch/install' for CMake config files
[0.558s] Level 1:colcon.colcon_core.shell:create_environment_hook('vrx_ros', 'cmake_prefix_path')
[0.558s] INFO:colcon.colcon_core.shell:Creating environment hook '/home/newman/vrx_ws/src/mission_windwatch/install/share/vrx_ros/hook/cmake_prefix_path.ps1'
[0.559s] INFO:colcon.colcon_core.shell:Creating environment descriptor '/home/newman/vrx_ws/src/mission_windwatch/install/share/vrx_ros/hook/cmake_prefix_path.dsv'
[0.559s] INFO:colcon.colcon_core.shell:Creating environment hook '/home/newman/vrx_ws/src/mission_windwatch/install/share/vrx_ros/hook/cmake_prefix_path.sh'
[0.560s] Level 1:colcon.colcon_core.environment:checking '/home/newman/vrx_ws/src/mission_windwatch/install/lib'
[0.560s] Level 1:colcon.colcon_core.environment:checking '/home/newman/vrx_ws/src/mission_windwatch/install/bin'
[0.560s] Level 1:colcon.colcon_core.environment:checking '/home/newman/vrx_ws/src/mission_windwatch/install/lib/pkgconfig/vrx_ros.pc'
[0.560s] Level 1:colcon.colcon_core.environment:checking '/home/newman/vrx_ws/src/mission_windwatch/install/lib/python3.10/site-packages'
[0.560s] Level 1:colcon.colcon_core.environment:checking '/home/newman/vrx_ws/src/mission_windwatch/install/bin'
[0.561s] INFO:colcon.colcon_core.shell:Creating package script '/home/newman/vrx_ws/src/mission_windwatch/install/share/vrx_ros/package.ps1'
[0.561s] INFO:colcon.colcon_core.shell:Creating package descriptor '/home/newman/vrx_ws/src/mission_windwatch/install/share/vrx_ros/package.dsv'
[0.562s] INFO:colcon.colcon_core.shell:Creating package script '/home/newman/vrx_ws/src/mission_windwatch/install/share/vrx_ros/package.sh'
[0.562s] INFO:colcon.colcon_core.shell:Creating package script '/home/newman/vrx_ws/src/mission_windwatch/install/share/vrx_ros/package.bash'
[0.562s] INFO:colcon.colcon_core.shell:Creating package script '/home/newman/vrx_ws/src/mission_windwatch/install/share/vrx_ros/package.zsh'
[0.563s] Level 1:colcon.colcon_core.environment:create_file_with_runtime_dependencies(/home/newman/vrx_ws/src/mission_windwatch/install/share/colcon-core/packages/vrx_ros)
[0.563s] Level 1:colcon.colcon_core.environment:create_environment_scripts_only(my_team_package)
[0.563s] Level 1:colcon.colcon_core.environment:checking '/home/newman/vrx_ws/src/mission_windwatch/install' for CMake module files
[0.564s] Level 1:colcon.colcon_core.environment:checking '/home/newman/vrx_ws/src/mission_windwatch/install' for CMake config files
[0.564s] Level 1:colcon.colcon_core.shell:create_environment_hook('my_team_package', 'cmake_prefix_path')
[0.564s] INFO:colcon.colcon_core.shell:Creating environment hook '/home/newman/vrx_ws/src/mission_windwatch/install/share/my_team_package/hook/cmake_prefix_path.ps1'
[0.565s] INFO:colcon.colcon_core.shell:Creating environment descriptor '/home/newman/vrx_ws/src/mission_windwatch/install/share/my_team_package/hook/cmake_prefix_path.dsv'
[0.565s] INFO:colcon.colcon_core.shell:Creating environment hook '/home/newman/vrx_ws/src/mission_windwatch/install/share/my_team_package/hook/cmake_prefix_path.sh'
[0.566s] Level 1:colcon.colcon_core.environment:checking '/home/newman/vrx_ws/src/mission_windwatch/install/lib'
[0.566s] Level 1:colcon.colcon_core.environment:checking '/home/newman/vrx_ws/src/mission_windwatch/install/bin'
[0.566s] Level 1:colcon.colcon_core.environment:checking '/home/newman/vrx_ws/src/mission_windwatch/install/lib/pkgconfig/my_team_package.pc'
[0.566s] Level 1:colcon.colcon_core.environment:checking '/home/newman/vrx_ws/src/mission_windwatch/install/lib/python3.10/site-packages'
[0.566s] Level 1:colcon.colcon_core.environment:checking '/home/newman/vrx_ws/src/mission_windwatch/install/bin'
[0.567s] INFO:colcon.colcon_core.shell:Creating package script '/home/newman/vrx_ws/src/mission_windwatch/install/share/my_team_package/package.ps1'
[0.567s] INFO:colcon.colcon_core.shell:Creating package descriptor '/home/newman/vrx_ws/src/mission_windwatch/install/share/my_team_package/package.dsv'
[0.568s] INFO:colcon.colcon_core.shell:Creating package script '/home/newman/vrx_ws/src/mission_windwatch/install/share/my_team_package/package.sh'
[0.568s] INFO:colcon.colcon_core.shell:Creating package script '/home/newman/vrx_ws/src/mission_windwatch/install/share/my_team_package/package.bash'
[0.568s] INFO:colcon.colcon_core.shell:Creating package script '/home/newman/vrx_ws/src/mission_windwatch/install/share/my_team_package/package.zsh'
[0.569s] Level 1:colcon.colcon_core.environment:create_file_with_runtime_dependencies(/home/newman/vrx_ws/src/mission_windwatch/install/share/colcon-core/packages/my_team_package)
[0.569s] INFO:colcon.colcon_ros.task.ament_cmake.build:Building ROS package in '/home/newman/vrx_ws/src/mission_windwatch/src/vrx/vrx_gz' with build type 'ament_cmake'
[0.569s] INFO:colcon.colcon_cmake.task.cmake.build:Building CMake package in '/home/newman/vrx_ws/src/mission_windwatch/src/vrx/vrx_gz'
[0.570s] INFO:colcon.colcon_core.shell:Skip shell extension 'powershell' for command environment: Not usable outside of PowerShell
[0.570s] DEBUG:colcon.colcon_core.shell:Skip shell extension 'dsv' for command environment
[0.572s] INFO:colcon.colcon_ros.task.ament_cmake.build:Building ROS package in '/home/newman/vrx_ws/src/mission_windwatch/src/visualization' with build type 'ament_cmake'
[0.572s] INFO:colcon.colcon_cmake.task.cmake.build:Building CMake package in '/home/newman/vrx_ws/src/mission_windwatch/src/visualization'
[0.573s] INFO:colcon.colcon_core.shell:Skip shell extension 'powershell' for command environment: Not usable outside of PowerShell
[0.573s] DEBUG:colcon.colcon_core.shell:Skip shell extension 'dsv' for command environment
[0.579s] DEBUG:colcon.colcon_core.event_handler.log_command:Invoking command in '/home/newman/vrx_ws/src/mission_windwatch/build/sensors': CMAKE_PREFIX_PATH=/opt/ros/humble /usr/bin/cmake --build /home/newman/vrx_ws/src/mission_windwatch/build/sensors -- -j9 -l9
[0.582s] Level 1:colcon.colcon_core.environment:create_environment_scripts_only(mission_manager)
[0.582s] Level 1:colcon.colcon_core.environment:checking '/home/newman/vrx_ws/src/mission_windwatch/install' for CMake module files
[0.585s] Level 1:colcon.colcon_core.environment:checking '/home/newman/vrx_ws/src/mission_windwatch/install' for CMake config files
[0.585s] Level 1:colcon.colcon_core.shell:create_environment_hook('mission_manager', 'cmake_prefix_path')
[0.585s] INFO:colcon.colcon_core.shell:Creating environment hook '/home/newman/vrx_ws/src/mission_windwatch/install/share/mission_manager/hook/cmake_prefix_path.ps1'
[0.586s] INFO:colcon.colcon_core.shell:Creating environment descriptor '/home/newman/vrx_ws/src/mission_windwatch/install/share/mission_manager/hook/cmake_prefix_path.dsv'
[0.586s] INFO:colcon.colcon_core.shell:Creating environment hook '/home/newman/vrx_ws/src/mission_windwatch/install/share/mission_manager/hook/cmake_prefix_path.sh'
[0.587s] Level 1:colcon.colcon_core.environment:checking '/home/newman/vrx_ws/src/mission_windwatch/install/lib'
[0.588s] Level 1:colcon.colcon_core.environment:checking '/home/newman/vrx_ws/src/mission_windwatch/install/bin'
[0.588s] Level 1:colcon.colcon_core.environment:checking '/home/newman/vrx_ws/src/mission_windwatch/install/lib/pkgconfig/mission_manager.pc'
[0.588s] Level 1:colcon.colcon_core.environment:checking '/home/newman/vrx_ws/src/mission_windwatch/install/lib/python3.10/site-packages'
[0.588s] Level 1:colcon.colcon_core.environment:checking '/home/newman/vrx_ws/src/mission_windwatch/install/bin'
[0.588s] INFO:colcon.colcon_core.shell:Creating package script '/home/newman/vrx_ws/src/mission_windwatch/install/share/mission_manager/package.ps1'
[0.589s] INFO:colcon.colcon_core.shell:Creating package descriptor '/home/newman/vrx_ws/src/mission_windwatch/install/share/mission_manager/package.dsv'
[0.590s] INFO:colcon.colcon_core.shell:Creating package script '/home/newman/vrx_ws/src/mission_windwatch/install/share/mission_manager/package.sh'
[0.590s] INFO:colcon.colcon_core.shell:Creating package script '/home/newman/vrx_ws/src/mission_windwatch/install/share/mission_manager/package.bash'
[0.590s] INFO:colcon.colcon_core.shell:Creating package script '/home/newman/vrx_ws/src/mission_windwatch/install/share/mission_manager/package.zsh'
[0.591s] Level 1:colcon.colcon_core.environment:create_file_with_runtime_dependencies(/home/newman/vrx_ws/src/mission_windwatch/install/share/colcon-core/packages/mission_manager)
[0.591s] Level 1:colcon.colcon_core.environment:create_environment_scripts_only(navigation)
[0.592s] Level 1:colcon.colcon_core.environment:checking '/home/newman/vrx_ws/src/mission_windwatch/install' for CMake module files
[0.593s] Level 1:colcon.colcon_core.environment:checking '/home/newman/vrx_ws/src/mission_windwatch/install' for CMake config files
[0.593s] Level 1:colcon.colcon_core.shell:create_environment_hook('navigation', 'cmake_prefix_path')
[0.593s] INFO:colcon.colcon_core.shell:Creating environment hook '/home/newman/vrx_ws/src/mission_windwatch/install/share/navigation/hook/cmake_prefix_path.ps1'
[0.593s] INFO:colcon.colcon_core.shell:Creating environment descriptor '/home/newman/vrx_ws/src/mission_windwatch/install/share/navigation/hook/cmake_prefix_path.dsv'
[0.594s] INFO:colcon.colcon_core.shell:Creating environment hook '/home/newman/vrx_ws/src/mission_windwatch/install/share/navigation/hook/cmake_prefix_path.sh'
[0.594s] Level 1:colcon.colcon_core.environment:checking '/home/newman/vrx_ws/src/mission_windwatch/install/lib'
[0.594s] Level 1:colcon.colcon_core.environment:checking '/home/newman/vrx_ws/src/mission_windwatch/install/bin'
[0.594s] Level 1:colcon.colcon_core.environment:checking '/home/newman/vrx_ws/src/mission_windwatch/install/lib/pkgconfig/navigation.pc'
[0.594s] Level 1:colcon.colcon_core.environment:checking '/home/newman/vrx_ws/src/mission_windwatch/install/lib/python3.10/site-packages'
[0.595s] Level 1:colcon.colcon_core.environment:checking '/home/newman/vrx_ws/src/mission_windwatch/install/bin'
[0.595s] INFO:colcon.colcon_core.shell:Creating package script '/home/newman/vrx_ws/src/mission_windwatch/install/share/navigation/package.ps1'
[0.595s] INFO:colcon.colcon_core.shell:Creating package descriptor '/home/newman/vrx_ws/src/mission_windwatch/install/share/navigation/package.dsv'
[0.596s] INFO:colcon.colcon_core.shell:Creating package script '/home/newman/vrx_ws/src/mission_windwatch/install/share/navigation/package.sh'
[0.596s] INFO:colcon.colcon_core.shell:Creating package script '/home/newman/vrx_ws/src/mission_windwatch/install/share/navigation/package.bash'
[0.596s] INFO:colcon.colcon_core.shell:Creating package script '/home/newman/vrx_ws/src/mission_windwatch/install/share/navigation/package.zsh'
[0.597s] Level 1:colcon.colcon_core.environment:create_file_with_runtime_dependencies(/home/newman/vrx_ws/src/mission_windwatch/install/share/colcon-core/packages/navigation)
[0.600s] DEBUG:colcon.colcon_core.event_handler.log_command:Invoking command in '/home/newman/vrx_ws/src/mission_windwatch/build/vrx_gz': AMENT_PREFIX_PATH=/home/newman/vrx_ws/src/mission_windwatch/install:${AMENT_PREFIX_PATH} CMAKE_PREFIX_PATH=/home/newman/vrx_ws/src/mission_windwatch/install:/opt/ros/humble /usr/bin/cmake --build /home/newman/vrx_ws/src/mission_windwatch/build/vrx_gz -- -j9 -l9
[0.603s] DEBUG:colcon.colcon_core.event_handler.log_command:Invoking command in '/home/newman/vrx_ws/src/mission_windwatch/build/visualization': CMAKE_PREFIX_PATH=/opt/ros/humble /usr/bin/cmake /home/newman/vrx_ws/src/mission_windwatch/src/visualization -DCMAKE_INSTALL_PREFIX=/home/newman/vrx_ws/src/mission_windwatch/install
[0.688s] DEBUG:colcon.colcon_core.event_handler.log_command:Invoked command in '/home/newman/vrx_ws/src/mission_windwatch/build/sensors' returned '0': CMAKE_PREFIX_PATH=/opt/ros/humble /usr/bin/cmake --build /home/newman/vrx_ws/src/mission_windwatch/build/sensors -- -j9 -l9
[0.691s] DEBUG:colcon.colcon_core.event_handler.log_command:Invoked command in '/home/newman/vrx_ws/src/mission_windwatch/build/vrx_gazebo' returned '0': CMAKE_PREFIX_PATH=/opt/ros/humble /usr/bin/cmake --build /home/newman/vrx_ws/src/mission_windwatch/build/vrx_gazebo -- -j9 -l9
[0.714s] DEBUG:colcon.colcon_core.event_handler.log_command:Invoked command in '/home/newman/vrx_ws/src/mission_windwatch/build/aquabot_python' returned '0': CMAKE_PREFIX_PATH=/opt/ros/humble /usr/bin/cmake --build /home/newman/vrx_ws/src/mission_windwatch/build/aquabot_python -- -j9 -l9
[0.720s] DEBUG:colcon.colcon_core.event_handler.log_command:Invoked command in '/home/newman/vrx_ws/src/mission_windwatch/build/package_example' returned '0': CMAKE_PREFIX_PATH=/opt/ros/humble /usr/bin/cmake --build /home/newman/vrx_ws/src/mission_windwatch/build/package_example -- -j9 -l9
[0.728s] DEBUG:colcon.colcon_core.event_handler.log_command:Invoked command in '/home/newman/vrx_ws/src/mission_windwatch/build/opencv_example' returned '0': CMAKE_PREFIX_PATH=/opt/ros/humble /usr/bin/cmake --build /home/newman/vrx_ws/src/mission_windwatch/build/opencv_example -- -j9 -l9
[0.741s] DEBUG:colcon.colcon_core.event_handler.log_command:Invoking command in '/home/newman/vrx_ws/src/mission_windwatch/build/sensors': CMAKE_PREFIX_PATH=/opt/ros/humble /usr/bin/cmake --install /home/newman/vrx_ws/src/mission_windwatch/build/sensors
[0.754s] DEBUG:colcon.colcon_core.event_handler.log_command:Invoking command in '/home/newman/vrx_ws/src/mission_windwatch/build/vrx_gazebo': CMAKE_PREFIX_PATH=/opt/ros/humble /usr/bin/cmake --install /home/newman/vrx_ws/src/mission_windwatch/build/vrx_gazebo
[0.777s] Level 1:colcon.colcon_core.environment:create_environment_scripts_only(sensors)
[0.777s] Level 1:colcon.colcon_core.environment:checking '/home/newman/vrx_ws/src/mission_windwatch/install' for CMake module files
[0.794s] Level 1:colcon.colcon_core.environment:checking '/home/newman/vrx_ws/src/mission_windwatch/install' for CMake config files
[0.794s] Level 1:colcon.colcon_core.shell:create_environment_hook('sensors', 'cmake_prefix_path')
[0.795s] INFO:colcon.colcon_core.shell:Creating environment hook '/home/newman/vrx_ws/src/mission_windwatch/install/share/sensors/hook/cmake_prefix_path.ps1'
[0.795s] INFO:colcon.colcon_core.shell:Creating environment descriptor '/home/newman/vrx_ws/src/mission_windwatch/install/share/sensors/hook/cmake_prefix_path.dsv'
[0.795s] INFO:colcon.colcon_core.shell:Creating environment hook '/home/newman/vrx_ws/src/mission_windwatch/install/share/sensors/hook/cmake_prefix_path.sh'
[0.797s] Level 1:colcon.colcon_core.environment:checking '/home/newman/vrx_ws/src/mission_windwatch/install/lib'
[0.801s] Level 1:colcon.colcon_core.environment:checking '/home/newman/vrx_ws/src/mission_windwatch/install/bin'
[0.801s] Level 1:colcon.colcon_core.environment:checking '/home/newman/vrx_ws/src/mission_windwatch/install/lib/pkgconfig/sensors.pc'
[0.801s] Level 1:colcon.colcon_core.environment:checking '/home/newman/vrx_ws/src/mission_windwatch/install/lib/python3.10/site-packages'
[0.802s] Level 1:colcon.colcon_core.environment:checking '/home/newman/vrx_ws/src/mission_windwatch/install/bin'
[0.805s] INFO:colcon.colcon_core.shell:Creating package script '/home/newman/vrx_ws/src/mission_windwatch/install/share/sensors/package.ps1'
[0.808s] INFO:colcon.colcon_core.shell:Creating package descriptor '/home/newman/vrx_ws/src/mission_windwatch/install/share/sensors/package.dsv'
[0.809s] INFO:colcon.colcon_core.shell:Creating package script '/home/newman/vrx_ws/src/mission_windwatch/install/share/sensors/package.sh'
[0.809s] INFO:colcon.colcon_core.shell:Creating package script '/home/newman/vrx_ws/src/mission_windwatch/install/share/sensors/package.bash'
[0.814s] DEBUG:colcon.colcon_core.event_handler.log_command:Invoking command in '/home/newman/vrx_ws/src/mission_windwatch/build/aquabot_python': CMAKE_PREFIX_PATH=/opt/ros/humble /usr/bin/cmake --install /home/newman/vrx_ws/src/mission_windwatch/build/aquabot_python
[0.814s] INFO:colcon.colcon_core.shell:Creating package script '/home/newman/vrx_ws/src/mission_windwatch/install/share/sensors/package.zsh'
[0.814s] DEBUG:colcon.colcon_core.event_handler.log_command:Invoked command in '/home/newman/vrx_ws/src/mission_windwatch/build/sensors' returned '0': CMAKE_PREFIX_PATH=/opt/ros/humble /usr/bin/cmake --install /home/newman/vrx_ws/src/mission_windwatch/build/sensors
[0.816s] Level 1:colcon.colcon_core.environment:create_file_with_runtime_dependencies(/home/newman/vrx_ws/src/mission_windwatch/install/share/colcon-core/packages/sensors)
[0.826s] DEBUG:colcon.colcon_core.event_handler.log_command:Invoking command in '/home/newman/vrx_ws/src/mission_windwatch/build/package_example': CMAKE_PREFIX_PATH=/opt/ros/humble /usr/bin/cmake --install /home/newman/vrx_ws/src/mission_windwatch/build/package_example
[0.827s] DEBUG:colcon.colcon_core.event_handler.log_command:Invoking command in '/home/newman/vrx_ws/src/mission_windwatch/build/opencv_example': CMAKE_PREFIX_PATH=/opt/ros/humble /usr/bin/cmake --install /home/newman/vrx_ws/src/mission_windwatch/build/opencv_example
[0.830s] Level 1:colcon.colcon_core.environment:create_environment_scripts_only(vrx_gazebo)
[0.830s] Level 1:colcon.colcon_core.environment:checking '/home/newman/vrx_ws/src/mission_windwatch/install' for CMake module files
[0.832s] DEBUG:colcon.colcon_core.event_handler.log_command:Invoked command in '/home/newman/vrx_ws/src/mission_windwatch/build/vrx_gazebo' returned '0': CMAKE_PREFIX_PATH=/opt/ros/humble /usr/bin/cmake --install /home/newman/vrx_ws/src/mission_windwatch/build/vrx_gazebo
[0.832s] Level 1:colcon.colcon_core.environment:checking '/home/newman/vrx_ws/src/mission_windwatch/install' for CMake config files
[0.832s] Level 1:colcon.colcon_core.shell:create_environment_hook('vrx_gazebo', 'cmake_prefix_path')
[0.833s] INFO:colcon.colcon_core.shell:Creating environment hook '/home/newman/vrx_ws/src/mission_windwatch/install/share/vrx_gazebo/hook/cmake_prefix_path.ps1'
[0.833s] INFO:colcon.colcon_core.shell:Creating environment descriptor '/home/newman/vrx_ws/src/mission_windwatch/install/share/vrx_gazebo/hook/cmake_prefix_path.dsv'
[0.840s] INFO:colcon.colcon_core.shell:Creating environment hook '/home/newman/vrx_ws/src/mission_windwatch/install/share/vrx_gazebo/hook/cmake_prefix_path.sh'
[0.841s] Level 1:colcon.colcon_core.environment:checking '/home/newman/vrx_ws/src/mission_windwatch/install/lib'
[0.841s] Level 1:colcon.colcon_core.environment:checking '/home/newman/vrx_ws/src/mission_windwatch/install/bin'
[0.841s] Level 1:colcon.colcon_core.environment:checking '/home/newman/vrx_ws/src/mission_windwatch/install/lib/pkgconfig/vrx_gazebo.pc'
[0.841s] Level 1:colcon.colcon_core.environment:checking '/home/newman/vrx_ws/src/mission_windwatch/install/lib/python3.10/site-packages'
[0.841s] Level 1:colcon.colcon_core.environment:checking '/home/newman/vrx_ws/src/mission_windwatch/install/bin'
[0.841s] INFO:colcon.colcon_core.shell:Creating package script '/home/newman/vrx_ws/src/mission_windwatch/install/share/vrx_gazebo/package.ps1'
[0.842s] INFO:colcon.colcon_core.shell:Creating package descriptor '/home/newman/vrx_ws/src/mission_windwatch/install/share/vrx_gazebo/package.dsv'
[0.842s] INFO:colcon.colcon_core.shell:Creating package script '/home/newman/vrx_ws/src/mission_windwatch/install/share/vrx_gazebo/package.sh'
[0.842s] INFO:colcon.colcon_core.shell:Creating package script '/home/newman/vrx_ws/src/mission_windwatch/install/share/vrx_gazebo/package.bash'
[0.843s] INFO:colcon.colcon_core.shell:Creating package script '/home/newman/vrx_ws/src/mission_windwatch/install/share/vrx_gazebo/package.zsh'
[0.843s] Level 1:colcon.colcon_core.environment:create_file_with_runtime_dependencies(/home/newman/vrx_ws/src/mission_windwatch/install/share/colcon-core/packages/vrx_gazebo)
[0.849s] Level 1:colcon.colcon_core.environment:create_environment_scripts_only(sensors)
[0.851s] Level 1:colcon.colcon_core.environment:checking '/home/newman/vrx_ws/src/mission_windwatch/install' for CMake module files
[0.852s] Level 1:colcon.colcon_core.environment:checking '/home/newman/vrx_ws/src/mission_windwatch/install' for CMake config files
[0.852s] Level 1:colcon.colcon_core.shell:create_environment_hook('sensors', 'cmake_prefix_path')
[0.852s] INFO:colcon.colcon_core.shell:Creating environment hook '/home/newman/vrx_ws/src/mission_windwatch/install/share/sensors/hook/cmake_prefix_path.ps1'
[0.853s] INFO:colcon.colcon_core.shell:Creating environment descriptor '/home/newman/vrx_ws/src/mission_windwatch/install/share/sensors/hook/cmake_prefix_path.dsv'
[0.853s] INFO:colcon.colcon_core.shell:Creating environment hook '/home/newman/vrx_ws/src/mission_windwatch/install/share/sensors/hook/cmake_prefix_path.sh'
[0.854s] Level 1:colcon.colcon_core.environment:checking '/home/newman/vrx_ws/src/mission_windwatch/install/lib'
[0.854s] Level 1:colcon.colcon_core.environment:checking '/home/newman/vrx_ws/src/mission_windwatch/install/bin'
[0.854s] Level 1:colcon.colcon_core.environment:checking '/home/newman/vrx_ws/src/mission_windwatch/install/lib/pkgconfig/sensors.pc'
[0.854s] Level 1:colcon.colcon_core.environment:checking '/home/newman/vrx_ws/src/mission_windwatch/install/lib/python3.10/site-packages'
[0.854s] Level 1:colcon.colcon_core.environment:checking '/home/newman/vrx_ws/src/mission_windwatch/install/bin'
[0.855s] INFO:colcon.colcon_core.shell:Creating package script '/home/newman/vrx_ws/src/mission_windwatch/install/share/sensors/package.ps1'
[0.855s] INFO:colcon.colcon_core.shell:Creating package descriptor '/home/newman/vrx_ws/src/mission_windwatch/install/share/sensors/package.dsv'
[0.856s] INFO:colcon.colcon_core.shell:Creating package script '/home/newman/vrx_ws/src/mission_windwatch/install/share/sensors/package.sh'
[0.856s] INFO:colcon.colcon_core.shell:Creating package script '/home/newman/vrx_ws/src/mission_windwatch/install/share/sensors/package.bash'
[0.857s] INFO:colcon.colcon_core.shell:Creating package script '/home/newman/vrx_ws/src/mission_windwatch/install/share/sensors/package.zsh'
[0.858s] Level 1:colcon.colcon_core.environment:create_file_with_runtime_dependencies(/home/newman/vrx_ws/src/mission_windwatch/install/share/colcon-core/packages/sensors)
[0.858s] Level 1:colcon.colcon_core.environment:create_environment_scripts_only(aquabot_python)
[0.859s] Level 1:colcon.colcon_core.environment:checking '/home/newman/vrx_ws/src/mission_windwatch/install' for CMake module files
[0.860s] Level 1:colcon.colcon_core.environment:checking '/home/newman/vrx_ws/src/mission_windwatch/install' for CMake config files
[0.860s] Level 1:colcon.colcon_core.shell:create_environment_hook('aquabot_python', 'cmake_prefix_path')
[0.861s] INFO:colcon.colcon_core.shell:Creating environment hook '/home/newman/vrx_ws/src/mission_windwatch/install/share/aquabot_python/hook/cmake_prefix_path.ps1'
[0.861s] INFO:colcon.colcon_core.shell:Creating environment descriptor '/home/newman/vrx_ws/src/mission_windwatch/install/share/aquabot_python/hook/cmake_prefix_path.dsv'
[0.862s] INFO:colcon.colcon_core.shell:Creating environment hook '/home/newman/vrx_ws/src/mission_windwatch/install/share/aquabot_python/hook/cmake_prefix_path.sh'
[0.863s] Level 1:colcon.colcon_core.environment:checking '/home/newman/vrx_ws/src/mission_windwatch/install/lib'
[0.863s] DEBUG:colcon.colcon_core.event_handler.log_command:Invoked command in '/home/newman/vrx_ws/src/mission_windwatch/build/aquabot_python' returned '0': CMAKE_PREFIX_PATH=/opt/ros/humble /usr/bin/cmake --install /home/newman/vrx_ws/src/mission_windwatch/build/aquabot_python
[0.863s] Level 1:colcon.colcon_core.environment:checking '/home/newman/vrx_ws/src/mission_windwatch/install/bin'
[0.863s] Level 1:colcon.colcon_core.environment:checking '/home/newman/vrx_ws/src/mission_windwatch/install/lib/pkgconfig/aquabot_python.pc'
[0.863s] Level 1:colcon.colcon_core.environment:checking '/home/newman/vrx_ws/src/mission_windwatch/install/lib/python3.10/site-packages'
[0.864s] Level 1:colcon.colcon_core.environment:checking '/home/newman/vrx_ws/src/mission_windwatch/install/bin'
[0.864s] INFO:colcon.colcon_core.shell:Creating package script '/home/newman/vrx_ws/src/mission_windwatch/install/share/aquabot_python/package.ps1'
[0.864s] INFO:colcon.colcon_core.shell:Creating package descriptor '/home/newman/vrx_ws/src/mission_windwatch/install/share/aquabot_python/package.dsv'
[0.865s] INFO:colcon.colcon_core.shell:Creating package script '/home/newman/vrx_ws/src/mission_windwatch/install/share/aquabot_python/package.sh'
[0.865s] INFO:colcon.colcon_core.shell:Creating package script '/home/newman/vrx_ws/src/mission_windwatch/install/share/aquabot_python/package.bash'
[0.865s] INFO:colcon.colcon_core.shell:Creating package script '/home/newman/vrx_ws/src/mission_windwatch/install/share/aquabot_python/package.zsh'
[0.866s] Level 1:colcon.colcon_core.environment:create_file_with_runtime_dependencies(/home/newman/vrx_ws/src/mission_windwatch/install/share/colcon-core/packages/aquabot_python)
[0.869s] Level 1:colcon.colcon_core.environment:create_environment_scripts_only(vrx_gazebo)
[0.869s] Level 1:colcon.colcon_core.environment:checking '/home/newman/vrx_ws/src/mission_windwatch/install' for CMake module files
[0.871s] Level 1:colcon.colcon_core.environment:checking '/home/newman/vrx_ws/src/mission_windwatch/install' for CMake config files
[0.871s] Level 1:colcon.colcon_core.shell:create_environment_hook('vrx_gazebo', 'cmake_prefix_path')
[0.871s] INFO:colcon.colcon_core.shell:Creating environment hook '/home/newman/vrx_ws/src/mission_windwatch/install/share/vrx_gazebo/hook/cmake_prefix_path.ps1'
[0.871s] INFO:colcon.colcon_core.shell:Creating environment descriptor '/home/newman/vrx_ws/src/mission_windwatch/install/share/vrx_gazebo/hook/cmake_prefix_path.dsv'
[0.872s] INFO:colcon.colcon_core.shell:Creating environment hook '/home/newman/vrx_ws/src/mission_windwatch/install/share/vrx_gazebo/hook/cmake_prefix_path.sh'
[0.876s] Level 1:colcon.colcon_core.environment:checking '/home/newman/vrx_ws/src/mission_windwatch/install/lib'
[0.876s] Level 1:colcon.colcon_core.environment:checking '/home/newman/vrx_ws/src/mission_windwatch/install/bin'
[0.876s] Level 1:colcon.colcon_core.environment:checking '/home/newman/vrx_ws/src/mission_windwatch/install/lib/pkgconfig/vrx_gazebo.pc'
[0.876s] Level 1:colcon.colcon_core.environment:checking '/home/newman/vrx_ws/src/mission_windwatch/install/lib/python3.10/site-packages'
[0.876s] Level 1:colcon.colcon_core.environment:checking '/home/newman/vrx_ws/src/mission_windwatch/install/bin'
[0.877s] INFO:colcon.colcon_core.shell:Creating package script '/home/newman/vrx_ws/src/mission_windwatch/install/share/vrx_gazebo/package.ps1'
[0.877s] INFO:colcon.colcon_core.shell:Creating package descriptor '/home/newman/vrx_ws/src/mission_windwatch/install/share/vrx_gazebo/package.dsv'
[0.878s] INFO:colcon.colcon_core.shell:Creating package script '/home/newman/vrx_ws/src/mission_windwatch/install/share/vrx_gazebo/package.sh'
[0.878s] INFO:colcon.colcon_core.shell:Creating package script '/home/newman/vrx_ws/src/mission_windwatch/install/share/vrx_gazebo/package.bash'
[0.879s] INFO:colcon.colcon_core.shell:Creating package script '/home/newman/vrx_ws/src/mission_windwatch/install/share/vrx_gazebo/package.zsh'
[0.880s] Level 1:colcon.colcon_core.environment:create_file_with_runtime_dependencies(/home/newman/vrx_ws/src/mission_windwatch/install/share/colcon-core/packages/vrx_gazebo)
[0.880s] INFO:colcon.colcon_ros.task.ament_cmake.build:Building ROS package in '/home/newman/vrx_ws/src/mission_windwatch/src/vrx/vrx_urdf/wamv_description' with build type 'ament_cmake'
[0.880s] INFO:colcon.colcon_cmake.task.cmake.build:Building CMake package in '/home/newman/vrx_ws/src/mission_windwatch/src/vrx/vrx_urdf/wamv_description'
[0.880s] INFO:colcon.colcon_core.shell:Skip shell extension 'powershell' for command environment: Not usable outside of PowerShell
[0.881s] DEBUG:colcon.colcon_core.shell:Skip shell extension 'dsv' for command environment
[0.884s] INFO:colcon.colcon_ros.task.ament_cmake.build:Building ROS package in '/home/newman/vrx_ws/src/mission_windwatch/src/aquabot/aquabot_urdf/aquabot_description' with build type 'ament_cmake'
[0.884s] INFO:colcon.colcon_cmake.task.cmake.build:Building CMake package in '/home/newman/vrx_ws/src/mission_windwatch/src/aquabot/aquabot_urdf/aquabot_description'
[0.884s] INFO:colcon.colcon_core.shell:Skip shell extension 'powershell' for command environment: Not usable outside of PowerShell
[0.884s] DEBUG:colcon.colcon_core.shell:Skip shell extension 'dsv' for command environment
[0.887s] Level 1:colcon.colcon_core.environment:create_environment_scripts_only(package_example)
[0.887s] Level 1:colcon.colcon_core.environment:checking '/home/newman/vrx_ws/src/mission_windwatch/install' for CMake module files
[0.888s] DEBUG:colcon.colcon_core.event_handler.log_command:Invoked command in '/home/newman/vrx_ws/src/mission_windwatch/build/package_example' returned '0': CMAKE_PREFIX_PATH=/opt/ros/humble /usr/bin/cmake --install /home/newman/vrx_ws/src/mission_windwatch/build/package_example
[0.888s] Level 1:colcon.colcon_core.environment:checking '/home/newman/vrx_ws/src/mission_windwatch/install' for CMake config files
[0.889s] Level 1:colcon.colcon_core.shell:create_environment_hook('package_example', 'cmake_prefix_path')
[0.889s] INFO:colcon.colcon_core.shell:Creating environment hook '/home/newman/vrx_ws/src/mission_windwatch/install/share/package_example/hook/cmake_prefix_path.ps1'
[0.889s] INFO:colcon.colcon_core.shell:Creating environment descriptor '/home/newman/vrx_ws/src/mission_windwatch/install/share/package_example/hook/cmake_prefix_path.dsv'
[0.889s] INFO:colcon.colcon_core.shell:Creating environment hook '/home/newman/vrx_ws/src/mission_windwatch/install/share/package_example/hook/cmake_prefix_path.sh'
[0.890s] Level 1:colcon.colcon_core.environment:checking '/home/newman/vrx_ws/src/mission_windwatch/install/lib'
[0.890s] Level 1:colcon.colcon_core.environment:checking '/home/newman/vrx_ws/src/mission_windwatch/install/bin'
[0.890s] Level 1:colcon.colcon_core.environment:checking '/home/newman/vrx_ws/src/mission_windwatch/install/lib/pkgconfig/package_example.pc'
[0.890s] Level 1:colcon.colcon_core.environment:checking '/home/newman/vrx_ws/src/mission_windwatch/install/lib/python3.10/site-packages'
[0.890s] Level 1:colcon.colcon_core.environment:checking '/home/newman/vrx_ws/src/mission_windwatch/install/bin'
[0.891s] INFO:colcon.colcon_core.shell:Creating package script '/home/newman/vrx_ws/src/mission_windwatch/install/share/package_example/package.ps1'
[0.891s] INFO:colcon.colcon_core.shell:Creating package descriptor '/home/newman/vrx_ws/src/mission_windwatch/install/share/package_example/package.dsv'
[0.891s] INFO:colcon.colcon_core.shell:Creating package script '/home/newman/vrx_ws/src/mission_windwatch/install/share/package_example/package.sh'
[0.892s] INFO:colcon.colcon_core.shell:Creating package script '/home/newman/vrx_ws/src/mission_windwatch/install/share/package_example/package.bash'
[0.892s] INFO:colcon.colcon_core.shell:Creating package script '/home/newman/vrx_ws/src/mission_windwatch/install/share/package_example/package.zsh'
[0.892s] Level 1:colcon.colcon_core.environment:create_file_with_runtime_dependencies(/home/newman/vrx_ws/src/mission_windwatch/install/share/colcon-core/packages/package_example)
[0.894s] Level 1:colcon.colcon_core.environment:create_environment_scripts_only(opencv_example)
[0.894s] Level 1:colcon.colcon_core.environment:checking '/home/newman/vrx_ws/src/mission_windwatch/install' for CMake module files
[0.894s] Level 1:colcon.colcon_core.environment:checking '/home/newman/vrx_ws/src/mission_windwatch/install' for CMake config files
[0.894s] Level 1:colcon.colcon_core.shell:create_environment_hook('opencv_example', 'cmake_prefix_path')
[0.895s] INFO:colcon.colcon_core.shell:Creating environment hook '/home/newman/vrx_ws/src/mission_windwatch/install/share/opencv_example/hook/cmake_prefix_path.ps1'
[0.895s] INFO:colcon.colcon_core.shell:Creating environment descriptor '/home/newman/vrx_ws/src/mission_windwatch/install/share/opencv_example/hook/cmake_prefix_path.dsv'
[0.896s] INFO:colcon.colcon_core.shell:Creating environment hook '/home/newman/vrx_ws/src/mission_windwatch/install/share/opencv_example/hook/cmake_prefix_path.sh'
[0.896s] Level 1:colcon.colcon_core.environment:checking '/home/newman/vrx_ws/src/mission_windwatch/install/lib'
[0.896s] Level 1:colcon.colcon_core.environment:checking '/home/newman/vrx_ws/src/mission_windwatch/install/bin'
[0.896s] Level 1:colcon.colcon_core.environment:checking '/home/newman/vrx_ws/src/mission_windwatch/install/lib/pkgconfig/opencv_example.pc'
[0.897s] Level 1:colcon.colcon_core.environment:checking '/home/newman/vrx_ws/src/mission_windwatch/install/lib/python3.10/site-packages'
[0.897s] Level 1:colcon.colcon_core.environment:checking '/home/newman/vrx_ws/src/mission_windwatch/install/bin'
[0.897s] DEBUG:colcon.colcon_core.event_handler.log_command:Invoked command in '/home/newman/vrx_ws/src/mission_windwatch/build/opencv_example' returned '0': CMAKE_PREFIX_PATH=/opt/ros/humble /usr/bin/cmake --install /home/newman/vrx_ws/src/mission_windwatch/build/opencv_example
[0.897s] INFO:colcon.colcon_core.shell:Creating package script '/home/newman/vrx_ws/src/mission_windwatch/install/share/opencv_example/package.ps1'
[0.898s] INFO:colcon.colcon_core.shell:Creating package descriptor '/home/newman/vrx_ws/src/mission_windwatch/install/share/opencv_example/package.dsv'
[0.898s] INFO:colcon.colcon_core.shell:Creating package script '/home/newman/vrx_ws/src/mission_windwatch/install/share/opencv_example/package.sh'
[0.899s] INFO:colcon.colcon_core.shell:Creating package script '/home/newman/vrx_ws/src/mission_windwatch/install/share/opencv_example/package.bash'
[0.899s] INFO:colcon.colcon_core.shell:Creating package script '/home/newman/vrx_ws/src/mission_windwatch/install/share/opencv_example/package.zsh'
[0.899s] Level 1:colcon.colcon_core.environment:create_file_with_runtime_dependencies(/home/newman/vrx_ws/src/mission_windwatch/install/share/colcon-core/packages/opencv_example)
[0.901s] Level 1:colcon.colcon_core.environment:create_environment_scripts_only(aquabot_python)
[0.902s] Level 1:colcon.colcon_core.environment:checking '/home/newman/vrx_ws/src/mission_windwatch/install' for CMake module files
[0.902s] Level 1:colcon.colcon_core.environment:checking '/home/newman/vrx_ws/src/mission_windwatch/install' for CMake config files
[0.902s] Level 1:colcon.colcon_core.shell:create_environment_hook('aquabot_python', 'cmake_prefix_path')
[0.902s] INFO:colcon.colcon_core.shell:Creating environment hook '/home/newman/vrx_ws/src/mission_windwatch/install/share/aquabot_python/hook/cmake_prefix_path.ps1'
[0.903s] INFO:colcon.colcon_core.shell:Creating environment descriptor '/home/newman/vrx_ws/src/mission_windwatch/install/share/aquabot_python/hook/cmake_prefix_path.dsv'
[0.903s] INFO:colcon.colcon_core.shell:Creating environment hook '/home/newman/vrx_ws/src/mission_windwatch/install/share/aquabot_python/hook/cmake_prefix_path.sh'
[0.904s] Level 1:colcon.colcon_core.environment:checking '/home/newman/vrx_ws/src/mission_windwatch/install/lib'
[0.904s] Level 1:colcon.colcon_core.environment:checking '/home/newman/vrx_ws/src/mission_windwatch/install/bin'
[0.904s] Level 1:colcon.colcon_core.environment:checking '/home/newman/vrx_ws/src/mission_windwatch/install/lib/pkgconfig/aquabot_python.pc'
[0.904s] Level 1:colcon.colcon_core.environment:checking '/home/newman/vrx_ws/src/mission_windwatch/install/lib/python3.10/site-packages'
[0.904s] Level 1:colcon.colcon_core.environment:checking '/home/newman/vrx_ws/src/mission_windwatch/install/bin'
[0.904s] INFO:colcon.colcon_core.shell:Creating package script '/home/newman/vrx_ws/src/mission_windwatch/install/share/aquabot_python/package.ps1'
[0.905s] INFO:colcon.colcon_core.shell:Creating package descriptor '/home/newman/vrx_ws/src/mission_windwatch/install/share/aquabot_python/package.dsv'
[0.905s] INFO:colcon.colcon_core.shell:Creating package script '/home/newman/vrx_ws/src/mission_windwatch/install/share/aquabot_python/package.sh'
[0.906s] INFO:colcon.colcon_core.shell:Creating package script '/home/newman/vrx_ws/src/mission_windwatch/install/share/aquabot_python/package.bash'
[0.906s] INFO:colcon.colcon_core.shell:Creating package script '/home/newman/vrx_ws/src/mission_windwatch/install/share/aquabot_python/package.zsh'
[0.906s] Level 1:colcon.colcon_core.environment:create_file_with_runtime_dependencies(/home/newman/vrx_ws/src/mission_windwatch/install/share/colcon-core/packages/aquabot_python)
[0.915s] DEBUG:colcon.colcon_core.event_handler.log_command:Invoking command in '/home/newman/vrx_ws/src/mission_windwatch/build/wamv_description': AMENT_PREFIX_PATH=/home/newman/vrx_ws/src/mission_windwatch/install:${AMENT_PREFIX_PATH} CMAKE_PREFIX_PATH=/home/newman/vrx_ws/src/mission_windwatch/install:/opt/ros/humble GZ_SIM_RESOURCE_PATH=/home/newman/vrx_ws/src/mission_windwatch/install/share/vrx_gazebo/models:/home/newman/vrx_ws/src/mission_windwatch/install/share PYTHONPATH=/home/newman/vrx_ws/src/mission_windwatch/install/local/lib/python3.10/dist-packages:${PYTHONPATH} /usr/bin/cmake --build /home/newman/vrx_ws/src/mission_windwatch/build/wamv_description -- -j9 -l9
[0.916s] DEBUG:colcon.colcon_core.event_handler.log_command:Invoking command in '/home/newman/vrx_ws/src/mission_windwatch/build/aquabot_description': AMENT_PREFIX_PATH=/home/newman/vrx_ws/src/mission_windwatch/install:${AMENT_PREFIX_PATH} CMAKE_PREFIX_PATH=/home/newman/vrx_ws/src/mission_windwatch/install:/opt/ros/humble GZ_SIM_RESOURCE_PATH=/home/newman/vrx_ws/src/mission_windwatch/install/share/vrx_gazebo/models:/home/newman/vrx_ws/src/mission_windwatch/install/share PYTHONPATH=/home/newman/vrx_ws/src/mission_windwatch/install/local/lib/python3.10/dist-packages:${PYTHONPATH} /usr/bin/cmake --build /home/newman/vrx_ws/src/mission_windwatch/build/aquabot_description -- -j9 -l9
[0.923s] Level 1:colcon.colcon_core.environment:create_environment_scripts_only(package_example)
[0.923s] Level 1:colcon.colcon_core.environment:checking '/home/newman/vrx_ws/src/mission_windwatch/install' for CMake module files
[0.923s] Level 1:colcon.colcon_core.environment:checking '/home/newman/vrx_ws/src/mission_windwatch/install' for CMake config files
[0.924s] Level 1:colcon.colcon_core.shell:create_environment_hook('package_example', 'cmake_prefix_path')
[0.924s] INFO:colcon.colcon_core.shell:Creating environment hook '/home/newman/vrx_ws/src/mission_windwatch/install/share/package_example/hook/cmake_prefix_path.ps1'
[0.924s] INFO:colcon.colcon_core.shell:Creating environment descriptor '/home/newman/vrx_ws/src/mission_windwatch/install/share/package_example/hook/cmake_prefix_path.dsv'
[0.924s] INFO:colcon.colcon_core.shell:Creating environment hook '/home/newman/vrx_ws/src/mission_windwatch/install/share/package_example/hook/cmake_prefix_path.sh'
[0.925s] Level 1:colcon.colcon_core.environment:checking '/home/newman/vrx_ws/src/mission_windwatch/install/lib'
[0.925s] Level 1:colcon.colcon_core.environment:checking '/home/newman/vrx_ws/src/mission_windwatch/install/bin'
[0.925s] Level 1:colcon.colcon_core.environment:checking '/home/newman/vrx_ws/src/mission_windwatch/install/lib/pkgconfig/package_example.pc'
[0.926s] Level 1:colcon.colcon_core.environment:checking '/home/newman/vrx_ws/src/mission_windwatch/install/lib/python3.10/site-packages'
[0.926s] Level 1:colcon.colcon_core.environment:checking '/home/newman/vrx_ws/src/mission_windwatch/install/bin'
[0.926s] INFO:colcon.colcon_core.shell:Creating package script '/home/newman/vrx_ws/src/mission_windwatch/install/share/package_example/package.ps1'
[0.927s] INFO:colcon.colcon_core.shell:Creating package descriptor '/home/newman/vrx_ws/src/mission_windwatch/install/share/package_example/package.dsv'
[0.927s] INFO:colcon.colcon_core.shell:Creating package script '/home/newman/vrx_ws/src/mission_windwatch/install/share/package_example/package.sh'
[0.928s] INFO:colcon.colcon_core.shell:Creating package script '/home/newman/vrx_ws/src/mission_windwatch/install/share/package_example/package.bash'
[0.928s] INFO:colcon.colcon_core.shell:Creating package script '/home/newman/vrx_ws/src/mission_windwatch/install/share/package_example/package.zsh'
[0.929s] Level 1:colcon.colcon_core.environment:create_file_with_runtime_dependencies(/home/newman/vrx_ws/src/mission_windwatch/install/share/colcon-core/packages/package_example)
[0.929s] Level 1:colcon.colcon_core.environment:create_environment_scripts_only(opencv_example)
[0.930s] Level 1:colcon.colcon_core.environment:checking '/home/newman/vrx_ws/src/mission_windwatch/install' for CMake module files
[0.930s] Level 1:colcon.colcon_core.environment:checking '/home/newman/vrx_ws/src/mission_windwatch/install' for CMake config files
[0.930s] Level 1:colcon.colcon_core.shell:create_environment_hook('opencv_example', 'cmake_prefix_path')
[0.930s] INFO:colcon.colcon_core.shell:Creating environment hook '/home/newman/vrx_ws/src/mission_windwatch/install/share/opencv_example/hook/cmake_prefix_path.ps1'
[0.931s] INFO:colcon.colcon_core.shell:Creating environment descriptor '/home/newman/vrx_ws/src/mission_windwatch/install/share/opencv_example/hook/cmake_prefix_path.dsv'
[0.931s] INFO:colcon.colcon_core.shell:Creating environment hook '/home/newman/vrx_ws/src/mission_windwatch/install/share/opencv_example/hook/cmake_prefix_path.sh'
[0.932s] Level 1:colcon.colcon_core.environment:checking '/home/newman/vrx_ws/src/mission_windwatch/install/lib'
[0.932s] Level 1:colcon.colcon_core.environment:checking '/home/newman/vrx_ws/src/mission_windwatch/install/bin'
[0.932s] Level 1:colcon.colcon_core.environment:checking '/home/newman/vrx_ws/src/mission_windwatch/install/lib/pkgconfig/opencv_example.pc'
[0.932s] Level 1:colcon.colcon_core.environment:checking '/home/newman/vrx_ws/src/mission_windwatch/install/lib/python3.10/site-packages'
[0.932s] Level 1:colcon.colcon_core.environment:checking '/home/newman/vrx_ws/src/mission_windwatch/install/bin'
[0.932s] INFO:colcon.colcon_core.shell:Creating package script '/home/newman/vrx_ws/src/mission_windwatch/install/share/opencv_example/package.ps1'
[0.933s] INFO:colcon.colcon_core.shell:Creating package descriptor '/home/newman/vrx_ws/src/mission_windwatch/install/share/opencv_example/package.dsv'
[0.933s] INFO:colcon.colcon_core.shell:Creating package script '/home/newman/vrx_ws/src/mission_windwatch/install/share/opencv_example/package.sh'
[0.933s] INFO:colcon.colcon_core.shell:Creating package script '/home/newman/vrx_ws/src/mission_windwatch/install/share/opencv_example/package.bash'
[0.934s] INFO:colcon.colcon_core.shell:Creating package script '/home/newman/vrx_ws/src/mission_windwatch/install/share/opencv_example/package.zsh'
[0.934s] Level 1:colcon.colcon_core.environment:create_file_with_runtime_dependencies(/home/newman/vrx_ws/src/mission_windwatch/install/share/colcon-core/packages/opencv_example)
[0.952s] DEBUG:colcon.colcon_core.event_handler.log_command:Invoked command in '/home/newman/vrx_ws/src/mission_windwatch/build/aquabot_description' returned '0': AMENT_PREFIX_PATH=/home/newman/vrx_ws/src/mission_windwatch/install:${AMENT_PREFIX_PATH} CMAKE_PREFIX_PATH=/home/newman/vrx_ws/src/mission_windwatch/install:/opt/ros/humble GZ_SIM_RESOURCE_PATH=/home/newman/vrx_ws/src/mission_windwatch/install/share/vrx_gazebo/models:/home/newman/vrx_ws/src/mission_windwatch/install/share PYTHONPATH=/home/newman/vrx_ws/src/mission_windwatch/install/local/lib/python3.10/dist-packages:${PYTHONPATH} /usr/bin/cmake --build /home/newman/vrx_ws/src/mission_windwatch/build/aquabot_description -- -j9 -l9
[0.963s] DEBUG:colcon.colcon_core.event_handler.log_command:Invoked command in '/home/newman/vrx_ws/src/mission_windwatch/build/wamv_description' returned '0': AMENT_PREFIX_PATH=/home/newman/vrx_ws/src/mission_windwatch/install:${AMENT_PREFIX_PATH} CMAKE_PREFIX_PATH=/home/newman/vrx_ws/src/mission_windwatch/install:/opt/ros/humble GZ_SIM_RESOURCE_PATH=/home/newman/vrx_ws/src/mission_windwatch/install/share/vrx_gazebo/models:/home/newman/vrx_ws/src/mission_windwatch/install/share PYTHONPATH=/home/newman/vrx_ws/src/mission_windwatch/install/local/lib/python3.10/dist-packages:${PYTHONPATH} /usr/bin/cmake --build /home/newman/vrx_ws/src/mission_windwatch/build/wamv_description -- -j9 -l9
[0.978s] DEBUG:colcon.colcon_core.event_handler.log_command:Invoking command in '/home/newman/vrx_ws/src/mission_windwatch/build/aquabot_description': AMENT_PREFIX_PATH=/home/newman/vrx_ws/src/mission_windwatch/install:${AMENT_PREFIX_PATH} CMAKE_PREFIX_PATH=/home/newman/vrx_ws/src/mission_windwatch/install:/opt/ros/humble GZ_SIM_RESOURCE_PATH=/home/newman/vrx_ws/src/mission_windwatch/install/share/vrx_gazebo/models:/home/newman/vrx_ws/src/mission_windwatch/install/share PYTHONPATH=/home/newman/vrx_ws/src/mission_windwatch/install/local/lib/python3.10/dist-packages:${PYTHONPATH} /usr/bin/cmake --install /home/newman/vrx_ws/src/mission_windwatch/build/aquabot_description
[0.989s] DEBUG:colcon.colcon_core.event_handler.log_command:Invoking command in '/home/newman/vrx_ws/src/mission_windwatch/build/wamv_description': AMENT_PREFIX_PATH=/home/newman/vrx_ws/src/mission_windwatch/install:${AMENT_PREFIX_PATH} CMAKE_PREFIX_PATH=/home/newman/vrx_ws/src/mission_windwatch/install:/opt/ros/humble GZ_SIM_RESOURCE_PATH=/home/newman/vrx_ws/src/mission_windwatch/install/share/vrx_gazebo/models:/home/newman/vrx_ws/src/mission_windwatch/install/share PYTHONPATH=/home/newman/vrx_ws/src/mission_windwatch/install/local/lib/python3.10/dist-packages:${PYTHONPATH} /usr/bin/cmake --install /home/newman/vrx_ws/src/mission_windwatch/build/wamv_description
[0.998s] Level 1:colcon.colcon_core.environment:create_environment_scripts_only(aquabot_description)
[0.999s] Level 1:colcon.colcon_core.environment:checking '/home/newman/vrx_ws/src/mission_windwatch/install' for CMake module files
[0.999s] Level 1:colcon.colcon_core.environment:checking '/home/newman/vrx_ws/src/mission_windwatch/install' for CMake config files
[0.999s] Level 1:colcon.colcon_core.shell:create_environment_hook('aquabot_description', 'cmake_prefix_path')
[0.999s] INFO:colcon.colcon_core.shell:Creating environment hook '/home/newman/vrx_ws/src/mission_windwatch/install/share/aquabot_description/hook/cmake_prefix_path.ps1'
[1.000s] INFO:colcon.colcon_core.shell:Creating environment descriptor '/home/newman/vrx_ws/src/mission_windwatch/install/share/aquabot_description/hook/cmake_prefix_path.dsv'
[1.000s] INFO:colcon.colcon_core.shell:Creating environment hook '/home/newman/vrx_ws/src/mission_windwatch/install/share/aquabot_description/hook/cmake_prefix_path.sh'
[1.000s] Level 1:colcon.colcon_core.environment:checking '/home/newman/vrx_ws/src/mission_windwatch/install/lib'
[1.000s] Level 1:colcon.colcon_core.environment:checking '/home/newman/vrx_ws/src/mission_windwatch/install/bin'
[1.000s] Level 1:colcon.colcon_core.environment:checking '/home/newman/vrx_ws/src/mission_windwatch/install/lib/pkgconfig/aquabot_description.pc'
[1.001s] Level 1:colcon.colcon_core.environment:checking '/home/newman/vrx_ws/src/mission_windwatch/install/lib/python3.10/site-packages'
[1.001s] Level 1:colcon.colcon_core.environment:checking '/home/newman/vrx_ws/src/mission_windwatch/install/bin'
[1.001s] INFO:colcon.colcon_core.shell:Creating package script '/home/newman/vrx_ws/src/mission_windwatch/install/share/aquabot_description/package.ps1'
[1.001s] INFO:colcon.colcon_core.shell:Creating package descriptor '/home/newman/vrx_ws/src/mission_windwatch/install/share/aquabot_description/package.dsv'
[1.002s] INFO:colcon.colcon_core.shell:Creating package script '/home/newman/vrx_ws/src/mission_windwatch/install/share/aquabot_description/package.sh'
[1.003s] INFO:colcon.colcon_core.shell:Creating package script '/home/newman/vrx_ws/src/mission_windwatch/install/share/aquabot_description/package.bash'
[1.003s] INFO:colcon.colcon_core.shell:Creating package script '/home/newman/vrx_ws/src/mission_windwatch/install/share/aquabot_description/package.zsh'
[1.003s] Level 1:colcon.colcon_core.environment:create_file_with_runtime_dependencies(/home/newman/vrx_ws/src/mission_windwatch/install/share/colcon-core/packages/aquabot_description)
[1.015s] Level 1:colcon.colcon_core.environment:create_environment_scripts_only(wamv_description)
[1.015s] Level 1:colcon.colcon_core.environment:checking '/home/newman/vrx_ws/src/mission_windwatch/install' for CMake module files
[1.016s] DEBUG:colcon.colcon_core.event_handler.log_command:Invoked command in '/home/newman/vrx_ws/src/mission_windwatch/build/aquabot_description' returned '0': AMENT_PREFIX_PATH=/home/newman/vrx_ws/src/mission_windwatch/install:${AMENT_PREFIX_PATH} CMAKE_PREFIX_PATH=/home/newman/vrx_ws/src/mission_windwatch/install:/opt/ros/humble GZ_SIM_RESOURCE_PATH=/home/newman/vrx_ws/src/mission_windwatch/install/share/vrx_gazebo/models:/home/newman/vrx_ws/src/mission_windwatch/install/share PYTHONPATH=/home/newman/vrx_ws/src/mission_windwatch/install/local/lib/python3.10/dist-packages:${PYTHONPATH} /usr/bin/cmake --install /home/newman/vrx_ws/src/mission_windwatch/build/aquabot_description
[1.017s] Level 1:colcon.colcon_core.environment:checking '/home/newman/vrx_ws/src/mission_windwatch/install' for CMake config files
[1.017s] Level 1:colcon.colcon_core.shell:create_environment_hook('wamv_description', 'cmake_prefix_path')
[1.017s] INFO:colcon.colcon_core.shell:Creating environment hook '/home/newman/vrx_ws/src/mission_windwatch/install/share/wamv_description/hook/cmake_prefix_path.ps1'
[1.018s] INFO:colcon.colcon_core.shell:Creating environment descriptor '/home/newman/vrx_ws/src/mission_windwatch/install/share/wamv_description/hook/cmake_prefix_path.dsv'
[1.018s] INFO:colcon.colcon_core.shell:Creating environment hook '/home/newman/vrx_ws/src/mission_windwatch/install/share/wamv_description/hook/cmake_prefix_path.sh'
[1.018s] Level 1:colcon.colcon_core.environment:checking '/home/newman/vrx_ws/src/mission_windwatch/install/lib'
[1.018s] Level 1:colcon.colcon_core.environment:checking '/home/newman/vrx_ws/src/mission_windwatch/install/bin'
[1.018s] Level 1:colcon.colcon_core.environment:checking '/home/newman/vrx_ws/src/mission_windwatch/install/lib/pkgconfig/wamv_description.pc'
[1.019s] Level 1:colcon.colcon_core.environment:checking '/home/newman/vrx_ws/src/mission_windwatch/install/lib/python3.10/site-packages'
[1.019s] Level 1:colcon.colcon_core.environment:checking '/home/newman/vrx_ws/src/mission_windwatch/install/bin'
[1.020s] INFO:colcon.colcon_core.shell:Creating package script '/home/newman/vrx_ws/src/mission_windwatch/install/share/wamv_description/package.ps1'
[1.020s] INFO:colcon.colcon_core.shell:Creating package descriptor '/home/newman/vrx_ws/src/mission_windwatch/install/share/wamv_description/package.dsv'
[1.021s] INFO:colcon.colcon_core.shell:Creating package script '/home/newman/vrx_ws/src/mission_windwatch/install/share/wamv_description/package.sh'
[1.022s] INFO:colcon.colcon_core.shell:Creating package script '/home/newman/vrx_ws/src/mission_windwatch/install/share/wamv_description/package.bash'
[1.023s] DEBUG:colcon.colcon_core.event_handler.log_command:Invoked command in '/home/newman/vrx_ws/src/mission_windwatch/build/vrx_gz' returned '0': AMENT_PREFIX_PATH=/home/newman/vrx_ws/src/mission_windwatch/install:${AMENT_PREFIX_PATH} CMAKE_PREFIX_PATH=/home/newman/vrx_ws/src/mission_windwatch/install:/opt/ros/humble /usr/bin/cmake --build /home/newman/vrx_ws/src/mission_windwatch/build/vrx_gz -- -j9 -l9
[1.023s] DEBUG:colcon.colcon_core.event_handler.log_command:Invoked command in '/home/newman/vrx_ws/src/mission_windwatch/build/wamv_description' returned '0': AMENT_PREFIX_PATH=/home/newman/vrx_ws/src/mission_windwatch/install:${AMENT_PREFIX_PATH} CMAKE_PREFIX_PATH=/home/newman/vrx_ws/src/mission_windwatch/install:/opt/ros/humble GZ_SIM_RESOURCE_PATH=/home/newman/vrx_ws/src/mission_windwatch/install/share/vrx_gazebo/models:/home/newman/vrx_ws/src/mission_windwatch/install/share PYTHONPATH=/home/newman/vrx_ws/src/mission_windwatch/install/local/lib/python3.10/dist-packages:${PYTHONPATH} /usr/bin/cmake --install /home/newman/vrx_ws/src/mission_windwatch/build/wamv_description
[1.023s] INFO:colcon.colcon_core.shell:Creating package script '/home/newman/vrx_ws/src/mission_windwatch/install/share/wamv_description/package.zsh'
[1.024s] Level 1:colcon.colcon_core.environment:create_file_with_runtime_dependencies(/home/newman/vrx_ws/src/mission_windwatch/install/share/colcon-core/packages/wamv_description)
[1.025s] Level 1:colcon.colcon_core.environment:create_environment_scripts_only(aquabot_description)
[1.025s] Level 1:colcon.colcon_core.environment:checking '/home/newman/vrx_ws/src/mission_windwatch/install' for CMake module files
[1.026s] Level 1:colcon.colcon_core.environment:checking '/home/newman/vrx_ws/src/mission_windwatch/install' for CMake config files
[1.026s] Level 1:colcon.colcon_core.shell:create_environment_hook('aquabot_description', 'cmake_prefix_path')
[1.026s] INFO:colcon.colcon_core.shell:Creating environment hook '/home/newman/vrx_ws/src/mission_windwatch/install/share/aquabot_description/hook/cmake_prefix_path.ps1'
[1.026s] INFO:colcon.colcon_core.shell:Creating environment descriptor '/home/newman/vrx_ws/src/mission_windwatch/install/share/aquabot_description/hook/cmake_prefix_path.dsv'
[1.027s] INFO:colcon.colcon_core.shell:Creating environment hook '/home/newman/vrx_ws/src/mission_windwatch/install/share/aquabot_description/hook/cmake_prefix_path.sh'
[1.027s] Level 1:colcon.colcon_core.environment:checking '/home/newman/vrx_ws/src/mission_windwatch/install/lib'
[1.027s] Level 1:colcon.colcon_core.environment:checking '/home/newman/vrx_ws/src/mission_windwatch/install/bin'
[1.027s] Level 1:colcon.colcon_core.environment:checking '/home/newman/vrx_ws/src/mission_windwatch/install/lib/pkgconfig/aquabot_description.pc'
[1.027s] Level 1:colcon.colcon_core.environment:checking '/home/newman/vrx_ws/src/mission_windwatch/install/lib/python3.10/site-packages'
[1.028s] Level 1:colcon.colcon_core.environment:checking '/home/newman/vrx_ws/src/mission_windwatch/install/bin'
[1.028s] INFO:colcon.colcon_core.shell:Creating package script '/home/newman/vrx_ws/src/mission_windwatch/install/share/aquabot_description/package.ps1'
[1.028s] INFO:colcon.colcon_core.shell:Creating package descriptor '/home/newman/vrx_ws/src/mission_windwatch/install/share/aquabot_description/package.dsv'
[1.029s] INFO:colcon.colcon_core.shell:Creating package script '/home/newman/vrx_ws/src/mission_windwatch/install/share/aquabot_description/package.sh'
[1.029s] INFO:colcon.colcon_core.shell:Creating package script '/home/newman/vrx_ws/src/mission_windwatch/install/share/aquabot_description/package.bash'
[1.029s] INFO:colcon.colcon_core.shell:Creating package script '/home/newman/vrx_ws/src/mission_windwatch/install/share/aquabot_description/package.zsh'
[1.030s] Level 1:colcon.colcon_core.environment:create_file_with_runtime_dependencies(/home/newman/vrx_ws/src/mission_windwatch/install/share/colcon-core/packages/aquabot_description)
[1.040s] Level 1:colcon.colcon_core.environment:create_environment_scripts_only(wamv_description)
[1.040s] Level 1:colcon.colcon_core.environment:checking '/home/newman/vrx_ws/src/mission_windwatch/install' for CMake module files
[1.041s] Level 1:colcon.colcon_core.environment:checking '/home/newman/vrx_ws/src/mission_windwatch/install' for CMake config files
[1.041s] Level 1:colcon.colcon_core.shell:create_environment_hook('wamv_description', 'cmake_prefix_path')
[1.041s] INFO:colcon.colcon_core.shell:Creating environment hook '/home/newman/vrx_ws/src/mission_windwatch/install/share/wamv_description/hook/cmake_prefix_path.ps1'
[1.041s] INFO:colcon.colcon_core.shell:Creating environment descriptor '/home/newman/vrx_ws/src/mission_windwatch/install/share/wamv_description/hook/cmake_prefix_path.dsv'
[1.042s] INFO:colcon.colcon_core.shell:Creating environment hook '/home/newman/vrx_ws/src/mission_windwatch/install/share/wamv_description/hook/cmake_prefix_path.sh'
[1.042s] Level 1:colcon.colcon_core.environment:checking '/home/newman/vrx_ws/src/mission_windwatch/install/lib'
[1.042s] Level 1:colcon.colcon_core.environment:checking '/home/newman/vrx_ws/src/mission_windwatch/install/bin'
[1.042s] Level 1:colcon.colcon_core.environment:checking '/home/newman/vrx_ws/src/mission_windwatch/install/lib/pkgconfig/wamv_description.pc'
[1.043s] Level 1:colcon.colcon_core.environment:checking '/home/newman/vrx_ws/src/mission_windwatch/install/lib/python3.10/site-packages'
[1.043s] Level 1:colcon.colcon_core.environment:checking '/home/newman/vrx_ws/src/mission_windwatch/install/bin'
[1.043s] INFO:colcon.colcon_core.shell:Creating package script '/home/newman/vrx_ws/src/mission_windwatch/install/share/wamv_description/package.ps1'
[1.044s] INFO:colcon.colcon_core.shell:Creating package descriptor '/home/newman/vrx_ws/src/mission_windwatch/install/share/wamv_description/package.dsv'
[1.044s] INFO:colcon.colcon_core.shell:Creating package script '/home/newman/vrx_ws/src/mission_windwatch/install/share/wamv_description/package.sh'
[1.044s] INFO:colcon.colcon_core.shell:Creating package script '/home/newman/vrx_ws/src/mission_windwatch/install/share/wamv_description/package.bash'
[1.045s] INFO:colcon.colcon_core.shell:Creating package script '/home/newman/vrx_ws/src/mission_windwatch/install/share/wamv_description/package.zsh'
[1.045s] Level 1:colcon.colcon_core.environment:create_file_with_runtime_dependencies(/home/newman/vrx_ws/src/mission_windwatch/install/share/colcon-core/packages/wamv_description)
[1.045s] INFO:colcon.colcon_ros.task.ament_cmake.build:Building ROS package in '/home/newman/vrx_ws/src/mission_windwatch/src/vrx/vrx_urdf/wamv_gazebo' with build type 'ament_cmake'
[1.045s] INFO:colcon.colcon_cmake.task.cmake.build:Building CMake package in '/home/newman/vrx_ws/src/mission_windwatch/src/vrx/vrx_urdf/wamv_gazebo'
[1.046s] INFO:colcon.colcon_core.shell:Skip shell extension 'powershell' for command environment: Not usable outside of PowerShell
[1.046s] DEBUG:colcon.colcon_core.shell:Skip shell extension 'dsv' for command environment
[1.052s] DEBUG:colcon.colcon_core.event_handler.log_command:Invoking command in '/home/newman/vrx_ws/src/mission_windwatch/build/wamv_gazebo': AMENT_PREFIX_PATH=/home/newman/vrx_ws/src/mission_windwatch/install:${AMENT_PREFIX_PATH} CMAKE_PREFIX_PATH=/home/newman/vrx_ws/src/mission_windwatch/install:/opt/ros/humble GZ_SIM_RESOURCE_PATH=/home/newman/vrx_ws/src/mission_windwatch/install/share/wamv_description/models:/home/newman/vrx_ws/src/mission_windwatch/install/share/vrx_gazebo/models:/home/newman/vrx_ws/src/mission_windwatch/install/share PYTHONPATH=/home/newman/vrx_ws/src/mission_windwatch/install/local/lib/python3.10/dist-packages:${PYTHONPATH} /usr/bin/cmake /home/newman/vrx_ws/src/mission_windwatch/src/vrx/vrx_urdf/wamv_gazebo -DCMAKE_INSTALL_PREFIX=/home/newman/vrx_ws/src/mission_windwatch/install
[1.101s] DEBUG:colcon.colcon_core.event_handler.log_command:Invoking command in '/home/newman/vrx_ws/src/mission_windwatch/build/vrx_gz': AMENT_PREFIX_PATH=/home/newman/vrx_ws/src/mission_windwatch/install:${AMENT_PREFIX_PATH} CMAKE_PREFIX_PATH=/home/newman/vrx_ws/src/mission_windwatch/install:/opt/ros/humble /usr/bin/cmake --install /home/newman/vrx_ws/src/mission_windwatch/build/vrx_gz
[1.101s] DEBUG:colcon.colcon_core.event_handler.log_command:Invoked command in '/home/newman/vrx_ws/src/mission_windwatch/build/visualization' returned '1': CMAKE_PREFIX_PATH=/opt/ros/humble /usr/bin/cmake /home/newman/vrx_ws/src/mission_windwatch/src/visualization -DCMAKE_INSTALL_PREFIX=/home/newman/vrx_ws/src/mission_windwatch/install
[1.111s] Level 1:colcon.colcon_core.environment:create_environment_scripts_only(visualization)
[1.111s] Level 1:colcon.colcon_core.environment:checking '/home/newman/vrx_ws/src/mission_windwatch/install' for CMake module files
[1.112s] Level 1:colcon.colcon_core.environment:checking '/home/newman/vrx_ws/src/mission_windwatch/install' for CMake config files
[1.112s] Level 1:colcon.colcon_core.shell:create_environment_hook('visualization', 'cmake_prefix_path')
[1.112s] INFO:colcon.colcon_core.shell:Creating environment hook '/home/newman/vrx_ws/src/mission_windwatch/install/share/visualization/hook/cmake_prefix_path.ps1'
[1.112s] INFO:colcon.colcon_core.shell:Creating environment descriptor '/home/newman/vrx_ws/src/mission_windwatch/install/share/visualization/hook/cmake_prefix_path.dsv'
[1.113s] INFO:colcon.colcon_core.shell:Creating environment hook '/home/newman/vrx_ws/src/mission_windwatch/install/share/visualization/hook/cmake_prefix_path.sh'
[1.114s] Level 1:colcon.colcon_core.environment:checking '/home/newman/vrx_ws/src/mission_windwatch/install/lib'
[1.114s] Level 1:colcon.colcon_core.shell:create_environment_hook('visualization', 'ld_library_path_lib')
[1.114s] INFO:colcon.colcon_core.shell:Creating environment hook '/home/newman/vrx_ws/src/mission_windwatch/install/share/visualization/hook/ld_library_path_lib.ps1'
[1.115s] INFO:colcon.colcon_core.shell:Creating environment descriptor '/home/newman/vrx_ws/src/mission_windwatch/install/share/visualization/hook/ld_library_path_lib.dsv'
[1.115s] INFO:colcon.colcon_core.shell:Creating environment hook '/home/newman/vrx_ws/src/mission_windwatch/install/share/visualization/hook/ld_library_path_lib.sh'
[1.116s] Level 1:colcon.colcon_core.environment:checking '/home/newman/vrx_ws/src/mission_windwatch/install/bin'
[1.116s] Level 1:colcon.colcon_core.environment:checking '/home/newman/vrx_ws/src/mission_windwatch/install/lib/pkgconfig/visualization.pc'
[1.116s] Level 1:colcon.colcon_core.environment:checking '/home/newman/vrx_ws/src/mission_windwatch/install/lib/python3.10/site-packages'
[1.116s] Level 1:colcon.colcon_core.environment:checking '/home/newman/vrx_ws/src/mission_windwatch/install/bin'
[1.116s] INFO:colcon.colcon_core.shell:Creating package script '/home/newman/vrx_ws/src/mission_windwatch/install/share/visualization/package.ps1'
[1.117s] INFO:colcon.colcon_core.shell:Creating package descriptor '/home/newman/vrx_ws/src/mission_windwatch/install/share/visualization/package.dsv'
[1.117s] INFO:colcon.colcon_core.shell:Creating package script '/home/newman/vrx_ws/src/mission_windwatch/install/share/visualization/package.sh'
[1.118s] INFO:colcon.colcon_core.shell:Creating package script '/home/newman/vrx_ws/src/mission_windwatch/install/share/visualization/package.bash'
[1.118s] INFO:colcon.colcon_core.shell:Creating package script '/home/newman/vrx_ws/src/mission_windwatch/install/share/visualization/package.zsh'
[1.118s] Level 1:colcon.colcon_core.environment:create_file_with_runtime_dependencies(/home/newman/vrx_ws/src/mission_windwatch/install/share/colcon-core/packages/visualization)
[1.556s] DEBUG:colcon.colcon_parallel_executor.executor.parallel:closing loop
[1.556s] DEBUG:colcon.colcon_parallel_executor.executor.parallel:loop closed
[1.556s] DEBUG:colcon.colcon_parallel_executor.executor.parallel:run_until_complete finished with '1'
[1.556s] DEBUG:colcon.colcon_core.event_reactor:joining thread
[1.561s] INFO:colcon.colcon_core.plugin_system:Skipping extension 'colcon_notification.desktop_notification.terminal_notifier': Not used on non-Darwin systems
[1.561s] INFO:colcon.colcon_core.plugin_system:Skipping extension 'colcon_notification.desktop_notification.win32': Not used on non-Windows systems
[1.561s] INFO:colcon.colcon_notification.desktop_notification:Sending desktop notification using 'notify2'
[1.573s] DEBUG:colcon.colcon_core.event_reactor:joined thread
[1.574s] INFO:colcon.colcon_core.shell:Creating prefix script '/home/newman/vrx_ws/src/mission_windwatch/install/local_setup.ps1'
[1.575s] INFO:colcon.colcon_core.shell:Creating prefix util module '/home/newman/vrx_ws/src/mission_windwatch/install/_local_setup_util_ps1.py'
[1.576s] INFO:colcon.colcon_core.shell:Creating prefix chain script '/home/newman/vrx_ws/src/mission_windwatch/install/setup.ps1'
[1.576s] INFO:colcon.colcon_core.shell:Creating prefix script '/home/newman/vrx_ws/src/mission_windwatch/install/local_setup.sh'
[1.577s] INFO:colcon.colcon_core.shell:Creating prefix util module '/home/newman/vrx_ws/src/mission_windwatch/install/_local_setup_util_sh.py'
[1.577s] INFO:colcon.colcon_core.shell:Creating prefix chain script '/home/newman/vrx_ws/src/mission_windwatch/install/setup.sh'
[1.578s] INFO:colcon.colcon_core.shell:Creating prefix script '/home/newman/vrx_ws/src/mission_windwatch/install/local_setup.bash'
[1.578s] INFO:colcon.colcon_core.shell:Creating prefix chain script '/home/newman/vrx_ws/src/mission_windwatch/install/setup.bash'
[1.579s] INFO:colcon.colcon_core.shell:Creating prefix script '/home/newman/vrx_ws/src/mission_windwatch/install/local_setup.zsh'
[1.579s] INFO:colcon.colcon_core.shell:Creating prefix chain script '/home/newman/vrx_ws/src/mission_windwatch/install/setup.zsh'
