[0.084s] DEBUG:colcon:Command line arguments: ['/usr/bin/colcon', 'build', '--merge-install', '--base-paths', 'src']
[0.084s] DEBUG:colcon:Parsed command line arguments: Namespace(log_base=None, log_level=None, verb_name='build', build_base='build', install_base='install', merge_install=True, symlink_install=False, test_result_base=None, continue_on_error=False, executor='parallel', parallel_workers=9, event_handlers=None, ignore_user_meta=False, metas=['./colcon.meta'], base_paths=['src'], packages_ignore=None, packages_ignore_regex=None, paths=None, packages_up_to=None, packages_up_to_regex=None, packages_above=None, packages_above_and_dependencies=None, packages_above_depth=None, packages_select_by_dep=None, packages_skip_by_dep=None, packages_skip_up_to=None, packages_select_build_failed=False, packages_skip_build_finished=False, packages_select_test_failures=False, packages_skip_test_passed=False, packages_select=None, packages_skip=None, packages_select_regex=None, packages_skip_regex=None, packages_start=None, packages_end=None, allow_overriding=[], cmake_args=None, cmake_target=None, cmake_target_skip_unavailable=False, cmake_clean_cache=False, cmake_clean_first=False, cmake_force_configure=False, ament_cmake_args=None, catkin_cmake_args=None, catkin_skip_building_tests=False, verb_parser=<colcon_defaults.argument_parser.defaults.DefaultArgumentsDecorator object at 0x7fe1ab217f10>, verb_extension=<colcon_core.verb.build.BuildVerb object at 0x7fe1ab217ac0>, main=<bound method BuildVerb.main of <colcon_core.verb.build.BuildVerb object at 0x7fe1ab217ac0>>)
[0.211s] Level 1:colcon.colcon_core.package_discovery:discover_packages(colcon_meta) check parameters
[0.211s] Level 1:colcon.colcon_core.package_discovery:discover_packages(recursive) check parameters
[0.211s] Level 1:colcon.colcon_core.package_discovery:discover_packages(ignore) check parameters
[0.211s] Level 1:colcon.colcon_core.package_discovery:discover_packages(path) check parameters
[0.211s] Level 1:colcon.colcon_core.package_discovery:discover_packages(recursive) discover
[0.211s] INFO:colcon.colcon_core.package_discovery:Crawling recursively for packages in '/home/newman/vrx_ws/src/mission_windwatch/src'
[0.211s] Level 1:colcon.colcon_core.package_identification:_identify(src) by extensions ['ignore', 'ignore_ament_install']
[0.211s] Level 1:colcon.colcon_core.package_identification:_identify(src) by extension 'ignore'
[0.211s] Level 1:colcon.colcon_core.package_identification:_identify(src) by extension 'ignore_ament_install'
[0.212s] Level 1:colcon.colcon_core.package_identification:_identify(src) by extensions ['colcon_pkg']
[0.212s] Level 1:colcon.colcon_core.package_identification:_identify(src) by extension 'colcon_pkg'
[0.212s] Level 1:colcon.colcon_core.package_identification:_identify(src) by extensions ['colcon_meta']
[0.212s] Level 1:colcon.colcon_core.package_identification:_identify(src) by extension 'colcon_meta'
[0.212s] Level 1:colcon.colcon_core.package_identification:_identify(src) by extensions ['ros']
[0.212s] Level 1:colcon.colcon_core.package_identification:_identify(src) by extension 'ros'
[0.220s] Level 1:colcon.colcon_core.package_identification:_identify(src) by extensions ['cmake', 'python']
[0.220s] Level 1:colcon.colcon_core.package_identification:_identify(src) by extension 'cmake'
[0.220s] Level 1:colcon.colcon_core.package_identification:_identify(src) by extension 'python'
[0.220s] Level 1:colcon.colcon_core.package_identification:_identify(src) by extensions ['python_setup_py']
[0.220s] Level 1:colcon.colcon_core.package_identification:_identify(src) by extension 'python_setup_py'
[0.220s] Level 1:colcon.colcon_core.package_identification:_identify(src/aquabot) by extensions ['ignore', 'ignore_ament_install']
[0.221s] Level 1:colcon.colcon_core.package_identification:_identify(src/aquabot) by extension 'ignore'
[0.221s] Level 1:colcon.colcon_core.package_identification:_identify(src/aquabot) by extension 'ignore_ament_install'
[0.221s] Level 1:colcon.colcon_core.package_identification:_identify(src/aquabot) by extensions ['colcon_pkg']
[0.221s] Level 1:colcon.colcon_core.package_identification:_identify(src/aquabot) by extension 'colcon_pkg'
[0.221s] Level 1:colcon.colcon_core.package_identification:_identify(src/aquabot) by extensions ['colcon_meta']
[0.221s] Level 1:colcon.colcon_core.package_identification:_identify(src/aquabot) by extension 'colcon_meta'
[0.221s] Level 1:colcon.colcon_core.package_identification:_identify(src/aquabot) by extensions ['ros']
[0.221s] Level 1:colcon.colcon_core.package_identification:_identify(src/aquabot) by extension 'ros'
[0.221s] Level 1:colcon.colcon_core.package_identification:_identify(src/aquabot) by extensions ['cmake', 'python']
[0.221s] Level 1:colcon.colcon_core.package_identification:_identify(src/aquabot) by extension 'cmake'
[0.221s] Level 1:colcon.colcon_core.package_identification:_identify(src/aquabot) by extension 'python'
[0.221s] Level 1:colcon.colcon_core.package_identification:_identify(src/aquabot) by extensions ['python_setup_py']
[0.221s] Level 1:colcon.colcon_core.package_identification:_identify(src/aquabot) by extension 'python_setup_py'
[0.221s] Level 1:colcon.colcon_core.package_identification:_identify(src/aquabot/aquabot_gz) by extensions ['ignore', 'ignore_ament_install']
[0.221s] Level 1:colcon.colcon_core.package_identification:_identify(src/aquabot/aquabot_gz) by extension 'ignore'
[0.221s] Level 1:colcon.colcon_core.package_identification:_identify(src/aquabot/aquabot_gz) by extension 'ignore_ament_install'
[0.221s] Level 1:colcon.colcon_core.package_identification:_identify(src/aquabot/aquabot_gz) by extensions ['colcon_pkg']
[0.221s] Level 1:colcon.colcon_core.package_identification:_identify(src/aquabot/aquabot_gz) by extension 'colcon_pkg'
[0.221s] Level 1:colcon.colcon_core.package_identification:_identify(src/aquabot/aquabot_gz) by extensions ['colcon_meta']
[0.221s] Level 1:colcon.colcon_core.package_identification:_identify(src/aquabot/aquabot_gz) by extension 'colcon_meta'
[0.221s] Level 1:colcon.colcon_core.package_identification:_identify(src/aquabot/aquabot_gz) by extensions ['ros']
[0.221s] Level 1:colcon.colcon_core.package_identification:_identify(src/aquabot/aquabot_gz) by extension 'ros'
[0.223s] DEBUG:colcon.colcon_core.package_identification:Package 'src/aquabot/aquabot_gz' with type 'ros.ament_cmake' and name 'aquabot_gz'
[0.223s] Level 1:colcon.colcon_core.package_identification:_identify(src/aquabot/aquabot_python) by extensions ['ignore', 'ignore_ament_install']
[0.223s] Level 1:colcon.colcon_core.package_identification:_identify(src/aquabot/aquabot_python) by extension 'ignore'
[0.224s] Level 1:colcon.colcon_core.package_identification:_identify(src/aquabot/aquabot_python) by extension 'ignore_ament_install'
[0.224s] Level 1:colcon.colcon_core.package_identification:_identify(src/aquabot/aquabot_python) by extensions ['colcon_pkg']
[0.224s] Level 1:colcon.colcon_core.package_identification:_identify(src/aquabot/aquabot_python) by extension 'colcon_pkg'
[0.224s] Level 1:colcon.colcon_core.package_identification:_identify(src/aquabot/aquabot_python) by extensions ['colcon_meta']
[0.224s] Level 1:colcon.colcon_core.package_identification:_identify(src/aquabot/aquabot_python) by extension 'colcon_meta'
[0.224s] Level 1:colcon.colcon_core.package_identification:_identify(src/aquabot/aquabot_python) by extensions ['ros']
[0.224s] Level 1:colcon.colcon_core.package_identification:_identify(src/aquabot/aquabot_python) by extension 'ros'
[0.224s] DEBUG:colcon.colcon_core.package_identification:Package 'src/aquabot/aquabot_python' with type 'ros.ament_cmake' and name 'aquabot_python'
[0.224s] Level 1:colcon.colcon_core.package_identification:_identify(src/aquabot/aquabot_urdf) by extensions ['ignore', 'ignore_ament_install']
[0.224s] Level 1:colcon.colcon_core.package_identification:_identify(src/aquabot/aquabot_urdf) by extension 'ignore'
[0.224s] Level 1:colcon.colcon_core.package_identification:_identify(src/aquabot/aquabot_urdf) by extension 'ignore_ament_install'
[0.224s] Level 1:colcon.colcon_core.package_identification:_identify(src/aquabot/aquabot_urdf) by extensions ['colcon_pkg']
[0.224s] Level 1:colcon.colcon_core.package_identification:_identify(src/aquabot/aquabot_urdf) by extension 'colcon_pkg'
[0.224s] Level 1:colcon.colcon_core.package_identification:_identify(src/aquabot/aquabot_urdf) by extensions ['colcon_meta']
[0.224s] Level 1:colcon.colcon_core.package_identification:_identify(src/aquabot/aquabot_urdf) by extension 'colcon_meta'
[0.225s] Level 1:colcon.colcon_core.package_identification:_identify(src/aquabot/aquabot_urdf) by extensions ['ros']
[0.225s] Level 1:colcon.colcon_core.package_identification:_identify(src/aquabot/aquabot_urdf) by extension 'ros'
[0.225s] Level 1:colcon.colcon_core.package_identification:_identify(src/aquabot/aquabot_urdf) by extensions ['cmake', 'python']
[0.225s] Level 1:colcon.colcon_core.package_identification:_identify(src/aquabot/aquabot_urdf) by extension 'cmake'
[0.225s] Level 1:colcon.colcon_core.package_identification:_identify(src/aquabot/aquabot_urdf) by extension 'python'
[0.225s] Level 1:colcon.colcon_core.package_identification:_identify(src/aquabot/aquabot_urdf) by extensions ['python_setup_py']
[0.225s] Level 1:colcon.colcon_core.package_identification:_identify(src/aquabot/aquabot_urdf) by extension 'python_setup_py'
[0.225s] Level 1:colcon.colcon_core.package_identification:_identify(src/aquabot/aquabot_urdf/aquabot_description) by extensions ['ignore', 'ignore_ament_install']
[0.225s] Level 1:colcon.colcon_core.package_identification:_identify(src/aquabot/aquabot_urdf/aquabot_description) by extension 'ignore'
[0.225s] Level 1:colcon.colcon_core.package_identification:_identify(src/aquabot/aquabot_urdf/aquabot_description) by extension 'ignore_ament_install'
[0.225s] Level 1:colcon.colcon_core.package_identification:_identify(src/aquabot/aquabot_urdf/aquabot_description) by extensions ['colcon_pkg']
[0.225s] Level 1:colcon.colcon_core.package_identification:_identify(src/aquabot/aquabot_urdf/aquabot_description) by extension 'colcon_pkg'
[0.225s] Level 1:colcon.colcon_core.package_identification:_identify(src/aquabot/aquabot_urdf/aquabot_description) by extensions ['colcon_meta']
[0.225s] Level 1:colcon.colcon_core.package_identification:_identify(src/aquabot/aquabot_urdf/aquabot_description) by extension 'colcon_meta'
[0.225s] Level 1:colcon.colcon_core.package_identification:_identify(src/aquabot/aquabot_urdf/aquabot_description) by extensions ['ros']
[0.225s] Level 1:colcon.colcon_core.package_identification:_identify(src/aquabot/aquabot_urdf/aquabot_description) by extension 'ros'
[0.226s] DEBUG:colcon.colcon_core.package_identification:Package 'src/aquabot/aquabot_urdf/aquabot_description' with type 'ros.ament_cmake' and name 'aquabot_description'
[0.226s] Level 1:colcon.colcon_core.package_identification:_identify(src/aquabot_competitor) by extensions ['ignore', 'ignore_ament_install']
[0.226s] Level 1:colcon.colcon_core.package_identification:_identify(src/aquabot_competitor) by extension 'ignore'
[0.226s] Level 1:colcon.colcon_core.package_identification:_identify(src/aquabot_competitor) by extension 'ignore_ament_install'
[0.226s] Level 1:colcon.colcon_core.package_identification:_identify(src/aquabot_competitor) by extensions ['colcon_pkg']
[0.226s] Level 1:colcon.colcon_core.package_identification:_identify(src/aquabot_competitor) by extension 'colcon_pkg'
[0.226s] Level 1:colcon.colcon_core.package_identification:_identify(src/aquabot_competitor) by extensions ['colcon_meta']
[0.226s] Level 1:colcon.colcon_core.package_identification:_identify(src/aquabot_competitor) by extension 'colcon_meta'
[0.226s] Level 1:colcon.colcon_core.package_identification:_identify(src/aquabot_competitor) by extensions ['ros']
[0.226s] Level 1:colcon.colcon_core.package_identification:_identify(src/aquabot_competitor) by extension 'ros'
[0.226s] Level 1:colcon.colcon_core.package_identification:_identify(src/aquabot_competitor) by extensions ['cmake', 'python']
[0.226s] Level 1:colcon.colcon_core.package_identification:_identify(src/aquabot_competitor) by extension 'cmake'
[0.226s] Level 1:colcon.colcon_core.package_identification:_identify(src/aquabot_competitor) by extension 'python'
[0.226s] Level 1:colcon.colcon_core.package_identification:_identify(src/aquabot_competitor) by extensions ['python_setup_py']
[0.226s] Level 1:colcon.colcon_core.package_identification:_identify(src/aquabot_competitor) by extension 'python_setup_py'
[0.226s] Level 1:colcon.colcon_core.package_identification:_identify(src/aquabot_competitor/aquabot_examples) by extensions ['ignore', 'ignore_ament_install']
[0.226s] Level 1:colcon.colcon_core.package_identification:_identify(src/aquabot_competitor/aquabot_examples) by extension 'ignore'
[0.226s] Level 1:colcon.colcon_core.package_identification:_identify(src/aquabot_competitor/aquabot_examples) by extension 'ignore_ament_install'
[0.227s] Level 1:colcon.colcon_core.package_identification:_identify(src/aquabot_competitor/aquabot_examples) by extensions ['colcon_pkg']
[0.227s] Level 1:colcon.colcon_core.package_identification:_identify(src/aquabot_competitor/aquabot_examples) by extension 'colcon_pkg'
[0.227s] Level 1:colcon.colcon_core.package_identification:_identify(src/aquabot_competitor/aquabot_examples) by extensions ['colcon_meta']
[0.227s] Level 1:colcon.colcon_core.package_identification:_identify(src/aquabot_competitor/aquabot_examples) by extension 'colcon_meta'
[0.227s] Level 1:colcon.colcon_core.package_identification:_identify(src/aquabot_competitor/aquabot_examples) by extensions ['ros']
[0.227s] Level 1:colcon.colcon_core.package_identification:_identify(src/aquabot_competitor/aquabot_examples) by extension 'ros'
[0.227s] Level 1:colcon.colcon_core.package_identification:_identify(src/aquabot_competitor/aquabot_examples) by extensions ['cmake', 'python']
[0.227s] Level 1:colcon.colcon_core.package_identification:_identify(src/aquabot_competitor/aquabot_examples) by extension 'cmake'
[0.227s] Level 1:colcon.colcon_core.package_identification:_identify(src/aquabot_competitor/aquabot_examples) by extension 'python'
[0.227s] Level 1:colcon.colcon_core.package_identification:_identify(src/aquabot_competitor/aquabot_examples) by extensions ['python_setup_py']
[0.227s] Level 1:colcon.colcon_core.package_identification:_identify(src/aquabot_competitor/aquabot_examples) by extension 'python_setup_py'
[0.227s] Level 1:colcon.colcon_core.package_identification:_identify(src/aquabot_competitor/aquabot_examples/aquabot_example) by extensions ['ignore', 'ignore_ament_install']
[0.227s] Level 1:colcon.colcon_core.package_identification:_identify(src/aquabot_competitor/aquabot_examples/aquabot_example) by extension 'ignore'
[0.227s] Level 1:colcon.colcon_core.package_identification:_identify(src/aquabot_competitor/aquabot_examples/aquabot_example) by extension 'ignore_ament_install'
[0.227s] Level 1:colcon.colcon_core.package_identification:_identify(src/aquabot_competitor/aquabot_examples/aquabot_example) by extensions ['colcon_pkg']
[0.227s] Level 1:colcon.colcon_core.package_identification:_identify(src/aquabot_competitor/aquabot_examples/aquabot_example) by extension 'colcon_pkg'
[0.227s] Level 1:colcon.colcon_core.package_identification:_identify(src/aquabot_competitor/aquabot_examples/aquabot_example) by extensions ['colcon_meta']
[0.227s] Level 1:colcon.colcon_core.package_identification:_identify(src/aquabot_competitor/aquabot_examples/aquabot_example) by extension 'colcon_meta'
[0.227s] Level 1:colcon.colcon_core.package_identification:_identify(src/aquabot_competitor/aquabot_examples/aquabot_example) by extensions ['ros']
[0.227s] Level 1:colcon.colcon_core.package_identification:_identify(src/aquabot_competitor/aquabot_examples/aquabot_example) by extension 'ros'
[0.228s] DEBUG:colcon.colcon_core.package_identification:Package 'src/aquabot_competitor/aquabot_examples/aquabot_example' with type 'ros.ament_cmake' and name 'aquabot_example'
[0.228s] Level 1:colcon.colcon_core.package_identification:_identify(src/aquabot_competitor/aquabot_examples/opencv_example) by extensions ['ignore', 'ignore_ament_install']
[0.228s] Level 1:colcon.colcon_core.package_identification:_identify(src/aquabot_competitor/aquabot_examples/opencv_example) by extension 'ignore'
[0.228s] Level 1:colcon.colcon_core.package_identification:_identify(src/aquabot_competitor/aquabot_examples/opencv_example) by extension 'ignore_ament_install'
[0.228s] Level 1:colcon.colcon_core.package_identification:_identify(src/aquabot_competitor/aquabot_examples/opencv_example) by extensions ['colcon_pkg']
[0.228s] Level 1:colcon.colcon_core.package_identification:_identify(src/aquabot_competitor/aquabot_examples/opencv_example) by extension 'colcon_pkg'
[0.228s] Level 1:colcon.colcon_core.package_identification:_identify(src/aquabot_competitor/aquabot_examples/opencv_example) by extensions ['colcon_meta']
[0.228s] Level 1:colcon.colcon_core.package_identification:_identify(src/aquabot_competitor/aquabot_examples/opencv_example) by extension 'colcon_meta'
[0.228s] Level 1:colcon.colcon_core.package_identification:_identify(src/aquabot_competitor/aquabot_examples/opencv_example) by extensions ['ros']
[0.228s] Level 1:colcon.colcon_core.package_identification:_identify(src/aquabot_competitor/aquabot_examples/opencv_example) by extension 'ros'
[0.229s] DEBUG:colcon.colcon_core.package_identification:Package 'src/aquabot_competitor/aquabot_examples/opencv_example' with type 'ros.ament_cmake' and name 'opencv_example'
[0.229s] Level 1:colcon.colcon_core.package_identification:_identify(src/aquabot_competitor/aquabot_examples/package_example) by extensions ['ignore', 'ignore_ament_install']
[0.229s] Level 1:colcon.colcon_core.package_identification:_identify(src/aquabot_competitor/aquabot_examples/package_example) by extension 'ignore'
[0.229s] Level 1:colcon.colcon_core.package_identification:_identify(src/aquabot_competitor/aquabot_examples/package_example) by extension 'ignore_ament_install'
[0.229s] Level 1:colcon.colcon_core.package_identification:_identify(src/aquabot_competitor/aquabot_examples/package_example) by extensions ['colcon_pkg']
[0.229s] Level 1:colcon.colcon_core.package_identification:_identify(src/aquabot_competitor/aquabot_examples/package_example) by extension 'colcon_pkg'
[0.229s] Level 1:colcon.colcon_core.package_identification:_identify(src/aquabot_competitor/aquabot_examples/package_example) by extensions ['colcon_meta']
[0.229s] Level 1:colcon.colcon_core.package_identification:_identify(src/aquabot_competitor/aquabot_examples/package_example) by extension 'colcon_meta'
[0.229s] Level 1:colcon.colcon_core.package_identification:_identify(src/aquabot_competitor/aquabot_examples/package_example) by extensions ['ros']
[0.230s] Level 1:colcon.colcon_core.package_identification:_identify(src/aquabot_competitor/aquabot_examples/package_example) by extension 'ros'
[0.230s] DEBUG:colcon.colcon_core.package_identification:Package 'src/aquabot_competitor/aquabot_examples/package_example' with type 'ros.ament_cmake' and name 'package_example'
[0.230s] Level 1:colcon.colcon_core.package_identification:_identify(src/aquabot_competitor/my_team_package) by extensions ['ignore', 'ignore_ament_install']
[0.230s] Level 1:colcon.colcon_core.package_identification:_identify(src/aquabot_competitor/my_team_package) by extension 'ignore'
[0.230s] Level 1:colcon.colcon_core.package_identification:_identify(src/aquabot_competitor/my_team_package) by extension 'ignore_ament_install'
[0.230s] Level 1:colcon.colcon_core.package_identification:_identify(src/aquabot_competitor/my_team_package) by extensions ['colcon_pkg']
[0.230s] Level 1:colcon.colcon_core.package_identification:_identify(src/aquabot_competitor/my_team_package) by extension 'colcon_pkg'
[0.230s] Level 1:colcon.colcon_core.package_identification:_identify(src/aquabot_competitor/my_team_package) by extensions ['colcon_meta']
[0.230s] Level 1:colcon.colcon_core.package_identification:_identify(src/aquabot_competitor/my_team_package) by extension 'colcon_meta'
[0.230s] Level 1:colcon.colcon_core.package_identification:_identify(src/aquabot_competitor/my_team_package) by extensions ['ros']
[0.230s] Level 1:colcon.colcon_core.package_identification:_identify(src/aquabot_competitor/my_team_package) by extension 'ros'
[0.231s] DEBUG:colcon.colcon_core.package_identification:Package 'src/aquabot_competitor/my_team_package' with type 'ros.ament_cmake' and name 'my_team_package'
[0.231s] Level 1:colcon.colcon_core.package_identification:_identify(src/mission_manager) by extensions ['ignore', 'ignore_ament_install']
[0.231s] Level 1:colcon.colcon_core.package_identification:_identify(src/mission_manager) by extension 'ignore'
[0.231s] Level 1:colcon.colcon_core.package_identification:_identify(src/mission_manager) by extension 'ignore_ament_install'
[0.231s] Level 1:colcon.colcon_core.package_identification:_identify(src/mission_manager) by extensions ['colcon_pkg']
[0.231s] Level 1:colcon.colcon_core.package_identification:_identify(src/mission_manager) by extension 'colcon_pkg'
[0.231s] Level 1:colcon.colcon_core.package_identification:_identify(src/mission_manager) by extensions ['colcon_meta']
[0.231s] Level 1:colcon.colcon_core.package_identification:_identify(src/mission_manager) by extension 'colcon_meta'
[0.231s] Level 1:colcon.colcon_core.package_identification:_identify(src/mission_manager) by extensions ['ros']
[0.231s] Level 1:colcon.colcon_core.package_identification:_identify(src/mission_manager) by extension 'ros'
[0.232s] DEBUG:colcon.colcon_core.package_identification:Package 'src/mission_manager' with type 'ros.ament_cmake' and name 'mission_manager'
[0.232s] Level 1:colcon.colcon_core.package_identification:_identify(src/navigation) by extensions ['ignore', 'ignore_ament_install']
[0.232s] Level 1:colcon.colcon_core.package_identification:_identify(src/navigation) by extension 'ignore'
[0.232s] Level 1:colcon.colcon_core.package_identification:_identify(src/navigation) by extension 'ignore_ament_install'
[0.232s] Level 1:colcon.colcon_core.package_identification:_identify(src/navigation) by extensions ['colcon_pkg']
[0.232s] Level 1:colcon.colcon_core.package_identification:_identify(src/navigation) by extension 'colcon_pkg'
[0.232s] Level 1:colcon.colcon_core.package_identification:_identify(src/navigation) by extensions ['colcon_meta']
[0.232s] Level 1:colcon.colcon_core.package_identification:_identify(src/navigation) by extension 'colcon_meta'
[0.232s] Level 1:colcon.colcon_core.package_identification:_identify(src/navigation) by extensions ['ros']
[0.232s] Level 1:colcon.colcon_core.package_identification:_identify(src/navigation) by extension 'ros'
[0.233s] DEBUG:colcon.colcon_core.package_identification:Package 'src/navigation' with type 'ros.ament_cmake' and name 'navigation'
[0.233s] Level 1:colcon.colcon_core.package_identification:_identify(src/sensors) by extensions ['ignore', 'ignore_ament_install']
[0.233s] Level 1:colcon.colcon_core.package_identification:_identify(src/sensors) by extension 'ignore'
[0.233s] Level 1:colcon.colcon_core.package_identification:_identify(src/sensors) by extension 'ignore_ament_install'
[0.233s] Level 1:colcon.colcon_core.package_identification:_identify(src/sensors) by extensions ['colcon_pkg']
[0.233s] Level 1:colcon.colcon_core.package_identification:_identify(src/sensors) by extension 'colcon_pkg'
[0.233s] Level 1:colcon.colcon_core.package_identification:_identify(src/sensors) by extensions ['colcon_meta']
[0.233s] Level 1:colcon.colcon_core.package_identification:_identify(src/sensors) by extension 'colcon_meta'
[0.233s] Level 1:colcon.colcon_core.package_identification:_identify(src/sensors) by extensions ['ros']
[0.233s] Level 1:colcon.colcon_core.package_identification:_identify(src/sensors) by extension 'ros'
[0.234s] DEBUG:colcon.colcon_core.package_identification:Package 'src/sensors' with type 'ros.ament_cmake' and name 'sensors'
[0.234s] Level 1:colcon.colcon_core.package_identification:_identify(src/visualization) by extensions ['ignore', 'ignore_ament_install']
[0.234s] Level 1:colcon.colcon_core.package_identification:_identify(src/visualization) by extension 'ignore'
[0.234s] Level 1:colcon.colcon_core.package_identification:_identify(src/visualization) by extension 'ignore_ament_install'
[0.234s] Level 1:colcon.colcon_core.package_identification:_identify(src/visualization) by extensions ['colcon_pkg']
[0.234s] Level 1:colcon.colcon_core.package_identification:_identify(src/visualization) by extension 'colcon_pkg'
[0.234s] Level 1:colcon.colcon_core.package_identification:_identify(src/visualization) by extensions ['colcon_meta']
[0.234s] Level 1:colcon.colcon_core.package_identification:_identify(src/visualization) by extension 'colcon_meta'
[0.234s] Level 1:colcon.colcon_core.package_identification:_identify(src/visualization) by extensions ['ros']
[0.234s] Level 1:colcon.colcon_core.package_identification:_identify(src/visualization) by extension 'ros'
[0.235s] DEBUG:colcon.colcon_core.package_identification:Package 'src/visualization' with type 'ros.ament_cmake' and name 'visualization'
[0.235s] Level 1:colcon.colcon_core.package_identification:_identify(src/vrx) by extensions ['ignore', 'ignore_ament_install']
[0.235s] Level 1:colcon.colcon_core.package_identification:_identify(src/vrx) by extension 'ignore'
[0.235s] Level 1:colcon.colcon_core.package_identification:_identify(src/vrx) by extension 'ignore_ament_install'
[0.235s] Level 1:colcon.colcon_core.package_identification:_identify(src/vrx) by extensions ['colcon_pkg']
[0.235s] Level 1:colcon.colcon_core.package_identification:_identify(src/vrx) by extension 'colcon_pkg'
[0.235s] Level 1:colcon.colcon_core.package_identification:_identify(src/vrx) by extensions ['colcon_meta']
[0.235s] Level 1:colcon.colcon_core.package_identification:_identify(src/vrx) by extension 'colcon_meta'
[0.235s] Level 1:colcon.colcon_core.package_identification:_identify(src/vrx) by extensions ['ros']
[0.235s] Level 1:colcon.colcon_core.package_identification:_identify(src/vrx) by extension 'ros'
[0.235s] Level 1:colcon.colcon_core.package_identification:_identify(src/vrx) by extensions ['cmake', 'python']
[0.235s] Level 1:colcon.colcon_core.package_identification:_identify(src/vrx) by extension 'cmake'
[0.235s] Level 1:colcon.colcon_core.package_identification:_identify(src/vrx) by extension 'python'
[0.235s] Level 1:colcon.colcon_core.package_identification:_identify(src/vrx) by extensions ['python_setup_py']
[0.235s] Level 1:colcon.colcon_core.package_identification:_identify(src/vrx) by extension 'python_setup_py'
[0.235s] Level 1:colcon.colcon_core.package_identification:_identify(src/vrx/images) by extensions ['ignore', 'ignore_ament_install']
[0.235s] Level 1:colcon.colcon_core.package_identification:_identify(src/vrx/images) by extension 'ignore'
[0.236s] Level 1:colcon.colcon_core.package_identification:_identify(src/vrx/images) by extension 'ignore_ament_install'
[0.236s] Level 1:colcon.colcon_core.package_identification:_identify(src/vrx/images) by extensions ['colcon_pkg']
[0.236s] Level 1:colcon.colcon_core.package_identification:_identify(src/vrx/images) by extension 'colcon_pkg'
[0.236s] Level 1:colcon.colcon_core.package_identification:_identify(src/vrx/images) by extensions ['colcon_meta']
[0.236s] Level 1:colcon.colcon_core.package_identification:_identify(src/vrx/images) by extension 'colcon_meta'
[0.236s] Level 1:colcon.colcon_core.package_identification:_identify(src/vrx/images) by extensions ['ros']
[0.236s] Level 1:colcon.colcon_core.package_identification:_identify(src/vrx/images) by extension 'ros'
[0.236s] Level 1:colcon.colcon_core.package_identification:_identify(src/vrx/images) by extensions ['cmake', 'python']
[0.236s] Level 1:colcon.colcon_core.package_identification:_identify(src/vrx/images) by extension 'cmake'
[0.236s] Level 1:colcon.colcon_core.package_identification:_identify(src/vrx/images) by extension 'python'
[0.236s] Level 1:colcon.colcon_core.package_identification:_identify(src/vrx/images) by extensions ['python_setup_py']
[0.236s] Level 1:colcon.colcon_core.package_identification:_identify(src/vrx/images) by extension 'python_setup_py'
[0.236s] Level 1:colcon.colcon_core.package_identification:_identify(src/vrx/vrx_gz) by extensions ['ignore', 'ignore_ament_install']
[0.236s] Level 1:colcon.colcon_core.package_identification:_identify(src/vrx/vrx_gz) by extension 'ignore'
[0.236s] Level 1:colcon.colcon_core.package_identification:_identify(src/vrx/vrx_gz) by extension 'ignore_ament_install'
[0.236s] Level 1:colcon.colcon_core.package_identification:_identify(src/vrx/vrx_gz) by extensions ['colcon_pkg']
[0.236s] Level 1:colcon.colcon_core.package_identification:_identify(src/vrx/vrx_gz) by extension 'colcon_pkg'
[0.236s] Level 1:colcon.colcon_core.package_identification:_identify(src/vrx/vrx_gz) by extensions ['colcon_meta']
[0.236s] Level 1:colcon.colcon_core.package_identification:_identify(src/vrx/vrx_gz) by extension 'colcon_meta'
[0.236s] Level 1:colcon.colcon_core.package_identification:_identify(src/vrx/vrx_gz) by extensions ['ros']
[0.236s] Level 1:colcon.colcon_core.package_identification:_identify(src/vrx/vrx_gz) by extension 'ros'
[0.237s] DEBUG:colcon.colcon_core.package_identification:Package 'src/vrx/vrx_gz' with type 'ros.ament_cmake' and name 'vrx_gz'
[0.237s] Level 1:colcon.colcon_core.package_identification:_identify(src/vrx/vrx_ros) by extensions ['ignore', 'ignore_ament_install']
[0.237s] Level 1:colcon.colcon_core.package_identification:_identify(src/vrx/vrx_ros) by extension 'ignore'
[0.237s] Level 1:colcon.colcon_core.package_identification:_identify(src/vrx/vrx_ros) by extension 'ignore_ament_install'
[0.237s] Level 1:colcon.colcon_core.package_identification:_identify(src/vrx/vrx_ros) by extensions ['colcon_pkg']
[0.237s] Level 1:colcon.colcon_core.package_identification:_identify(src/vrx/vrx_ros) by extension 'colcon_pkg'
[0.237s] Level 1:colcon.colcon_core.package_identification:_identify(src/vrx/vrx_ros) by extensions ['colcon_meta']
[0.237s] Level 1:colcon.colcon_core.package_identification:_identify(src/vrx/vrx_ros) by extension 'colcon_meta'
[0.237s] Level 1:colcon.colcon_core.package_identification:_identify(src/vrx/vrx_ros) by extensions ['ros']
[0.237s] Level 1:colcon.colcon_core.package_identification:_identify(src/vrx/vrx_ros) by extension 'ros'
[0.238s] DEBUG:colcon.colcon_core.package_identification:Package 'src/vrx/vrx_ros' with type 'ros.ament_cmake' and name 'vrx_ros'
[0.238s] Level 1:colcon.colcon_core.package_identification:_identify(src/vrx/vrx_urdf) by extensions ['ignore', 'ignore_ament_install']
[0.238s] Level 1:colcon.colcon_core.package_identification:_identify(src/vrx/vrx_urdf) by extension 'ignore'
[0.238s] Level 1:colcon.colcon_core.package_identification:_identify(src/vrx/vrx_urdf) by extension 'ignore_ament_install'
[0.238s] Level 1:colcon.colcon_core.package_identification:_identify(src/vrx/vrx_urdf) by extensions ['colcon_pkg']
[0.238s] Level 1:colcon.colcon_core.package_identification:_identify(src/vrx/vrx_urdf) by extension 'colcon_pkg'
[0.238s] Level 1:colcon.colcon_core.package_identification:_identify(src/vrx/vrx_urdf) by extensions ['colcon_meta']
[0.238s] Level 1:colcon.colcon_core.package_identification:_identify(src/vrx/vrx_urdf) by extension 'colcon_meta'
[0.238s] Level 1:colcon.colcon_core.package_identification:_identify(src/vrx/vrx_urdf) by extensions ['ros']
[0.238s] Level 1:colcon.colcon_core.package_identification:_identify(src/vrx/vrx_urdf) by extension 'ros'
[0.238s] Level 1:colcon.colcon_core.package_identification:_identify(src/vrx/vrx_urdf) by extensions ['cmake', 'python']
[0.239s] Level 1:colcon.colcon_core.package_identification:_identify(src/vrx/vrx_urdf) by extension 'cmake'
[0.239s] Level 1:colcon.colcon_core.package_identification:_identify(src/vrx/vrx_urdf) by extension 'python'
[0.239s] Level 1:colcon.colcon_core.package_identification:_identify(src/vrx/vrx_urdf) by extensions ['python_setup_py']
[0.239s] Level 1:colcon.colcon_core.package_identification:_identify(src/vrx/vrx_urdf) by extension 'python_setup_py'
[0.239s] Level 1:colcon.colcon_core.package_identification:_identify(src/vrx/vrx_urdf/vrx_gazebo) by extensions ['ignore', 'ignore_ament_install']
[0.239s] Level 1:colcon.colcon_core.package_identification:_identify(src/vrx/vrx_urdf/vrx_gazebo) by extension 'ignore'
[0.239s] Level 1:colcon.colcon_core.package_identification:_identify(src/vrx/vrx_urdf/vrx_gazebo) by extension 'ignore_ament_install'
[0.239s] Level 1:colcon.colcon_core.package_identification:_identify(src/vrx/vrx_urdf/vrx_gazebo) by extensions ['colcon_pkg']
[0.239s] Level 1:colcon.colcon_core.package_identification:_identify(src/vrx/vrx_urdf/vrx_gazebo) by extension 'colcon_pkg'
[0.239s] Level 1:colcon.colcon_core.package_identification:_identify(src/vrx/vrx_urdf/vrx_gazebo) by extensions ['colcon_meta']
[0.239s] Level 1:colcon.colcon_core.package_identification:_identify(src/vrx/vrx_urdf/vrx_gazebo) by extension 'colcon_meta'
[0.239s] Level 1:colcon.colcon_core.package_identification:_identify(src/vrx/vrx_urdf/vrx_gazebo) by extensions ['ros']
[0.239s] Level 1:colcon.colcon_core.package_identification:_identify(src/vrx/vrx_urdf/vrx_gazebo) by extension 'ros'
[0.239s] DEBUG:colcon.colcon_core.package_identification:Package 'src/vrx/vrx_urdf/vrx_gazebo' with type 'ros.ament_cmake' and name 'vrx_gazebo'
[0.240s] Level 1:colcon.colcon_core.package_identification:_identify(src/vrx/vrx_urdf/wamv_description) by extensions ['ignore', 'ignore_ament_install']
[0.240s] Level 1:colcon.colcon_core.package_identification:_identify(src/vrx/vrx_urdf/wamv_description) by extension 'ignore'
[0.240s] Level 1:colcon.colcon_core.package_identification:_identify(src/vrx/vrx_urdf/wamv_description) by extension 'ignore_ament_install'
[0.240s] Level 1:colcon.colcon_core.package_identification:_identify(src/vrx/vrx_urdf/wamv_description) by extensions ['colcon_pkg']
[0.240s] Level 1:colcon.colcon_core.package_identification:_identify(src/vrx/vrx_urdf/wamv_description) by extension 'colcon_pkg'
[0.240s] Level 1:colcon.colcon_core.package_identification:_identify(src/vrx/vrx_urdf/wamv_description) by extensions ['colcon_meta']
[0.240s] Level 1:colcon.colcon_core.package_identification:_identify(src/vrx/vrx_urdf/wamv_description) by extension 'colcon_meta'
[0.240s] Level 1:colcon.colcon_core.package_identification:_identify(src/vrx/vrx_urdf/wamv_description) by extensions ['ros']
[0.240s] Level 1:colcon.colcon_core.package_identification:_identify(src/vrx/vrx_urdf/wamv_description) by extension 'ros'
[0.240s] DEBUG:colcon.colcon_core.package_identification:Package 'src/vrx/vrx_urdf/wamv_description' with type 'ros.ament_cmake' and name 'wamv_description'
[0.241s] Level 1:colcon.colcon_core.package_identification:_identify(src/vrx/vrx_urdf/wamv_gazebo) by extensions ['ignore', 'ignore_ament_install']
[0.241s] Level 1:colcon.colcon_core.package_identification:_identify(src/vrx/vrx_urdf/wamv_gazebo) by extension 'ignore'
[0.241s] Level 1:colcon.colcon_core.package_identification:_identify(src/vrx/vrx_urdf/wamv_gazebo) by extension 'ignore_ament_install'
[0.241s] Level 1:colcon.colcon_core.package_identification:_identify(src/vrx/vrx_urdf/wamv_gazebo) by extensions ['colcon_pkg']
[0.241s] Level 1:colcon.colcon_core.package_identification:_identify(src/vrx/vrx_urdf/wamv_gazebo) by extension 'colcon_pkg'
[0.241s] Level 1:colcon.colcon_core.package_identification:_identify(src/vrx/vrx_urdf/wamv_gazebo) by extensions ['colcon_meta']
[0.241s] Level 1:colcon.colcon_core.package_identification:_identify(src/vrx/vrx_urdf/wamv_gazebo) by extension 'colcon_meta'
[0.241s] Level 1:colcon.colcon_core.package_identification:_identify(src/vrx/vrx_urdf/wamv_gazebo) by extensions ['ros']
[0.241s] Level 1:colcon.colcon_core.package_identification:_identify(src/vrx/vrx_urdf/wamv_gazebo) by extension 'ros'
[0.242s] DEBUG:colcon.colcon_core.package_identification:Package 'src/vrx/vrx_urdf/wamv_gazebo' with type 'ros.ament_cmake' and name 'wamv_gazebo'
[0.242s] Level 1:colcon.colcon_core.package_discovery:discover_packages(recursive) using defaults
[0.265s] Level 1:colcon.colcon_core.package_discovery:discover_packages(prefix_path) check parameters
[0.265s] Level 1:colcon.colcon_core.package_discovery:discover_packages(prefix_path) discover
[0.266s] DEBUG:colcon.colcon_installed_package_information.package_discovery:Found 15 installed packages in /home/newman/vrx_ws/src/mission_windwatch/install
[0.267s] DEBUG:colcon.colcon_installed_package_information.package_discovery:Found 283 installed packages in /opt/ros/humble
[0.268s] Level 1:colcon.colcon_core.package_discovery:discover_packages(prefix_path) using defaults
[0.298s] Level 5:colcon.colcon_core.verb:set package 'aquabot_example' build argument 'cmake_args' from command line to 'None'
[0.299s] Level 5:colcon.colcon_core.verb:set package 'aquabot_example' build argument 'cmake_target' from command line to 'None'
[0.299s] Level 5:colcon.colcon_core.verb:set package 'aquabot_example' build argument 'cmake_target_skip_unavailable' from command line to 'False'
[0.299s] Level 5:colcon.colcon_core.verb:set package 'aquabot_example' build argument 'cmake_clean_cache' from command line to 'False'
[0.299s] Level 5:colcon.colcon_core.verb:set package 'aquabot_example' build argument 'cmake_clean_first' from command line to 'False'
[0.299s] Level 5:colcon.colcon_core.verb:set package 'aquabot_example' build argument 'cmake_force_configure' from command line to 'False'
[0.299s] Level 5:colcon.colcon_core.verb:set package 'aquabot_example' build argument 'ament_cmake_args' from command line to 'None'
[0.299s] Level 5:colcon.colcon_core.verb:set package 'aquabot_example' build argument 'catkin_cmake_args' from command line to 'None'
[0.299s] Level 5:colcon.colcon_core.verb:set package 'aquabot_example' build argument 'catkin_skip_building_tests' from command line to 'False'
[0.299s] DEBUG:colcon.colcon_core.verb:Building package 'aquabot_example' with the following arguments: {'ament_cmake_args': None, 'build_base': '/home/newman/vrx_ws/src/mission_windwatch/build/aquabot_example', 'catkin_cmake_args': None, 'catkin_skip_building_tests': False, 'cmake_args': None, 'cmake_clean_cache': False, 'cmake_clean_first': False, 'cmake_force_configure': False, 'cmake_target': None, 'cmake_target_skip_unavailable': False, 'install_base': '/home/newman/vrx_ws/src/mission_windwatch/install', 'merge_install': True, 'path': '/home/newman/vrx_ws/src/mission_windwatch/src/aquabot_competitor/aquabot_examples/aquabot_example', 'symlink_install': False, 'test_result_base': None}
[0.299s] Level 5:colcon.colcon_core.verb:set package 'aquabot_python' build argument 'cmake_args' from command line to 'None'
[0.299s] Level 5:colcon.colcon_core.verb:set package 'aquabot_python' build argument 'cmake_target' from command line to 'None'
[0.299s] Level 5:colcon.colcon_core.verb:set package 'aquabot_python' build argument 'cmake_target_skip_unavailable' from command line to 'False'
[0.299s] Level 5:colcon.colcon_core.verb:set package 'aquabot_python' build argument 'cmake_clean_cache' from command line to 'False'
[0.299s] Level 5:colcon.colcon_core.verb:set package 'aquabot_python' build argument 'cmake_clean_first' from command line to 'False'
[0.299s] Level 5:colcon.colcon_core.verb:set package 'aquabot_python' build argument 'cmake_force_configure' from command line to 'False'
[0.299s] Level 5:colcon.colcon_core.verb:set package 'aquabot_python' build argument 'ament_cmake_args' from command line to 'None'
[0.299s] Level 5:colcon.colcon_core.verb:set package 'aquabot_python' build argument 'catkin_cmake_args' from command line to 'None'
[0.299s] Level 5:colcon.colcon_core.verb:set package 'aquabot_python' build argument 'catkin_skip_building_tests' from command line to 'False'
[0.299s] DEBUG:colcon.colcon_core.verb:Building package 'aquabot_python' with the following arguments: {'ament_cmake_args': None, 'build_base': '/home/newman/vrx_ws/src/mission_windwatch/build/aquabot_python', 'catkin_cmake_args': None, 'catkin_skip_building_tests': False, 'cmake_args': None, 'cmake_clean_cache': False, 'cmake_clean_first': False, 'cmake_force_configure': False, 'cmake_target': None, 'cmake_target_skip_unavailable': False, 'install_base': '/home/newman/vrx_ws/src/mission_windwatch/install', 'merge_install': True, 'path': '/home/newman/vrx_ws/src/mission_windwatch/src/aquabot/aquabot_python', 'symlink_install': False, 'test_result_base': None}
[0.300s] Level 5:colcon.colcon_core.verb:set package 'mission_manager' build argument 'cmake_args' from command line to 'None'
[0.300s] Level 5:colcon.colcon_core.verb:set package 'mission_manager' build argument 'cmake_target' from command line to 'None'
[0.300s] Level 5:colcon.colcon_core.verb:set package 'mission_manager' build argument 'cmake_target_skip_unavailable' from command line to 'False'
[0.300s] Level 5:colcon.colcon_core.verb:set package 'mission_manager' build argument 'cmake_clean_cache' from command line to 'False'
[0.300s] Level 5:colcon.colcon_core.verb:set package 'mission_manager' build argument 'cmake_clean_first' from command line to 'False'
[0.300s] Level 5:colcon.colcon_core.verb:set package 'mission_manager' build argument 'cmake_force_configure' from command line to 'False'
[0.300s] Level 5:colcon.colcon_core.verb:set package 'mission_manager' build argument 'ament_cmake_args' from command line to 'None'
[0.300s] Level 5:colcon.colcon_core.verb:set package 'mission_manager' build argument 'catkin_cmake_args' from command line to 'None'
[0.300s] Level 5:colcon.colcon_core.verb:set package 'mission_manager' build argument 'catkin_skip_building_tests' from command line to 'False'
[0.300s] DEBUG:colcon.colcon_core.verb:Building package 'mission_manager' with the following arguments: {'ament_cmake_args': None, 'build_base': '/home/newman/vrx_ws/src/mission_windwatch/build/mission_manager', 'catkin_cmake_args': None, 'catkin_skip_building_tests': False, 'cmake_args': None, 'cmake_clean_cache': False, 'cmake_clean_first': False, 'cmake_force_configure': False, 'cmake_target': None, 'cmake_target_skip_unavailable': False, 'install_base': '/home/newman/vrx_ws/src/mission_windwatch/install', 'merge_install': True, 'path': '/home/newman/vrx_ws/src/mission_windwatch/src/mission_manager', 'symlink_install': False, 'test_result_base': None}
[0.300s] Level 5:colcon.colcon_core.verb:set package 'my_team_package' build argument 'cmake_args' from command line to 'None'
[0.300s] Level 5:colcon.colcon_core.verb:set package 'my_team_package' build argument 'cmake_target' from command line to 'None'
[0.300s] Level 5:colcon.colcon_core.verb:set package 'my_team_package' build argument 'cmake_target_skip_unavailable' from command line to 'False'
[0.300s] Level 5:colcon.colcon_core.verb:set package 'my_team_package' build argument 'cmake_clean_cache' from command line to 'False'
[0.300s] Level 5:colcon.colcon_core.verb:set package 'my_team_package' build argument 'cmake_clean_first' from command line to 'False'
[0.300s] Level 5:colcon.colcon_core.verb:set package 'my_team_package' build argument 'cmake_force_configure' from command line to 'False'
[0.300s] Level 5:colcon.colcon_core.verb:set package 'my_team_package' build argument 'ament_cmake_args' from command line to 'None'
[0.300s] Level 5:colcon.colcon_core.verb:set package 'my_team_package' build argument 'catkin_cmake_args' from command line to 'None'
[0.300s] Level 5:colcon.colcon_core.verb:set package 'my_team_package' build argument 'catkin_skip_building_tests' from command line to 'False'
[0.300s] DEBUG:colcon.colcon_core.verb:Building package 'my_team_package' with the following arguments: {'ament_cmake_args': None, 'build_base': '/home/newman/vrx_ws/src/mission_windwatch/build/my_team_package', 'catkin_cmake_args': None, 'catkin_skip_building_tests': False, 'cmake_args': None, 'cmake_clean_cache': False, 'cmake_clean_first': False, 'cmake_force_configure': False, 'cmake_target': None, 'cmake_target_skip_unavailable': False, 'install_base': '/home/newman/vrx_ws/src/mission_windwatch/install', 'merge_install': True, 'path': '/home/newman/vrx_ws/src/mission_windwatch/src/aquabot_competitor/my_team_package', 'symlink_install': False, 'test_result_base': None}
[0.300s] Level 5:colcon.colcon_core.verb:set package 'navigation' build argument 'cmake_args' from command line to 'None'
[0.300s] Level 5:colcon.colcon_core.verb:set package 'navigation' build argument 'cmake_target' from command line to 'None'
[0.301s] Level 5:colcon.colcon_core.verb:set package 'navigation' build argument 'cmake_target_skip_unavailable' from command line to 'False'
[0.301s] Level 5:colcon.colcon_core.verb:set package 'navigation' build argument 'cmake_clean_cache' from command line to 'False'
[0.301s] Level 5:colcon.colcon_core.verb:set package 'navigation' build argument 'cmake_clean_first' from command line to 'False'
[0.301s] Level 5:colcon.colcon_core.verb:set package 'navigation' build argument 'cmake_force_configure' from command line to 'False'
[0.301s] Level 5:colcon.colcon_core.verb:set package 'navigation' build argument 'ament_cmake_args' from command line to 'None'
[0.301s] Level 5:colcon.colcon_core.verb:set package 'navigation' build argument 'catkin_cmake_args' from command line to 'None'
[0.301s] Level 5:colcon.colcon_core.verb:set package 'navigation' build argument 'catkin_skip_building_tests' from command line to 'False'
[0.301s] DEBUG:colcon.colcon_core.verb:Building package 'navigation' with the following arguments: {'ament_cmake_args': None, 'build_base': '/home/newman/vrx_ws/src/mission_windwatch/build/navigation', 'catkin_cmake_args': None, 'catkin_skip_building_tests': False, 'cmake_args': None, 'cmake_clean_cache': False, 'cmake_clean_first': False, 'cmake_force_configure': False, 'cmake_target': None, 'cmake_target_skip_unavailable': False, 'install_base': '/home/newman/vrx_ws/src/mission_windwatch/install', 'merge_install': True, 'path': '/home/newman/vrx_ws/src/mission_windwatch/src/navigation', 'symlink_install': False, 'test_result_base': None}
[0.301s] Level 5:colcon.colcon_core.verb:set package 'opencv_example' build argument 'cmake_args' from command line to 'None'
[0.301s] Level 5:colcon.colcon_core.verb:set package 'opencv_example' build argument 'cmake_target' from command line to 'None'
[0.301s] Level 5:colcon.colcon_core.verb:set package 'opencv_example' build argument 'cmake_target_skip_unavailable' from command line to 'False'
[0.301s] Level 5:colcon.colcon_core.verb:set package 'opencv_example' build argument 'cmake_clean_cache' from command line to 'False'
[0.301s] Level 5:colcon.colcon_core.verb:set package 'opencv_example' build argument 'cmake_clean_first' from command line to 'False'
[0.301s] Level 5:colcon.colcon_core.verb:set package 'opencv_example' build argument 'cmake_force_configure' from command line to 'False'
[0.301s] Level 5:colcon.colcon_core.verb:set package 'opencv_example' build argument 'ament_cmake_args' from command line to 'None'
[0.301s] Level 5:colcon.colcon_core.verb:set package 'opencv_example' build argument 'catkin_cmake_args' from command line to 'None'
[0.301s] Level 5:colcon.colcon_core.verb:set package 'opencv_example' build argument 'catkin_skip_building_tests' from command line to 'False'
[0.301s] DEBUG:colcon.colcon_core.verb:Building package 'opencv_example' with the following arguments: {'ament_cmake_args': None, 'build_base': '/home/newman/vrx_ws/src/mission_windwatch/build/opencv_example', 'catkin_cmake_args': None, 'catkin_skip_building_tests': False, 'cmake_args': None, 'cmake_clean_cache': False, 'cmake_clean_first': False, 'cmake_force_configure': False, 'cmake_target': None, 'cmake_target_skip_unavailable': False, 'install_base': '/home/newman/vrx_ws/src/mission_windwatch/install', 'merge_install': True, 'path': '/home/newman/vrx_ws/src/mission_windwatch/src/aquabot_competitor/aquabot_examples/opencv_example', 'symlink_install': False, 'test_result_base': None}
[0.301s] Level 5:colcon.colcon_core.verb:set package 'package_example' build argument 'cmake_args' from command line to 'None'
[0.301s] Level 5:colcon.colcon_core.verb:set package 'package_example' build argument 'cmake_target' from command line to 'None'
[0.301s] Level 5:colcon.colcon_core.verb:set package 'package_example' build argument 'cmake_target_skip_unavailable' from command line to 'False'
[0.301s] Level 5:colcon.colcon_core.verb:set package 'package_example' build argument 'cmake_clean_cache' from command line to 'False'
[0.301s] Level 5:colcon.colcon_core.verb:set package 'package_example' build argument 'cmake_clean_first' from command line to 'False'
[0.301s] Level 5:colcon.colcon_core.verb:set package 'package_example' build argument 'cmake_force_configure' from command line to 'False'
[0.301s] Level 5:colcon.colcon_core.verb:set package 'package_example' build argument 'ament_cmake_args' from command line to 'None'
[0.301s] Level 5:colcon.colcon_core.verb:set package 'package_example' build argument 'catkin_cmake_args' from command line to 'None'
[0.302s] Level 5:colcon.colcon_core.verb:set package 'package_example' build argument 'catkin_skip_building_tests' from command line to 'False'
[0.302s] DEBUG:colcon.colcon_core.verb:Building package 'package_example' with the following arguments: {'ament_cmake_args': None, 'build_base': '/home/newman/vrx_ws/src/mission_windwatch/build/package_example', 'catkin_cmake_args': None, 'catkin_skip_building_tests': False, 'cmake_args': None, 'cmake_clean_cache': False, 'cmake_clean_first': False, 'cmake_force_configure': False, 'cmake_target': None, 'cmake_target_skip_unavailable': False, 'install_base': '/home/newman/vrx_ws/src/mission_windwatch/install', 'merge_install': True, 'path': '/home/newman/vrx_ws/src/mission_windwatch/src/aquabot_competitor/aquabot_examples/package_example', 'symlink_install': False, 'test_result_base': None}
[0.302s] Level 5:colcon.colcon_core.verb:set package 'sensors' build argument 'cmake_args' from command line to 'None'
[0.302s] Level 5:colcon.colcon_core.verb:set package 'sensors' build argument 'cmake_target' from command line to 'None'
[0.302s] Level 5:colcon.colcon_core.verb:set package 'sensors' build argument 'cmake_target_skip_unavailable' from command line to 'False'
[0.302s] Level 5:colcon.colcon_core.verb:set package 'sensors' build argument 'cmake_clean_cache' from command line to 'False'
[0.302s] Level 5:colcon.colcon_core.verb:set package 'sensors' build argument 'cmake_clean_first' from command line to 'False'
[0.302s] Level 5:colcon.colcon_core.verb:set package 'sensors' build argument 'cmake_force_configure' from command line to 'False'
[0.302s] Level 5:colcon.colcon_core.verb:set package 'sensors' build argument 'ament_cmake_args' from command line to 'None'
[0.302s] Level 5:colcon.colcon_core.verb:set package 'sensors' build argument 'catkin_cmake_args' from command line to 'None'
[0.302s] Level 5:colcon.colcon_core.verb:set package 'sensors' build argument 'catkin_skip_building_tests' from command line to 'False'
[0.302s] DEBUG:colcon.colcon_core.verb:Building package 'sensors' with the following arguments: {'ament_cmake_args': None, 'build_base': '/home/newman/vrx_ws/src/mission_windwatch/build/sensors', 'catkin_cmake_args': None, 'catkin_skip_building_tests': False, 'cmake_args': None, 'cmake_clean_cache': False, 'cmake_clean_first': False, 'cmake_force_configure': False, 'cmake_target': None, 'cmake_target_skip_unavailable': False, 'install_base': '/home/newman/vrx_ws/src/mission_windwatch/install', 'merge_install': True, 'path': '/home/newman/vrx_ws/src/mission_windwatch/src/sensors', 'symlink_install': False, 'test_result_base': None}
[0.302s] Level 5:colcon.colcon_core.verb:set package 'visualization' build argument 'cmake_args' from command line to 'None'
[0.302s] Level 5:colcon.colcon_core.verb:set package 'visualization' build argument 'cmake_target' from command line to 'None'
[0.302s] Level 5:colcon.colcon_core.verb:set package 'visualization' build argument 'cmake_target_skip_unavailable' from command line to 'False'
[0.302s] Level 5:colcon.colcon_core.verb:set package 'visualization' build argument 'cmake_clean_cache' from command line to 'False'
[0.302s] Level 5:colcon.colcon_core.verb:set package 'visualization' build argument 'cmake_clean_first' from command line to 'False'
[0.302s] Level 5:colcon.colcon_core.verb:set package 'visualization' build argument 'cmake_force_configure' from command line to 'False'
[0.302s] Level 5:colcon.colcon_core.verb:set package 'visualization' build argument 'ament_cmake_args' from command line to 'None'
[0.302s] Level 5:colcon.colcon_core.verb:set package 'visualization' build argument 'catkin_cmake_args' from command line to 'None'
[0.302s] Level 5:colcon.colcon_core.verb:set package 'visualization' build argument 'catkin_skip_building_tests' from command line to 'False'
[0.302s] DEBUG:colcon.colcon_core.verb:Building package 'visualization' with the following arguments: {'ament_cmake_args': None, 'build_base': '/home/newman/vrx_ws/src/mission_windwatch/build/visualization', 'catkin_cmake_args': None, 'catkin_skip_building_tests': False, 'cmake_args': None, 'cmake_clean_cache': False, 'cmake_clean_first': False, 'cmake_force_configure': False, 'cmake_target': None, 'cmake_target_skip_unavailable': False, 'install_base': '/home/newman/vrx_ws/src/mission_windwatch/install', 'merge_install': True, 'path': '/home/newman/vrx_ws/src/mission_windwatch/src/visualization', 'symlink_install': False, 'test_result_base': None}
[0.303s] Level 5:colcon.colcon_core.verb:set package 'vrx_gazebo' build argument 'cmake_args' from command line to 'None'
[0.303s] Level 5:colcon.colcon_core.verb:set package 'vrx_gazebo' build argument 'cmake_target' from command line to 'None'
[0.303s] Level 5:colcon.colcon_core.verb:set package 'vrx_gazebo' build argument 'cmake_target_skip_unavailable' from command line to 'False'
[0.303s] Level 5:colcon.colcon_core.verb:set package 'vrx_gazebo' build argument 'cmake_clean_cache' from command line to 'False'
[0.303s] Level 5:colcon.colcon_core.verb:set package 'vrx_gazebo' build argument 'cmake_clean_first' from command line to 'False'
[0.303s] Level 5:colcon.colcon_core.verb:set package 'vrx_gazebo' build argument 'cmake_force_configure' from command line to 'False'
[0.303s] Level 5:colcon.colcon_core.verb:set package 'vrx_gazebo' build argument 'ament_cmake_args' from command line to 'None'
[0.303s] Level 5:colcon.colcon_core.verb:set package 'vrx_gazebo' build argument 'catkin_cmake_args' from command line to 'None'
[0.303s] Level 5:colcon.colcon_core.verb:set package 'vrx_gazebo' build argument 'catkin_skip_building_tests' from command line to 'False'
[0.303s] DEBUG:colcon.colcon_core.verb:Building package 'vrx_gazebo' with the following arguments: {'ament_cmake_args': None, 'build_base': '/home/newman/vrx_ws/src/mission_windwatch/build/vrx_gazebo', 'catkin_cmake_args': None, 'catkin_skip_building_tests': False, 'cmake_args': None, 'cmake_clean_cache': False, 'cmake_clean_first': False, 'cmake_force_configure': False, 'cmake_target': None, 'cmake_target_skip_unavailable': False, 'install_base': '/home/newman/vrx_ws/src/mission_windwatch/install', 'merge_install': True, 'path': '/home/newman/vrx_ws/src/mission_windwatch/src/vrx/vrx_urdf/vrx_gazebo', 'symlink_install': False, 'test_result_base': None}
[0.303s] Level 5:colcon.colcon_core.verb:set package 'vrx_ros' build argument 'cmake_args' from command line to 'None'
[0.303s] Level 5:colcon.colcon_core.verb:set package 'vrx_ros' build argument 'cmake_target' from command line to 'None'
[0.303s] Level 5:colcon.colcon_core.verb:set package 'vrx_ros' build argument 'cmake_target_skip_unavailable' from command line to 'False'
[0.303s] Level 5:colcon.colcon_core.verb:set package 'vrx_ros' build argument 'cmake_clean_cache' from command line to 'False'
[0.303s] Level 5:colcon.colcon_core.verb:set package 'vrx_ros' build argument 'cmake_clean_first' from command line to 'False'
[0.303s] Level 5:colcon.colcon_core.verb:set package 'vrx_ros' build argument 'cmake_force_configure' from command line to 'False'
[0.303s] Level 5:colcon.colcon_core.verb:set package 'vrx_ros' build argument 'ament_cmake_args' from command line to 'None'
[0.303s] Level 5:colcon.colcon_core.verb:set package 'vrx_ros' build argument 'catkin_cmake_args' from command line to 'None'
[0.303s] Level 5:colcon.colcon_core.verb:set package 'vrx_ros' build argument 'catkin_skip_building_tests' from command line to 'False'
[0.303s] DEBUG:colcon.colcon_core.verb:Building package 'vrx_ros' with the following arguments: {'ament_cmake_args': None, 'build_base': '/home/newman/vrx_ws/src/mission_windwatch/build/vrx_ros', 'catkin_cmake_args': None, 'catkin_skip_building_tests': False, 'cmake_args': None, 'cmake_clean_cache': False, 'cmake_clean_first': False, 'cmake_force_configure': False, 'cmake_target': None, 'cmake_target_skip_unavailable': False, 'install_base': '/home/newman/vrx_ws/src/mission_windwatch/install', 'merge_install': True, 'path': '/home/newman/vrx_ws/src/mission_windwatch/src/vrx/vrx_ros', 'symlink_install': False, 'test_result_base': None}
[0.304s] Level 5:colcon.colcon_core.verb:set package 'aquabot_description' build argument 'cmake_args' from command line to 'None'
[0.304s] Level 5:colcon.colcon_core.verb:set package 'aquabot_description' build argument 'cmake_target' from command line to 'None'
[0.304s] Level 5:colcon.colcon_core.verb:set package 'aquabot_description' build argument 'cmake_target_skip_unavailable' from command line to 'False'
[0.304s] Level 5:colcon.colcon_core.verb:set package 'aquabot_description' build argument 'cmake_clean_cache' from command line to 'False'
[0.304s] Level 5:colcon.colcon_core.verb:set package 'aquabot_description' build argument 'cmake_clean_first' from command line to 'False'
[0.304s] Level 5:colcon.colcon_core.verb:set package 'aquabot_description' build argument 'cmake_force_configure' from command line to 'False'
[0.304s] Level 5:colcon.colcon_core.verb:set package 'aquabot_description' build argument 'ament_cmake_args' from command line to 'None'
[0.304s] Level 5:colcon.colcon_core.verb:set package 'aquabot_description' build argument 'catkin_cmake_args' from command line to 'None'
[0.304s] Level 5:colcon.colcon_core.verb:set package 'aquabot_description' build argument 'catkin_skip_building_tests' from command line to 'False'
[0.304s] DEBUG:colcon.colcon_core.verb:Building package 'aquabot_description' with the following arguments: {'ament_cmake_args': None, 'build_base': '/home/newman/vrx_ws/src/mission_windwatch/build/aquabot_description', 'catkin_cmake_args': None, 'catkin_skip_building_tests': False, 'cmake_args': None, 'cmake_clean_cache': False, 'cmake_clean_first': False, 'cmake_force_configure': False, 'cmake_target': None, 'cmake_target_skip_unavailable': False, 'install_base': '/home/newman/vrx_ws/src/mission_windwatch/install', 'merge_install': True, 'path': '/home/newman/vrx_ws/src/mission_windwatch/src/aquabot/aquabot_urdf/aquabot_description', 'symlink_install': False, 'test_result_base': None}
[0.304s] Level 5:colcon.colcon_core.verb:set package 'vrx_gz' build argument 'cmake_args' from command line to 'None'
[0.304s] Level 5:colcon.colcon_core.verb:set package 'vrx_gz' build argument 'cmake_target' from command line to 'None'
[0.304s] Level 5:colcon.colcon_core.verb:set package 'vrx_gz' build argument 'cmake_target_skip_unavailable' from command line to 'False'
[0.304s] Level 5:colcon.colcon_core.verb:set package 'vrx_gz' build argument 'cmake_clean_cache' from command line to 'False'
[0.304s] Level 5:colcon.colcon_core.verb:set package 'vrx_gz' build argument 'cmake_clean_first' from command line to 'False'
[0.304s] Level 5:colcon.colcon_core.verb:set package 'vrx_gz' build argument 'cmake_force_configure' from command line to 'False'
[0.304s] Level 5:colcon.colcon_core.verb:set package 'vrx_gz' build argument 'ament_cmake_args' from command line to 'None'
[0.304s] Level 5:colcon.colcon_core.verb:set package 'vrx_gz' build argument 'catkin_cmake_args' from command line to 'None'
[0.304s] Level 5:colcon.colcon_core.verb:set package 'vrx_gz' build argument 'catkin_skip_building_tests' from command line to 'False'
[0.304s] DEBUG:colcon.colcon_core.verb:Building package 'vrx_gz' with the following arguments: {'ament_cmake_args': None, 'build_base': '/home/newman/vrx_ws/src/mission_windwatch/build/vrx_gz', 'catkin_cmake_args': None, 'catkin_skip_building_tests': False, 'cmake_args': None, 'cmake_clean_cache': False, 'cmake_clean_first': False, 'cmake_force_configure': False, 'cmake_target': None, 'cmake_target_skip_unavailable': False, 'install_base': '/home/newman/vrx_ws/src/mission_windwatch/install', 'merge_install': True, 'path': '/home/newman/vrx_ws/src/mission_windwatch/src/vrx/vrx_gz', 'symlink_install': False, 'test_result_base': None}
[0.304s] Level 5:colcon.colcon_core.verb:set package 'wamv_description' build argument 'cmake_args' from command line to 'None'
[0.305s] Level 5:colcon.colcon_core.verb:set package 'wamv_description' build argument 'cmake_target' from command line to 'None'
[0.305s] Level 5:colcon.colcon_core.verb:set package 'wamv_description' build argument 'cmake_target_skip_unavailable' from command line to 'False'
[0.305s] Level 5:colcon.colcon_core.verb:set package 'wamv_description' build argument 'cmake_clean_cache' from command line to 'False'
[0.305s] Level 5:colcon.colcon_core.verb:set package 'wamv_description' build argument 'cmake_clean_first' from command line to 'False'
[0.305s] Level 5:colcon.colcon_core.verb:set package 'wamv_description' build argument 'cmake_force_configure' from command line to 'False'
[0.305s] Level 5:colcon.colcon_core.verb:set package 'wamv_description' build argument 'ament_cmake_args' from command line to 'None'
[0.305s] Level 5:colcon.colcon_core.verb:set package 'wamv_description' build argument 'catkin_cmake_args' from command line to 'None'
[0.305s] Level 5:colcon.colcon_core.verb:set package 'wamv_description' build argument 'catkin_skip_building_tests' from command line to 'False'
[0.305s] DEBUG:colcon.colcon_core.verb:Building package 'wamv_description' with the following arguments: {'ament_cmake_args': None, 'build_base': '/home/newman/vrx_ws/src/mission_windwatch/build/wamv_description', 'catkin_cmake_args': None, 'catkin_skip_building_tests': False, 'cmake_args': None, 'cmake_clean_cache': False, 'cmake_clean_first': False, 'cmake_force_configure': False, 'cmake_target': None, 'cmake_target_skip_unavailable': False, 'install_base': '/home/newman/vrx_ws/src/mission_windwatch/install', 'merge_install': True, 'path': '/home/newman/vrx_ws/src/mission_windwatch/src/vrx/vrx_urdf/wamv_description', 'symlink_install': False, 'test_result_base': None}
[0.305s] Level 5:colcon.colcon_core.verb:set package 'aquabot_gz' build argument 'cmake_args' from command line to 'None'
[0.305s] Level 5:colcon.colcon_core.verb:set package 'aquabot_gz' build argument 'cmake_target' from command line to 'None'
[0.305s] Level 5:colcon.colcon_core.verb:set package 'aquabot_gz' build argument 'cmake_target_skip_unavailable' from command line to 'False'
[0.305s] Level 5:colcon.colcon_core.verb:set package 'aquabot_gz' build argument 'cmake_clean_cache' from command line to 'False'
[0.305s] Level 5:colcon.colcon_core.verb:set package 'aquabot_gz' build argument 'cmake_clean_first' from command line to 'False'
[0.305s] Level 5:colcon.colcon_core.verb:set package 'aquabot_gz' build argument 'cmake_force_configure' from command line to 'False'
[0.305s] Level 5:colcon.colcon_core.verb:set package 'aquabot_gz' build argument 'ament_cmake_args' from command line to 'None'
[0.305s] Level 5:colcon.colcon_core.verb:set package 'aquabot_gz' build argument 'catkin_cmake_args' from command line to 'None'
[0.305s] Level 5:colcon.colcon_core.verb:set package 'aquabot_gz' build argument 'catkin_skip_building_tests' from command line to 'False'
[0.305s] DEBUG:colcon.colcon_core.verb:Building package 'aquabot_gz' with the following arguments: {'ament_cmake_args': None, 'build_base': '/home/newman/vrx_ws/src/mission_windwatch/build/aquabot_gz', 'catkin_cmake_args': None, 'catkin_skip_building_tests': False, 'cmake_args': None, 'cmake_clean_cache': False, 'cmake_clean_first': False, 'cmake_force_configure': False, 'cmake_target': None, 'cmake_target_skip_unavailable': False, 'install_base': '/home/newman/vrx_ws/src/mission_windwatch/install', 'merge_install': True, 'path': '/home/newman/vrx_ws/src/mission_windwatch/src/aquabot/aquabot_gz', 'symlink_install': False, 'test_result_base': None}
[0.305s] Level 5:colcon.colcon_core.verb:set package 'wamv_gazebo' build argument 'cmake_args' from command line to 'None'
[0.305s] Level 5:colcon.colcon_core.verb:set package 'wamv_gazebo' build argument 'cmake_target' from command line to 'None'
[0.305s] Level 5:colcon.colcon_core.verb:set package 'wamv_gazebo' build argument 'cmake_target_skip_unavailable' from command line to 'False'
[0.305s] Level 5:colcon.colcon_core.verb:set package 'wamv_gazebo' build argument 'cmake_clean_cache' from command line to 'False'
[0.306s] Level 5:colcon.colcon_core.verb:set package 'wamv_gazebo' build argument 'cmake_clean_first' from command line to 'False'
[0.306s] Level 5:colcon.colcon_core.verb:set package 'wamv_gazebo' build argument 'cmake_force_configure' from command line to 'False'
[0.306s] Level 5:colcon.colcon_core.verb:set package 'wamv_gazebo' build argument 'ament_cmake_args' from command line to 'None'
[0.306s] Level 5:colcon.colcon_core.verb:set package 'wamv_gazebo' build argument 'catkin_cmake_args' from command line to 'None'
[0.306s] Level 5:colcon.colcon_core.verb:set package 'wamv_gazebo' build argument 'catkin_skip_building_tests' from command line to 'False'
[0.306s] DEBUG:colcon.colcon_core.verb:Building package 'wamv_gazebo' with the following arguments: {'ament_cmake_args': None, 'build_base': '/home/newman/vrx_ws/src/mission_windwatch/build/wamv_gazebo', 'catkin_cmake_args': None, 'catkin_skip_building_tests': False, 'cmake_args': None, 'cmake_clean_cache': False, 'cmake_clean_first': False, 'cmake_force_configure': False, 'cmake_target': None, 'cmake_target_skip_unavailable': False, 'install_base': '/home/newman/vrx_ws/src/mission_windwatch/install', 'merge_install': True, 'path': '/home/newman/vrx_ws/src/mission_windwatch/src/vrx/vrx_urdf/wamv_gazebo', 'symlink_install': False, 'test_result_base': None}
[0.306s] INFO:colcon.colcon_core.executor:Executing jobs using 'parallel' executor
[0.306s] DEBUG:colcon.colcon_parallel_executor.executor.parallel:run_until_complete
[0.307s] INFO:colcon.colcon_ros.task.ament_cmake.build:Building ROS package in '/home/newman/vrx_ws/src/mission_windwatch/src/vrx/vrx_urdf/vrx_gazebo' with build type 'ament_cmake'
[0.307s] INFO:colcon.colcon_cmake.task.cmake.build:Building CMake package in '/home/newman/vrx_ws/src/mission_windwatch/src/vrx/vrx_urdf/vrx_gazebo'
[0.309s] INFO:colcon.colcon_core.plugin_system:Skipping extension 'colcon_core.shell.bat': Not used on non-Windows systems
[0.309s] INFO:colcon.colcon_core.shell:Skip shell extension 'powershell' for command environment: Not usable outside of PowerShell
[0.309s] DEBUG:colcon.colcon_core.shell:Skip shell extension 'dsv' for command environment
[0.312s] INFO:colcon.colcon_ros.task.ament_cmake.build:Building ROS package in '/home/newman/vrx_ws/src/mission_windwatch/src/vrx/vrx_ros' with build type 'ament_cmake'
[0.312s] INFO:colcon.colcon_cmake.task.cmake.build:Building CMake package in '/home/newman/vrx_ws/src/mission_windwatch/src/vrx/vrx_ros'
[0.313s] INFO:colcon.colcon_core.shell:Skip shell extension 'powershell' for command environment: Not usable outside of PowerShell
[0.313s] DEBUG:colcon.colcon_core.shell:Skip shell extension 'dsv' for command environment
[0.315s] INFO:colcon.colcon_ros.task.ament_cmake.build:Building ROS package in '/home/newman/vrx_ws/src/mission_windwatch/src/aquabot_competitor/aquabot_examples/aquabot_example' with build type 'ament_cmake'
[0.315s] INFO:colcon.colcon_cmake.task.cmake.build:Building CMake package in '/home/newman/vrx_ws/src/mission_windwatch/src/aquabot_competitor/aquabot_examples/aquabot_example'
[0.315s] INFO:colcon.colcon_core.shell:Skip shell extension 'powershell' for command environment: Not usable outside of PowerShell
[0.315s] DEBUG:colcon.colcon_core.shell:Skip shell extension 'dsv' for command environment
[0.318s] INFO:colcon.colcon_ros.task.ament_cmake.build:Building ROS package in '/home/newman/vrx_ws/src/mission_windwatch/src/aquabot/aquabot_python' with build type 'ament_cmake'
[0.318s] INFO:colcon.colcon_cmake.task.cmake.build:Building CMake package in '/home/newman/vrx_ws/src/mission_windwatch/src/aquabot/aquabot_python'
[0.318s] INFO:colcon.colcon_core.shell:Skip shell extension 'powershell' for command environment: Not usable outside of PowerShell
[0.318s] DEBUG:colcon.colcon_core.shell:Skip shell extension 'dsv' for command environment
[0.321s] INFO:colcon.colcon_ros.task.ament_cmake.build:Building ROS package in '/home/newman/vrx_ws/src/mission_windwatch/src/mission_manager' with build type 'ament_cmake'
[0.321s] INFO:colcon.colcon_cmake.task.cmake.build:Building CMake package in '/home/newman/vrx_ws/src/mission_windwatch/src/mission_manager'
[0.321s] INFO:colcon.colcon_core.shell:Skip shell extension 'powershell' for command environment: Not usable outside of PowerShell
[0.321s] DEBUG:colcon.colcon_core.shell:Skip shell extension 'dsv' for command environment
[0.323s] INFO:colcon.colcon_ros.task.ament_cmake.build:Building ROS package in '/home/newman/vrx_ws/src/mission_windwatch/src/aquabot_competitor/my_team_package' with build type 'ament_cmake'
[0.323s] INFO:colcon.colcon_cmake.task.cmake.build:Building CMake package in '/home/newman/vrx_ws/src/mission_windwatch/src/aquabot_competitor/my_team_package'
[0.323s] INFO:colcon.colcon_core.shell:Skip shell extension 'powershell' for command environment: Not usable outside of PowerShell
[0.323s] DEBUG:colcon.colcon_core.shell:Skip shell extension 'dsv' for command environment
[0.326s] INFO:colcon.colcon_ros.task.ament_cmake.build:Building ROS package in '/home/newman/vrx_ws/src/mission_windwatch/src/navigation' with build type 'ament_cmake'
[0.326s] INFO:colcon.colcon_cmake.task.cmake.build:Building CMake package in '/home/newman/vrx_ws/src/mission_windwatch/src/navigation'
[0.326s] INFO:colcon.colcon_core.shell:Skip shell extension 'powershell' for command environment: Not usable outside of PowerShell
[0.326s] DEBUG:colcon.colcon_core.shell:Skip shell extension 'dsv' for command environment
[0.328s] INFO:colcon.colcon_ros.task.ament_cmake.build:Building ROS package in '/home/newman/vrx_ws/src/mission_windwatch/src/aquabot_competitor/aquabot_examples/opencv_example' with build type 'ament_cmake'
[0.328s] INFO:colcon.colcon_cmake.task.cmake.build:Building CMake package in '/home/newman/vrx_ws/src/mission_windwatch/src/aquabot_competitor/aquabot_examples/opencv_example'
[0.329s] INFO:colcon.colcon_core.shell:Skip shell extension 'powershell' for command environment: Not usable outside of PowerShell
[0.329s] DEBUG:colcon.colcon_core.shell:Skip shell extension 'dsv' for command environment
[0.331s] INFO:colcon.colcon_ros.task.ament_cmake.build:Building ROS package in '/home/newman/vrx_ws/src/mission_windwatch/src/aquabot_competitor/aquabot_examples/package_example' with build type 'ament_cmake'
[0.331s] INFO:colcon.colcon_cmake.task.cmake.build:Building CMake package in '/home/newman/vrx_ws/src/mission_windwatch/src/aquabot_competitor/aquabot_examples/package_example'
[0.331s] INFO:colcon.colcon_core.shell:Skip shell extension 'powershell' for command environment: Not usable outside of PowerShell
[0.331s] DEBUG:colcon.colcon_core.shell:Skip shell extension 'dsv' for command environment
[0.340s] DEBUG:colcon.colcon_core.event_handler.log_command:Invoking command in '/home/newman/vrx_ws/src/mission_windwatch/build/vrx_gazebo': CMAKE_PREFIX_PATH=/opt/ros/humble /usr/bin/cmake --build /home/newman/vrx_ws/src/mission_windwatch/build/vrx_gazebo -- -j9 -l9
[0.343s] DEBUG:colcon.colcon_core.event_handler.log_command:Invoking command in '/home/newman/vrx_ws/src/mission_windwatch/build/vrx_ros': CMAKE_PREFIX_PATH=/opt/ros/humble /usr/bin/cmake --build /home/newman/vrx_ws/src/mission_windwatch/build/vrx_ros -- -j9 -l9
[0.350s] DEBUG:colcon.colcon_core.event_handler.log_command:Invoking command in '/home/newman/vrx_ws/src/mission_windwatch/build/aquabot_example': CMAKE_PREFIX_PATH=/opt/ros/humble /usr/bin/cmake --build /home/newman/vrx_ws/src/mission_windwatch/build/aquabot_example -- -j9 -l9
[0.353s] DEBUG:colcon.colcon_core.event_handler.log_command:Invoking command in '/home/newman/vrx_ws/src/mission_windwatch/build/aquabot_python': CMAKE_PREFIX_PATH=/opt/ros/humble /usr/bin/cmake --build /home/newman/vrx_ws/src/mission_windwatch/build/aquabot_python -- -j9 -l9
[0.359s] DEBUG:colcon.colcon_core.event_handler.log_command:Invoking command in '/home/newman/vrx_ws/src/mission_windwatch/build/mission_manager': CMAKE_PREFIX_PATH=/opt/ros/humble /usr/bin/cmake --build /home/newman/vrx_ws/src/mission_windwatch/build/mission_manager -- -j9 -l9
[0.360s] DEBUG:colcon.colcon_core.event_handler.log_command:Invoking command in '/home/newman/vrx_ws/src/mission_windwatch/build/my_team_package': CMAKE_PREFIX_PATH=/opt/ros/humble /usr/bin/cmake --build /home/newman/vrx_ws/src/mission_windwatch/build/my_team_package -- -j9 -l9
[0.361s] DEBUG:colcon.colcon_core.event_handler.log_command:Invoking command in '/home/newman/vrx_ws/src/mission_windwatch/build/navigation': CMAKE_PREFIX_PATH=/opt/ros/humble /usr/bin/cmake --build /home/newman/vrx_ws/src/mission_windwatch/build/navigation -- -j9 -l9
[0.363s] DEBUG:colcon.colcon_core.event_handler.log_command:Invoking command in '/home/newman/vrx_ws/src/mission_windwatch/build/opencv_example': CMAKE_PREFIX_PATH=/opt/ros/humble /usr/bin/cmake --build /home/newman/vrx_ws/src/mission_windwatch/build/opencv_example -- -j9 -l9
[0.364s] DEBUG:colcon.colcon_core.event_handler.log_command:Invoking command in '/home/newman/vrx_ws/src/mission_windwatch/build/package_example': CMAKE_PREFIX_PATH=/opt/ros/humble /usr/bin/cmake --build /home/newman/vrx_ws/src/mission_windwatch/build/package_example -- -j9 -l9
[0.429s] DEBUG:colcon.colcon_core.event_handler.log_command:Invoked command in '/home/newman/vrx_ws/src/mission_windwatch/build/mission_manager' returned '0': CMAKE_PREFIX_PATH=/opt/ros/humble /usr/bin/cmake --build /home/newman/vrx_ws/src/mission_windwatch/build/mission_manager -- -j9 -l9
[0.440s] DEBUG:colcon.colcon_core.event_handler.log_command:Invoked command in '/home/newman/vrx_ws/src/mission_windwatch/build/my_team_package' returned '0': CMAKE_PREFIX_PATH=/opt/ros/humble /usr/bin/cmake --build /home/newman/vrx_ws/src/mission_windwatch/build/my_team_package -- -j9 -l9
[0.445s] DEBUG:colcon.colcon_core.event_handler.log_command:Invoked command in '/home/newman/vrx_ws/src/mission_windwatch/build/navigation' returned '0': CMAKE_PREFIX_PATH=/opt/ros/humble /usr/bin/cmake --build /home/newman/vrx_ws/src/mission_windwatch/build/navigation -- -j9 -l9
[0.449s] DEBUG:colcon.colcon_core.event_handler.log_command:Invoked command in '/home/newman/vrx_ws/src/mission_windwatch/build/vrx_ros' returned '0': CMAKE_PREFIX_PATH=/opt/ros/humble /usr/bin/cmake --build /home/newman/vrx_ws/src/mission_windwatch/build/vrx_ros -- -j9 -l9
[0.458s] DEBUG:colcon.colcon_core.event_handler.log_command:Invoked command in '/home/newman/vrx_ws/src/mission_windwatch/build/aquabot_example' returned '0': CMAKE_PREFIX_PATH=/opt/ros/humble /usr/bin/cmake --build /home/newman/vrx_ws/src/mission_windwatch/build/aquabot_example -- -j9 -l9
[0.478s] DEBUG:colcon.colcon_core.event_handler.log_command:Invoking command in '/home/newman/vrx_ws/src/mission_windwatch/build/my_team_package': CMAKE_PREFIX_PATH=/opt/ros/humble /usr/bin/cmake --install /home/newman/vrx_ws/src/mission_windwatch/build/my_team_package
[0.481s] DEBUG:colcon.colcon_core.event_handler.log_command:Invoking command in '/home/newman/vrx_ws/src/mission_windwatch/build/vrx_ros': CMAKE_PREFIX_PATH=/opt/ros/humble /usr/bin/cmake --install /home/newman/vrx_ws/src/mission_windwatch/build/vrx_ros
[0.483s] DEBUG:colcon.colcon_core.event_handler.log_command:Invoking command in '/home/newman/vrx_ws/src/mission_windwatch/build/navigation': CMAKE_PREFIX_PATH=/opt/ros/humble /usr/bin/cmake --install /home/newman/vrx_ws/src/mission_windwatch/build/navigation
[0.491s] DEBUG:colcon.colcon_core.event_handler.log_command:Invoking command in '/home/newman/vrx_ws/src/mission_windwatch/build/mission_manager': CMAKE_PREFIX_PATH=/opt/ros/humble /usr/bin/cmake --install /home/newman/vrx_ws/src/mission_windwatch/build/mission_manager
[0.497s] DEBUG:colcon.colcon_core.event_handler.log_command:Invoking command in '/home/newman/vrx_ws/src/mission_windwatch/build/aquabot_example': CMAKE_PREFIX_PATH=/opt/ros/humble /usr/bin/cmake --install /home/newman/vrx_ws/src/mission_windwatch/build/aquabot_example
[0.499s] Level 1:colcon.colcon_core.environment:create_environment_scripts_only(my_team_package)
[0.502s] DEBUG:colcon.colcon_core.event_handler.log_command:Invoked command in '/home/newman/vrx_ws/src/mission_windwatch/build/my_team_package' returned '0': CMAKE_PREFIX_PATH=/opt/ros/humble /usr/bin/cmake --install /home/newman/vrx_ws/src/mission_windwatch/build/my_team_package
[0.503s] Level 1:colcon.colcon_core.environment:checking '/home/newman/vrx_ws/src/mission_windwatch/install' for CMake module files
[0.506s] Level 1:colcon.colcon_core.environment:checking '/home/newman/vrx_ws/src/mission_windwatch/install' for CMake config files
[0.506s] Level 1:colcon.colcon_core.shell:create_environment_hook('my_team_package', 'cmake_prefix_path')
[0.506s] INFO:colcon.colcon_core.shell:Creating environment hook '/home/newman/vrx_ws/src/mission_windwatch/install/share/my_team_package/hook/cmake_prefix_path.ps1'
[0.508s] INFO:colcon.colcon_core.shell:Creating environment descriptor '/home/newman/vrx_ws/src/mission_windwatch/install/share/my_team_package/hook/cmake_prefix_path.dsv'
[0.511s] INFO:colcon.colcon_core.shell:Creating environment hook '/home/newman/vrx_ws/src/mission_windwatch/install/share/my_team_package/hook/cmake_prefix_path.sh'
[0.512s] Level 1:colcon.colcon_core.environment:checking '/home/newman/vrx_ws/src/mission_windwatch/install/lib'
[0.512s] Level 1:colcon.colcon_core.shell:create_environment_hook('my_team_package', 'ld_library_path_lib')
[0.513s] INFO:colcon.colcon_core.shell:Creating environment hook '/home/newman/vrx_ws/src/mission_windwatch/install/share/my_team_package/hook/ld_library_path_lib.ps1'
[0.513s] INFO:colcon.colcon_core.shell:Creating environment descriptor '/home/newman/vrx_ws/src/mission_windwatch/install/share/my_team_package/hook/ld_library_path_lib.dsv'
[0.513s] INFO:colcon.colcon_core.shell:Creating environment hook '/home/newman/vrx_ws/src/mission_windwatch/install/share/my_team_package/hook/ld_library_path_lib.sh'
[0.514s] Level 1:colcon.colcon_core.environment:checking '/home/newman/vrx_ws/src/mission_windwatch/install/bin'
[0.514s] Level 1:colcon.colcon_core.environment:checking '/home/newman/vrx_ws/src/mission_windwatch/install/lib/pkgconfig/my_team_package.pc'
[0.514s] Level 1:colcon.colcon_core.environment:checking '/home/newman/vrx_ws/src/mission_windwatch/install/lib/python3.10/site-packages'
[0.514s] Level 1:colcon.colcon_core.environment:checking '/home/newman/vrx_ws/src/mission_windwatch/install/bin'
[0.514s] INFO:colcon.colcon_core.shell:Creating package script '/home/newman/vrx_ws/src/mission_windwatch/install/share/my_team_package/package.ps1'
[0.515s] INFO:colcon.colcon_core.shell:Creating package descriptor '/home/newman/vrx_ws/src/mission_windwatch/install/share/my_team_package/package.dsv'
[0.517s] INFO:colcon.colcon_core.shell:Creating package script '/home/newman/vrx_ws/src/mission_windwatch/install/share/my_team_package/package.sh'
[0.518s] INFO:colcon.colcon_core.shell:Creating package script '/home/newman/vrx_ws/src/mission_windwatch/install/share/my_team_package/package.bash'
[0.521s] INFO:colcon.colcon_core.shell:Creating package script '/home/newman/vrx_ws/src/mission_windwatch/install/share/my_team_package/package.zsh'
[0.521s] Level 1:colcon.colcon_core.environment:create_file_with_runtime_dependencies(/home/newman/vrx_ws/src/mission_windwatch/install/share/colcon-core/packages/my_team_package)
[0.524s] Level 1:colcon.colcon_core.environment:create_environment_scripts_only(navigation)
[0.524s] Level 1:colcon.colcon_core.environment:checking '/home/newman/vrx_ws/src/mission_windwatch/install' for CMake module files
[0.528s] DEBUG:colcon.colcon_core.event_handler.log_command:Invoked command in '/home/newman/vrx_ws/src/mission_windwatch/build/navigation' returned '0': CMAKE_PREFIX_PATH=/opt/ros/humble /usr/bin/cmake --install /home/newman/vrx_ws/src/mission_windwatch/build/navigation
[0.529s] Level 1:colcon.colcon_core.environment:checking '/home/newman/vrx_ws/src/mission_windwatch/install' for CMake config files
[0.529s] Level 1:colcon.colcon_core.shell:create_environment_hook('navigation', 'cmake_prefix_path')
[0.529s] INFO:colcon.colcon_core.shell:Creating environment hook '/home/newman/vrx_ws/src/mission_windwatch/install/share/navigation/hook/cmake_prefix_path.ps1'
[0.530s] INFO:colcon.colcon_core.shell:Creating environment descriptor '/home/newman/vrx_ws/src/mission_windwatch/install/share/navigation/hook/cmake_prefix_path.dsv'
[0.530s] INFO:colcon.colcon_core.shell:Creating environment hook '/home/newman/vrx_ws/src/mission_windwatch/install/share/navigation/hook/cmake_prefix_path.sh'
[0.530s] Level 1:colcon.colcon_core.environment:checking '/home/newman/vrx_ws/src/mission_windwatch/install/lib'
[0.531s] Level 1:colcon.colcon_core.shell:create_environment_hook('navigation', 'ld_library_path_lib')
[0.531s] INFO:colcon.colcon_core.shell:Creating environment hook '/home/newman/vrx_ws/src/mission_windwatch/install/share/navigation/hook/ld_library_path_lib.ps1'
[0.531s] INFO:colcon.colcon_core.shell:Creating environment descriptor '/home/newman/vrx_ws/src/mission_windwatch/install/share/navigation/hook/ld_library_path_lib.dsv'
[0.531s] INFO:colcon.colcon_core.shell:Creating environment hook '/home/newman/vrx_ws/src/mission_windwatch/install/share/navigation/hook/ld_library_path_lib.sh'
[0.532s] Level 1:colcon.colcon_core.environment:checking '/home/newman/vrx_ws/src/mission_windwatch/install/bin'
[0.532s] Level 1:colcon.colcon_core.environment:checking '/home/newman/vrx_ws/src/mission_windwatch/install/lib/pkgconfig/navigation.pc'
[0.532s] Level 1:colcon.colcon_core.environment:checking '/home/newman/vrx_ws/src/mission_windwatch/install/lib/python3.10/site-packages'
[0.532s] Level 1:colcon.colcon_core.environment:checking '/home/newman/vrx_ws/src/mission_windwatch/install/bin'
[0.532s] INFO:colcon.colcon_core.shell:Creating package script '/home/newman/vrx_ws/src/mission_windwatch/install/share/navigation/package.ps1'
[0.533s] INFO:colcon.colcon_core.shell:Creating package descriptor '/home/newman/vrx_ws/src/mission_windwatch/install/share/navigation/package.dsv'
[0.534s] INFO:colcon.colcon_core.shell:Creating package script '/home/newman/vrx_ws/src/mission_windwatch/install/share/navigation/package.sh'
[0.534s] INFO:colcon.colcon_core.shell:Creating package script '/home/newman/vrx_ws/src/mission_windwatch/install/share/navigation/package.bash'
[0.534s] INFO:colcon.colcon_core.shell:Creating package script '/home/newman/vrx_ws/src/mission_windwatch/install/share/navigation/package.zsh'
[0.535s] Level 1:colcon.colcon_core.environment:create_file_with_runtime_dependencies(/home/newman/vrx_ws/src/mission_windwatch/install/share/colcon-core/packages/navigation)
[0.537s] Level 1:colcon.colcon_core.environment:create_environment_scripts_only(vrx_ros)
[0.537s] Level 1:colcon.colcon_core.environment:checking '/home/newman/vrx_ws/src/mission_windwatch/install' for CMake module files
[0.538s] DEBUG:colcon.colcon_core.event_handler.log_command:Invoked command in '/home/newman/vrx_ws/src/mission_windwatch/build/vrx_ros' returned '0': CMAKE_PREFIX_PATH=/opt/ros/humble /usr/bin/cmake --install /home/newman/vrx_ws/src/mission_windwatch/build/vrx_ros
[0.538s] Level 1:colcon.colcon_core.environment:checking '/home/newman/vrx_ws/src/mission_windwatch/install' for CMake config files
[0.538s] Level 1:colcon.colcon_core.shell:create_environment_hook('vrx_ros', 'cmake_prefix_path')
[0.538s] INFO:colcon.colcon_core.shell:Creating environment hook '/home/newman/vrx_ws/src/mission_windwatch/install/share/vrx_ros/hook/cmake_prefix_path.ps1'
[0.539s] INFO:colcon.colcon_core.shell:Creating environment descriptor '/home/newman/vrx_ws/src/mission_windwatch/install/share/vrx_ros/hook/cmake_prefix_path.dsv'
[0.539s] INFO:colcon.colcon_core.shell:Creating environment hook '/home/newman/vrx_ws/src/mission_windwatch/install/share/vrx_ros/hook/cmake_prefix_path.sh'
[0.540s] Level 1:colcon.colcon_core.environment:checking '/home/newman/vrx_ws/src/mission_windwatch/install/lib'
[0.540s] Level 1:colcon.colcon_core.shell:create_environment_hook('vrx_ros', 'ld_library_path_lib')
[0.540s] INFO:colcon.colcon_core.shell:Creating environment hook '/home/newman/vrx_ws/src/mission_windwatch/install/share/vrx_ros/hook/ld_library_path_lib.ps1'
[0.540s] INFO:colcon.colcon_core.shell:Creating environment descriptor '/home/newman/vrx_ws/src/mission_windwatch/install/share/vrx_ros/hook/ld_library_path_lib.dsv'
[0.541s] INFO:colcon.colcon_core.shell:Creating environment hook '/home/newman/vrx_ws/src/mission_windwatch/install/share/vrx_ros/hook/ld_library_path_lib.sh'
[0.541s] Level 1:colcon.colcon_core.environment:checking '/home/newman/vrx_ws/src/mission_windwatch/install/bin'
[0.542s] Level 1:colcon.colcon_core.environment:checking '/home/newman/vrx_ws/src/mission_windwatch/install/lib/pkgconfig/vrx_ros.pc'
[0.542s] Level 1:colcon.colcon_core.environment:checking '/home/newman/vrx_ws/src/mission_windwatch/install/lib/python3.10/site-packages'
[0.542s] Level 1:colcon.colcon_core.environment:checking '/home/newman/vrx_ws/src/mission_windwatch/install/bin'
[0.543s] INFO:colcon.colcon_core.shell:Creating package script '/home/newman/vrx_ws/src/mission_windwatch/install/share/vrx_ros/package.ps1'
[0.543s] INFO:colcon.colcon_core.shell:Creating package descriptor '/home/newman/vrx_ws/src/mission_windwatch/install/share/vrx_ros/package.dsv'
[0.544s] INFO:colcon.colcon_core.shell:Creating package script '/home/newman/vrx_ws/src/mission_windwatch/install/share/vrx_ros/package.sh'
[0.544s] INFO:colcon.colcon_core.shell:Creating package script '/home/newman/vrx_ws/src/mission_windwatch/install/share/vrx_ros/package.bash'
[0.544s] INFO:colcon.colcon_core.shell:Creating package script '/home/newman/vrx_ws/src/mission_windwatch/install/share/vrx_ros/package.zsh'
[0.545s] Level 1:colcon.colcon_core.environment:create_file_with_runtime_dependencies(/home/newman/vrx_ws/src/mission_windwatch/install/share/colcon-core/packages/vrx_ros)
[0.546s] Level 1:colcon.colcon_core.environment:create_environment_scripts_only(aquabot_example)
[0.546s] Level 1:colcon.colcon_core.environment:checking '/home/newman/vrx_ws/src/mission_windwatch/install' for CMake module files
[0.546s] Level 1:colcon.colcon_core.environment:checking '/home/newman/vrx_ws/src/mission_windwatch/install' for CMake config files
[0.546s] Level 1:colcon.colcon_core.shell:create_environment_hook('aquabot_example', 'cmake_prefix_path')
[0.547s] INFO:colcon.colcon_core.shell:Creating environment hook '/home/newman/vrx_ws/src/mission_windwatch/install/share/aquabot_example/hook/cmake_prefix_path.ps1'
[0.547s] DEBUG:colcon.colcon_core.event_handler.log_command:Invoked command in '/home/newman/vrx_ws/src/mission_windwatch/build/aquabot_example' returned '0': CMAKE_PREFIX_PATH=/opt/ros/humble /usr/bin/cmake --install /home/newman/vrx_ws/src/mission_windwatch/build/aquabot_example
[0.547s] INFO:colcon.colcon_core.shell:Creating environment descriptor '/home/newman/vrx_ws/src/mission_windwatch/install/share/aquabot_example/hook/cmake_prefix_path.dsv'
[0.551s] INFO:colcon.colcon_core.shell:Creating environment hook '/home/newman/vrx_ws/src/mission_windwatch/install/share/aquabot_example/hook/cmake_prefix_path.sh'
[0.552s] Level 1:colcon.colcon_core.environment:checking '/home/newman/vrx_ws/src/mission_windwatch/install/lib'
[0.552s] Level 1:colcon.colcon_core.shell:create_environment_hook('aquabot_example', 'ld_library_path_lib')
[0.552s] INFO:colcon.colcon_core.shell:Creating environment hook '/home/newman/vrx_ws/src/mission_windwatch/install/share/aquabot_example/hook/ld_library_path_lib.ps1'
[0.553s] INFO:colcon.colcon_core.shell:Creating environment descriptor '/home/newman/vrx_ws/src/mission_windwatch/install/share/aquabot_example/hook/ld_library_path_lib.dsv'
[0.553s] INFO:colcon.colcon_core.shell:Creating environment hook '/home/newman/vrx_ws/src/mission_windwatch/install/share/aquabot_example/hook/ld_library_path_lib.sh'
[0.554s] Level 1:colcon.colcon_core.environment:checking '/home/newman/vrx_ws/src/mission_windwatch/install/bin'
[0.554s] Level 1:colcon.colcon_core.environment:checking '/home/newman/vrx_ws/src/mission_windwatch/install/lib/pkgconfig/aquabot_example.pc'
[0.554s] Level 1:colcon.colcon_core.environment:checking '/home/newman/vrx_ws/src/mission_windwatch/install/lib/python3.10/site-packages'
[0.554s] Level 1:colcon.colcon_core.environment:checking '/home/newman/vrx_ws/src/mission_windwatch/install/bin'
[0.555s] INFO:colcon.colcon_core.shell:Creating package script '/home/newman/vrx_ws/src/mission_windwatch/install/share/aquabot_example/package.ps1'
[0.555s] INFO:colcon.colcon_core.shell:Creating package descriptor '/home/newman/vrx_ws/src/mission_windwatch/install/share/aquabot_example/package.dsv'
[0.556s] INFO:colcon.colcon_core.shell:Creating package script '/home/newman/vrx_ws/src/mission_windwatch/install/share/aquabot_example/package.sh'
[0.556s] INFO:colcon.colcon_core.shell:Creating package script '/home/newman/vrx_ws/src/mission_windwatch/install/share/aquabot_example/package.bash'
[0.556s] INFO:colcon.colcon_core.shell:Creating package script '/home/newman/vrx_ws/src/mission_windwatch/install/share/aquabot_example/package.zsh'
[0.557s] Level 1:colcon.colcon_core.environment:create_file_with_runtime_dependencies(/home/newman/vrx_ws/src/mission_windwatch/install/share/colcon-core/packages/aquabot_example)
[0.558s] Level 1:colcon.colcon_core.environment:create_environment_scripts_only(mission_manager)
[0.559s] Level 1:colcon.colcon_core.environment:checking '/home/newman/vrx_ws/src/mission_windwatch/install' for CMake module files
[0.559s] DEBUG:colcon.colcon_core.event_handler.log_command:Invoked command in '/home/newman/vrx_ws/src/mission_windwatch/build/mission_manager' returned '0': CMAKE_PREFIX_PATH=/opt/ros/humble /usr/bin/cmake --install /home/newman/vrx_ws/src/mission_windwatch/build/mission_manager
[0.560s] Level 1:colcon.colcon_core.environment:checking '/home/newman/vrx_ws/src/mission_windwatch/install' for CMake config files
[0.560s] Level 1:colcon.colcon_core.shell:create_environment_hook('mission_manager', 'cmake_prefix_path')
[0.560s] INFO:colcon.colcon_core.shell:Creating environment hook '/home/newman/vrx_ws/src/mission_windwatch/install/share/mission_manager/hook/cmake_prefix_path.ps1'
[0.561s] INFO:colcon.colcon_core.shell:Creating environment descriptor '/home/newman/vrx_ws/src/mission_windwatch/install/share/mission_manager/hook/cmake_prefix_path.dsv'
[0.561s] INFO:colcon.colcon_core.shell:Creating environment hook '/home/newman/vrx_ws/src/mission_windwatch/install/share/mission_manager/hook/cmake_prefix_path.sh'
[0.562s] Level 1:colcon.colcon_core.environment:checking '/home/newman/vrx_ws/src/mission_windwatch/install/lib'
[0.562s] Level 1:colcon.colcon_core.shell:create_environment_hook('mission_manager', 'ld_library_path_lib')
[0.562s] INFO:colcon.colcon_core.shell:Creating environment hook '/home/newman/vrx_ws/src/mission_windwatch/install/share/mission_manager/hook/ld_library_path_lib.ps1'
[0.562s] INFO:colcon.colcon_core.shell:Creating environment descriptor '/home/newman/vrx_ws/src/mission_windwatch/install/share/mission_manager/hook/ld_library_path_lib.dsv'
[0.563s] INFO:colcon.colcon_core.shell:Creating environment hook '/home/newman/vrx_ws/src/mission_windwatch/install/share/mission_manager/hook/ld_library_path_lib.sh'
[0.563s] Level 1:colcon.colcon_core.environment:checking '/home/newman/vrx_ws/src/mission_windwatch/install/bin'
[0.563s] Level 1:colcon.colcon_core.environment:checking '/home/newman/vrx_ws/src/mission_windwatch/install/lib/pkgconfig/mission_manager.pc'
[0.563s] Level 1:colcon.colcon_core.environment:checking '/home/newman/vrx_ws/src/mission_windwatch/install/lib/python3.10/site-packages'
[0.563s] Level 1:colcon.colcon_core.environment:checking '/home/newman/vrx_ws/src/mission_windwatch/install/bin'
[0.564s] INFO:colcon.colcon_core.shell:Creating package script '/home/newman/vrx_ws/src/mission_windwatch/install/share/mission_manager/package.ps1'
[0.564s] INFO:colcon.colcon_core.shell:Creating package descriptor '/home/newman/vrx_ws/src/mission_windwatch/install/share/mission_manager/package.dsv'
[0.564s] INFO:colcon.colcon_core.shell:Creating package script '/home/newman/vrx_ws/src/mission_windwatch/install/share/mission_manager/package.sh'
[0.565s] INFO:colcon.colcon_core.shell:Creating package script '/home/newman/vrx_ws/src/mission_windwatch/install/share/mission_manager/package.bash'
[0.565s] INFO:colcon.colcon_core.shell:Creating package script '/home/newman/vrx_ws/src/mission_windwatch/install/share/mission_manager/package.zsh'
[0.565s] Level 1:colcon.colcon_core.environment:create_file_with_runtime_dependencies(/home/newman/vrx_ws/src/mission_windwatch/install/share/colcon-core/packages/mission_manager)
[0.568s] Level 1:colcon.colcon_core.environment:create_environment_scripts_only(my_team_package)
[0.568s] Level 1:colcon.colcon_core.environment:checking '/home/newman/vrx_ws/src/mission_windwatch/install' for CMake module files
[0.568s] Level 1:colcon.colcon_core.environment:checking '/home/newman/vrx_ws/src/mission_windwatch/install' for CMake config files
[0.569s] Level 1:colcon.colcon_core.shell:create_environment_hook('my_team_package', 'cmake_prefix_path')
[0.569s] INFO:colcon.colcon_core.shell:Creating environment hook '/home/newman/vrx_ws/src/mission_windwatch/install/share/my_team_package/hook/cmake_prefix_path.ps1'
[0.569s] INFO:colcon.colcon_core.shell:Creating environment descriptor '/home/newman/vrx_ws/src/mission_windwatch/install/share/my_team_package/hook/cmake_prefix_path.dsv'
[0.570s] INFO:colcon.colcon_core.shell:Creating environment hook '/home/newman/vrx_ws/src/mission_windwatch/install/share/my_team_package/hook/cmake_prefix_path.sh'
[0.570s] Level 1:colcon.colcon_core.environment:checking '/home/newman/vrx_ws/src/mission_windwatch/install/lib'
[0.570s] Level 1:colcon.colcon_core.shell:create_environment_hook('my_team_package', 'ld_library_path_lib')
[0.571s] INFO:colcon.colcon_core.shell:Creating environment hook '/home/newman/vrx_ws/src/mission_windwatch/install/share/my_team_package/hook/ld_library_path_lib.ps1'
[0.571s] INFO:colcon.colcon_core.shell:Creating environment descriptor '/home/newman/vrx_ws/src/mission_windwatch/install/share/my_team_package/hook/ld_library_path_lib.dsv'
[0.572s] INFO:colcon.colcon_core.shell:Creating environment hook '/home/newman/vrx_ws/src/mission_windwatch/install/share/my_team_package/hook/ld_library_path_lib.sh'
[0.573s] Level 1:colcon.colcon_core.environment:checking '/home/newman/vrx_ws/src/mission_windwatch/install/bin'
[0.573s] Level 1:colcon.colcon_core.environment:checking '/home/newman/vrx_ws/src/mission_windwatch/install/lib/pkgconfig/my_team_package.pc'
[0.573s] Level 1:colcon.colcon_core.environment:checking '/home/newman/vrx_ws/src/mission_windwatch/install/lib/python3.10/site-packages'
[0.574s] Level 1:colcon.colcon_core.environment:checking '/home/newman/vrx_ws/src/mission_windwatch/install/bin'
[0.574s] INFO:colcon.colcon_core.shell:Creating package script '/home/newman/vrx_ws/src/mission_windwatch/install/share/my_team_package/package.ps1'
[0.575s] INFO:colcon.colcon_core.shell:Creating package descriptor '/home/newman/vrx_ws/src/mission_windwatch/install/share/my_team_package/package.dsv'
[0.576s] INFO:colcon.colcon_core.shell:Creating package script '/home/newman/vrx_ws/src/mission_windwatch/install/share/my_team_package/package.sh'
[0.576s] INFO:colcon.colcon_core.shell:Creating package script '/home/newman/vrx_ws/src/mission_windwatch/install/share/my_team_package/package.bash'
[0.577s] INFO:colcon.colcon_core.shell:Creating package script '/home/newman/vrx_ws/src/mission_windwatch/install/share/my_team_package/package.zsh'
[0.577s] Level 1:colcon.colcon_core.environment:create_file_with_runtime_dependencies(/home/newman/vrx_ws/src/mission_windwatch/install/share/colcon-core/packages/my_team_package)
[0.578s] INFO:colcon.colcon_ros.task.ament_cmake.build:Building ROS package in '/home/newman/vrx_ws/src/mission_windwatch/src/sensors' with build type 'ament_cmake'
[0.578s] INFO:colcon.colcon_cmake.task.cmake.build:Building CMake package in '/home/newman/vrx_ws/src/mission_windwatch/src/sensors'
[0.578s] INFO:colcon.colcon_core.shell:Skip shell extension 'powershell' for command environment: Not usable outside of PowerShell
[0.578s] DEBUG:colcon.colcon_core.shell:Skip shell extension 'dsv' for command environment
[0.583s] Level 1:colcon.colcon_core.environment:create_environment_scripts_only(navigation)
[0.583s] Level 1:colcon.colcon_core.environment:checking '/home/newman/vrx_ws/src/mission_windwatch/install' for CMake module files
[0.584s] Level 1:colcon.colcon_core.environment:checking '/home/newman/vrx_ws/src/mission_windwatch/install' for CMake config files
[0.584s] Level 1:colcon.colcon_core.shell:create_environment_hook('navigation', 'cmake_prefix_path')
[0.584s] INFO:colcon.colcon_core.shell:Creating environment hook '/home/newman/vrx_ws/src/mission_windwatch/install/share/navigation/hook/cmake_prefix_path.ps1'
[0.585s] INFO:colcon.colcon_core.shell:Creating environment descriptor '/home/newman/vrx_ws/src/mission_windwatch/install/share/navigation/hook/cmake_prefix_path.dsv'
[0.585s] INFO:colcon.colcon_core.shell:Creating environment hook '/home/newman/vrx_ws/src/mission_windwatch/install/share/navigation/hook/cmake_prefix_path.sh'
[0.586s] Level 1:colcon.colcon_core.environment:checking '/home/newman/vrx_ws/src/mission_windwatch/install/lib'
[0.586s] Level 1:colcon.colcon_core.shell:create_environment_hook('navigation', 'ld_library_path_lib')
[0.586s] INFO:colcon.colcon_core.shell:Creating environment hook '/home/newman/vrx_ws/src/mission_windwatch/install/share/navigation/hook/ld_library_path_lib.ps1'
[0.587s] INFO:colcon.colcon_core.shell:Creating environment descriptor '/home/newman/vrx_ws/src/mission_windwatch/install/share/navigation/hook/ld_library_path_lib.dsv'
[0.588s] INFO:colcon.colcon_core.shell:Creating environment hook '/home/newman/vrx_ws/src/mission_windwatch/install/share/navigation/hook/ld_library_path_lib.sh'
[0.588s] Level 1:colcon.colcon_core.environment:checking '/home/newman/vrx_ws/src/mission_windwatch/install/bin'
[0.588s] Level 1:colcon.colcon_core.environment:checking '/home/newman/vrx_ws/src/mission_windwatch/install/lib/pkgconfig/navigation.pc'
[0.589s] Level 1:colcon.colcon_core.environment:checking '/home/newman/vrx_ws/src/mission_windwatch/install/lib/python3.10/site-packages'
[0.589s] Level 1:colcon.colcon_core.environment:checking '/home/newman/vrx_ws/src/mission_windwatch/install/bin'
[0.589s] INFO:colcon.colcon_core.shell:Creating package script '/home/newman/vrx_ws/src/mission_windwatch/install/share/navigation/package.ps1'
[0.590s] INFO:colcon.colcon_core.shell:Creating package descriptor '/home/newman/vrx_ws/src/mission_windwatch/install/share/navigation/package.dsv'
[0.590s] INFO:colcon.colcon_core.shell:Creating package script '/home/newman/vrx_ws/src/mission_windwatch/install/share/navigation/package.sh'
[0.591s] INFO:colcon.colcon_core.shell:Creating package script '/home/newman/vrx_ws/src/mission_windwatch/install/share/navigation/package.bash'
[0.591s] INFO:colcon.colcon_core.shell:Creating package script '/home/newman/vrx_ws/src/mission_windwatch/install/share/navigation/package.zsh'
[0.591s] Level 1:colcon.colcon_core.environment:create_file_with_runtime_dependencies(/home/newman/vrx_ws/src/mission_windwatch/install/share/colcon-core/packages/navigation)
[0.592s] INFO:colcon.colcon_ros.task.ament_cmake.build:Building ROS package in '/home/newman/vrx_ws/src/mission_windwatch/src/visualization' with build type 'ament_cmake'
[0.592s] INFO:colcon.colcon_cmake.task.cmake.build:Building CMake package in '/home/newman/vrx_ws/src/mission_windwatch/src/visualization'
[0.592s] INFO:colcon.colcon_core.shell:Skip shell extension 'powershell' for command environment: Not usable outside of PowerShell
[0.592s] DEBUG:colcon.colcon_core.shell:Skip shell extension 'dsv' for command environment
[0.596s] Level 1:colcon.colcon_core.environment:create_environment_scripts_only(vrx_ros)
[0.596s] Level 1:colcon.colcon_core.environment:checking '/home/newman/vrx_ws/src/mission_windwatch/install' for CMake module files
[0.596s] Level 1:colcon.colcon_core.environment:checking '/home/newman/vrx_ws/src/mission_windwatch/install' for CMake config files
[0.597s] Level 1:colcon.colcon_core.shell:create_environment_hook('vrx_ros', 'cmake_prefix_path')
[0.597s] INFO:colcon.colcon_core.shell:Creating environment hook '/home/newman/vrx_ws/src/mission_windwatch/install/share/vrx_ros/hook/cmake_prefix_path.ps1'
[0.597s] INFO:colcon.colcon_core.shell:Creating environment descriptor '/home/newman/vrx_ws/src/mission_windwatch/install/share/vrx_ros/hook/cmake_prefix_path.dsv'
[0.598s] INFO:colcon.colcon_core.shell:Creating environment hook '/home/newman/vrx_ws/src/mission_windwatch/install/share/vrx_ros/hook/cmake_prefix_path.sh'
[0.598s] Level 1:colcon.colcon_core.environment:checking '/home/newman/vrx_ws/src/mission_windwatch/install/lib'
[0.598s] Level 1:colcon.colcon_core.shell:create_environment_hook('vrx_ros', 'ld_library_path_lib')
[0.598s] INFO:colcon.colcon_core.shell:Creating environment hook '/home/newman/vrx_ws/src/mission_windwatch/install/share/vrx_ros/hook/ld_library_path_lib.ps1'
[0.599s] INFO:colcon.colcon_core.shell:Creating environment descriptor '/home/newman/vrx_ws/src/mission_windwatch/install/share/vrx_ros/hook/ld_library_path_lib.dsv'
[0.599s] INFO:colcon.colcon_core.shell:Creating environment hook '/home/newman/vrx_ws/src/mission_windwatch/install/share/vrx_ros/hook/ld_library_path_lib.sh'
[0.599s] Level 1:colcon.colcon_core.environment:checking '/home/newman/vrx_ws/src/mission_windwatch/install/bin'
[0.599s] Level 1:colcon.colcon_core.environment:checking '/home/newman/vrx_ws/src/mission_windwatch/install/lib/pkgconfig/vrx_ros.pc'
[0.600s] Level 1:colcon.colcon_core.environment:checking '/home/newman/vrx_ws/src/mission_windwatch/install/lib/python3.10/site-packages'
[0.600s] Level 1:colcon.colcon_core.environment:checking '/home/newman/vrx_ws/src/mission_windwatch/install/bin'
[0.600s] INFO:colcon.colcon_core.shell:Creating package script '/home/newman/vrx_ws/src/mission_windwatch/install/share/vrx_ros/package.ps1'
[0.601s] INFO:colcon.colcon_core.shell:Creating package descriptor '/home/newman/vrx_ws/src/mission_windwatch/install/share/vrx_ros/package.dsv'
[0.601s] INFO:colcon.colcon_core.shell:Creating package script '/home/newman/vrx_ws/src/mission_windwatch/install/share/vrx_ros/package.sh'
[0.602s] INFO:colcon.colcon_core.shell:Creating package script '/home/newman/vrx_ws/src/mission_windwatch/install/share/vrx_ros/package.bash'
[0.602s] INFO:colcon.colcon_core.shell:Creating package script '/home/newman/vrx_ws/src/mission_windwatch/install/share/vrx_ros/package.zsh'
[0.603s] Level 1:colcon.colcon_core.environment:create_file_with_runtime_dependencies(/home/newman/vrx_ws/src/mission_windwatch/install/share/colcon-core/packages/vrx_ros)
[0.604s] Level 1:colcon.colcon_core.environment:create_environment_scripts_only(aquabot_example)
[0.604s] Level 1:colcon.colcon_core.environment:checking '/home/newman/vrx_ws/src/mission_windwatch/install' for CMake module files
[0.605s] Level 1:colcon.colcon_core.environment:checking '/home/newman/vrx_ws/src/mission_windwatch/install' for CMake config files
[0.605s] Level 1:colcon.colcon_core.shell:create_environment_hook('aquabot_example', 'cmake_prefix_path')
[0.605s] INFO:colcon.colcon_core.shell:Creating environment hook '/home/newman/vrx_ws/src/mission_windwatch/install/share/aquabot_example/hook/cmake_prefix_path.ps1'
[0.606s] INFO:colcon.colcon_core.shell:Creating environment descriptor '/home/newman/vrx_ws/src/mission_windwatch/install/share/aquabot_example/hook/cmake_prefix_path.dsv'
[0.606s] INFO:colcon.colcon_core.shell:Creating environment hook '/home/newman/vrx_ws/src/mission_windwatch/install/share/aquabot_example/hook/cmake_prefix_path.sh'
[0.607s] Level 1:colcon.colcon_core.environment:checking '/home/newman/vrx_ws/src/mission_windwatch/install/lib'
[0.607s] Level 1:colcon.colcon_core.shell:create_environment_hook('aquabot_example', 'ld_library_path_lib')
[0.607s] INFO:colcon.colcon_core.shell:Creating environment hook '/home/newman/vrx_ws/src/mission_windwatch/install/share/aquabot_example/hook/ld_library_path_lib.ps1'
[0.607s] INFO:colcon.colcon_core.shell:Creating environment descriptor '/home/newman/vrx_ws/src/mission_windwatch/install/share/aquabot_example/hook/ld_library_path_lib.dsv'
[0.608s] INFO:colcon.colcon_core.shell:Creating environment hook '/home/newman/vrx_ws/src/mission_windwatch/install/share/aquabot_example/hook/ld_library_path_lib.sh'
[0.608s] Level 1:colcon.colcon_core.environment:checking '/home/newman/vrx_ws/src/mission_windwatch/install/bin'
[0.608s] Level 1:colcon.colcon_core.environment:checking '/home/newman/vrx_ws/src/mission_windwatch/install/lib/pkgconfig/aquabot_example.pc'
[0.608s] Level 1:colcon.colcon_core.environment:checking '/home/newman/vrx_ws/src/mission_windwatch/install/lib/python3.10/site-packages'
[0.609s] Level 1:colcon.colcon_core.environment:checking '/home/newman/vrx_ws/src/mission_windwatch/install/bin'
[0.609s] INFO:colcon.colcon_core.shell:Creating package script '/home/newman/vrx_ws/src/mission_windwatch/install/share/aquabot_example/package.ps1'
[0.611s] INFO:colcon.colcon_core.shell:Creating package descriptor '/home/newman/vrx_ws/src/mission_windwatch/install/share/aquabot_example/package.dsv'
[0.612s] INFO:colcon.colcon_core.shell:Creating package script '/home/newman/vrx_ws/src/mission_windwatch/install/share/aquabot_example/package.sh'
[0.612s] INFO:colcon.colcon_core.shell:Creating package script '/home/newman/vrx_ws/src/mission_windwatch/install/share/aquabot_example/package.bash'
[0.613s] INFO:colcon.colcon_core.shell:Creating package script '/home/newman/vrx_ws/src/mission_windwatch/install/share/aquabot_example/package.zsh'
[0.613s] Level 1:colcon.colcon_core.environment:create_file_with_runtime_dependencies(/home/newman/vrx_ws/src/mission_windwatch/install/share/colcon-core/packages/aquabot_example)
[0.613s] INFO:colcon.colcon_ros.task.ament_cmake.build:Building ROS package in '/home/newman/vrx_ws/src/mission_windwatch/src/vrx/vrx_gz' with build type 'ament_cmake'
[0.614s] INFO:colcon.colcon_cmake.task.cmake.build:Building CMake package in '/home/newman/vrx_ws/src/mission_windwatch/src/vrx/vrx_gz'
[0.614s] INFO:colcon.colcon_core.shell:Skip shell extension 'powershell' for command environment: Not usable outside of PowerShell
[0.614s] DEBUG:colcon.colcon_core.shell:Skip shell extension 'dsv' for command environment
[0.624s] Level 1:colcon.colcon_core.environment:create_environment_scripts_only(mission_manager)
[0.625s] Level 1:colcon.colcon_core.environment:checking '/home/newman/vrx_ws/src/mission_windwatch/install' for CMake module files
[0.625s] Level 1:colcon.colcon_core.environment:checking '/home/newman/vrx_ws/src/mission_windwatch/install' for CMake config files
[0.625s] Level 1:colcon.colcon_core.shell:create_environment_hook('mission_manager', 'cmake_prefix_path')
[0.626s] INFO:colcon.colcon_core.shell:Creating environment hook '/home/newman/vrx_ws/src/mission_windwatch/install/share/mission_manager/hook/cmake_prefix_path.ps1'
[0.627s] DEBUG:colcon.colcon_core.event_handler.log_command:Invoking command in '/home/newman/vrx_ws/src/mission_windwatch/build/sensors': CMAKE_PREFIX_PATH=/opt/ros/humble /usr/bin/cmake --build /home/newman/vrx_ws/src/mission_windwatch/build/sensors -- -j9 -l9
[0.629s] INFO:colcon.colcon_core.shell:Creating environment descriptor '/home/newman/vrx_ws/src/mission_windwatch/install/share/mission_manager/hook/cmake_prefix_path.dsv'
[0.630s] INFO:colcon.colcon_core.shell:Creating environment hook '/home/newman/vrx_ws/src/mission_windwatch/install/share/mission_manager/hook/cmake_prefix_path.sh'
[0.630s] Level 1:colcon.colcon_core.environment:checking '/home/newman/vrx_ws/src/mission_windwatch/install/lib'
[0.630s] Level 1:colcon.colcon_core.shell:create_environment_hook('mission_manager', 'ld_library_path_lib')
[0.630s] INFO:colcon.colcon_core.shell:Creating environment hook '/home/newman/vrx_ws/src/mission_windwatch/install/share/mission_manager/hook/ld_library_path_lib.ps1'
[0.631s] INFO:colcon.colcon_core.shell:Creating environment descriptor '/home/newman/vrx_ws/src/mission_windwatch/install/share/mission_manager/hook/ld_library_path_lib.dsv'
[0.631s] INFO:colcon.colcon_core.shell:Creating environment hook '/home/newman/vrx_ws/src/mission_windwatch/install/share/mission_manager/hook/ld_library_path_lib.sh'
[0.631s] Level 1:colcon.colcon_core.environment:checking '/home/newman/vrx_ws/src/mission_windwatch/install/bin'
[0.631s] Level 1:colcon.colcon_core.environment:checking '/home/newman/vrx_ws/src/mission_windwatch/install/lib/pkgconfig/mission_manager.pc'
[0.632s] Level 1:colcon.colcon_core.environment:checking '/home/newman/vrx_ws/src/mission_windwatch/install/lib/python3.10/site-packages'
[0.632s] Level 1:colcon.colcon_core.environment:checking '/home/newman/vrx_ws/src/mission_windwatch/install/bin'
[0.632s] INFO:colcon.colcon_core.shell:Creating package script '/home/newman/vrx_ws/src/mission_windwatch/install/share/mission_manager/package.ps1'
[0.633s] INFO:colcon.colcon_core.shell:Creating package descriptor '/home/newman/vrx_ws/src/mission_windwatch/install/share/mission_manager/package.dsv'
[0.633s] INFO:colcon.colcon_core.shell:Creating package script '/home/newman/vrx_ws/src/mission_windwatch/install/share/mission_manager/package.sh'
[0.634s] INFO:colcon.colcon_core.shell:Creating package script '/home/newman/vrx_ws/src/mission_windwatch/install/share/mission_manager/package.bash'
[0.634s] INFO:colcon.colcon_core.shell:Creating package script '/home/newman/vrx_ws/src/mission_windwatch/install/share/mission_manager/package.zsh'
[0.634s] Level 1:colcon.colcon_core.environment:create_file_with_runtime_dependencies(/home/newman/vrx_ws/src/mission_windwatch/install/share/colcon-core/packages/mission_manager)
[0.650s] DEBUG:colcon.colcon_core.event_handler.log_command:Invoking command in '/home/newman/vrx_ws/src/mission_windwatch/build/visualization': CMAKE_PREFIX_PATH=/opt/ros/humble /usr/bin/cmake --build /home/newman/vrx_ws/src/mission_windwatch/build/visualization -- -j9 -l9
[0.650s] DEBUG:colcon.colcon_core.event_handler.log_command:Invoking command in '/home/newman/vrx_ws/src/mission_windwatch/build/vrx_gz': AMENT_PREFIX_PATH=/home/newman/vrx_ws/src/mission_windwatch/install:${AMENT_PREFIX_PATH} CMAKE_PREFIX_PATH=/home/newman/vrx_ws/src/mission_windwatch/install:/opt/ros/humble LD_LIBRARY_PATH=/home/newman/vrx_ws/src/mission_windwatch/install/lib:${LD_LIBRARY_PATH} /usr/bin/cmake --build /home/newman/vrx_ws/src/mission_windwatch/build/vrx_gz -- -j9 -l9
[0.665s] DEBUG:colcon.colcon_core.event_handler.log_command:Invoked command in '/home/newman/vrx_ws/src/mission_windwatch/build/aquabot_python' returned '0': CMAKE_PREFIX_PATH=/opt/ros/humble /usr/bin/cmake --build /home/newman/vrx_ws/src/mission_windwatch/build/aquabot_python -- -j9 -l9
[0.671s] DEBUG:colcon.colcon_core.event_handler.log_command:Invoked command in '/home/newman/vrx_ws/src/mission_windwatch/build/vrx_gazebo' returned '0': CMAKE_PREFIX_PATH=/opt/ros/humble /usr/bin/cmake --build /home/newman/vrx_ws/src/mission_windwatch/build/vrx_gazebo -- -j9 -l9
[0.692s] DEBUG:colcon.colcon_core.event_handler.log_command:Invoking command in '/home/newman/vrx_ws/src/mission_windwatch/build/aquabot_python': CMAKE_PREFIX_PATH=/opt/ros/humble /usr/bin/cmake --install /home/newman/vrx_ws/src/mission_windwatch/build/aquabot_python
[0.695s] DEBUG:colcon.colcon_core.event_handler.log_command:Invoked command in '/home/newman/vrx_ws/src/mission_windwatch/build/opencv_example' returned '0': CMAKE_PREFIX_PATH=/opt/ros/humble /usr/bin/cmake --build /home/newman/vrx_ws/src/mission_windwatch/build/opencv_example -- -j9 -l9
[0.714s] DEBUG:colcon.colcon_core.event_handler.log_command:Invoked command in '/home/newman/vrx_ws/src/mission_windwatch/build/sensors' returned '0': CMAKE_PREFIX_PATH=/opt/ros/humble /usr/bin/cmake --build /home/newman/vrx_ws/src/mission_windwatch/build/sensors -- -j9 -l9
[0.715s] DEBUG:colcon.colcon_core.event_handler.log_command:Invoking command in '/home/newman/vrx_ws/src/mission_windwatch/build/vrx_gazebo': CMAKE_PREFIX_PATH=/opt/ros/humble /usr/bin/cmake --install /home/newman/vrx_ws/src/mission_windwatch/build/vrx_gazebo
[0.745s] DEBUG:colcon.colcon_core.event_handler.log_command:Invoking command in '/home/newman/vrx_ws/src/mission_windwatch/build/opencv_example': CMAKE_PREFIX_PATH=/opt/ros/humble /usr/bin/cmake --install /home/newman/vrx_ws/src/mission_windwatch/build/opencv_example
[0.750s] DEBUG:colcon.colcon_core.event_handler.log_command:Invoked command in '/home/newman/vrx_ws/src/mission_windwatch/build/package_example' returned '0': CMAKE_PREFIX_PATH=/opt/ros/humble /usr/bin/cmake --build /home/newman/vrx_ws/src/mission_windwatch/build/package_example -- -j9 -l9
[0.758s] DEBUG:colcon.colcon_core.event_handler.log_command:Invoked command in '/home/newman/vrx_ws/src/mission_windwatch/build/visualization' returned '0': CMAKE_PREFIX_PATH=/opt/ros/humble /usr/bin/cmake --build /home/newman/vrx_ws/src/mission_windwatch/build/visualization -- -j9 -l9
[0.759s] Level 1:colcon.colcon_core.environment:create_environment_scripts_only(aquabot_python)
[0.759s] Level 1:colcon.colcon_core.environment:checking '/home/newman/vrx_ws/src/mission_windwatch/install' for CMake module files
[0.759s] Level 1:colcon.colcon_core.environment:checking '/home/newman/vrx_ws/src/mission_windwatch/install' for CMake config files
[0.760s] Level 1:colcon.colcon_core.shell:create_environment_hook('aquabot_python', 'cmake_prefix_path')
[0.761s] INFO:colcon.colcon_core.shell:Creating environment hook '/home/newman/vrx_ws/src/mission_windwatch/install/share/aquabot_python/hook/cmake_prefix_path.ps1'
[0.761s] DEBUG:colcon.colcon_core.event_handler.log_command:Invoked command in '/home/newman/vrx_ws/src/mission_windwatch/build/aquabot_python' returned '0': CMAKE_PREFIX_PATH=/opt/ros/humble /usr/bin/cmake --install /home/newman/vrx_ws/src/mission_windwatch/build/aquabot_python
[0.762s] INFO:colcon.colcon_core.shell:Creating environment descriptor '/home/newman/vrx_ws/src/mission_windwatch/install/share/aquabot_python/hook/cmake_prefix_path.dsv'
[0.764s] INFO:colcon.colcon_core.shell:Creating environment hook '/home/newman/vrx_ws/src/mission_windwatch/install/share/aquabot_python/hook/cmake_prefix_path.sh'
[0.765s] Level 1:colcon.colcon_core.environment:checking '/home/newman/vrx_ws/src/mission_windwatch/install/lib'
[0.766s] Level 1:colcon.colcon_core.shell:create_environment_hook('aquabot_python', 'ld_library_path_lib')
[0.771s] INFO:colcon.colcon_core.shell:Creating environment hook '/home/newman/vrx_ws/src/mission_windwatch/install/share/aquabot_python/hook/ld_library_path_lib.ps1'
[0.771s] INFO:colcon.colcon_core.shell:Creating environment descriptor '/home/newman/vrx_ws/src/mission_windwatch/install/share/aquabot_python/hook/ld_library_path_lib.dsv'
[0.772s] INFO:colcon.colcon_core.shell:Creating environment hook '/home/newman/vrx_ws/src/mission_windwatch/install/share/aquabot_python/hook/ld_library_path_lib.sh'
[0.772s] Level 1:colcon.colcon_core.environment:checking '/home/newman/vrx_ws/src/mission_windwatch/install/bin'
[0.772s] Level 1:colcon.colcon_core.environment:checking '/home/newman/vrx_ws/src/mission_windwatch/install/lib/pkgconfig/aquabot_python.pc'
[0.773s] Level 1:colcon.colcon_core.environment:checking '/home/newman/vrx_ws/src/mission_windwatch/install/lib/python3.10/site-packages'
[0.773s] Level 1:colcon.colcon_core.environment:checking '/home/newman/vrx_ws/src/mission_windwatch/install/bin'
[0.773s] INFO:colcon.colcon_core.shell:Creating package script '/home/newman/vrx_ws/src/mission_windwatch/install/share/aquabot_python/package.ps1'
[0.773s] INFO:colcon.colcon_core.shell:Creating package descriptor '/home/newman/vrx_ws/src/mission_windwatch/install/share/aquabot_python/package.dsv'
[0.774s] INFO:colcon.colcon_core.shell:Creating package script '/home/newman/vrx_ws/src/mission_windwatch/install/share/aquabot_python/package.sh'
[0.774s] INFO:colcon.colcon_core.shell:Creating package script '/home/newman/vrx_ws/src/mission_windwatch/install/share/aquabot_python/package.bash'
[0.775s] INFO:colcon.colcon_core.shell:Creating package script '/home/newman/vrx_ws/src/mission_windwatch/install/share/aquabot_python/package.zsh'
[0.775s] Level 1:colcon.colcon_core.environment:create_file_with_runtime_dependencies(/home/newman/vrx_ws/src/mission_windwatch/install/share/colcon-core/packages/aquabot_python)
[0.778s] DEBUG:colcon.colcon_core.event_handler.log_command:Invoking command in '/home/newman/vrx_ws/src/mission_windwatch/build/sensors': CMAKE_PREFIX_PATH=/opt/ros/humble /usr/bin/cmake --install /home/newman/vrx_ws/src/mission_windwatch/build/sensors
[0.783s] Level 1:colcon.colcon_core.environment:create_environment_scripts_only(vrx_gazebo)
[0.783s] Level 1:colcon.colcon_core.environment:checking '/home/newman/vrx_ws/src/mission_windwatch/install' for CMake module files
[0.785s] DEBUG:colcon.colcon_core.event_handler.log_command:Invoked command in '/home/newman/vrx_ws/src/mission_windwatch/build/vrx_gazebo' returned '0': CMAKE_PREFIX_PATH=/opt/ros/humble /usr/bin/cmake --install /home/newman/vrx_ws/src/mission_windwatch/build/vrx_gazebo
[0.789s] Level 1:colcon.colcon_core.environment:checking '/home/newman/vrx_ws/src/mission_windwatch/install' for CMake config files
[0.790s] Level 1:colcon.colcon_core.shell:create_environment_hook('vrx_gazebo', 'cmake_prefix_path')
[0.790s] INFO:colcon.colcon_core.shell:Creating environment hook '/home/newman/vrx_ws/src/mission_windwatch/install/share/vrx_gazebo/hook/cmake_prefix_path.ps1'
[0.799s] INFO:colcon.colcon_core.shell:Creating environment descriptor '/home/newman/vrx_ws/src/mission_windwatch/install/share/vrx_gazebo/hook/cmake_prefix_path.dsv'
[0.799s] INFO:colcon.colcon_core.shell:Creating environment hook '/home/newman/vrx_ws/src/mission_windwatch/install/share/vrx_gazebo/hook/cmake_prefix_path.sh'
[0.803s] Level 1:colcon.colcon_core.environment:checking '/home/newman/vrx_ws/src/mission_windwatch/install/lib'
[0.803s] Level 1:colcon.colcon_core.shell:create_environment_hook('vrx_gazebo', 'ld_library_path_lib')
[0.803s] INFO:colcon.colcon_core.shell:Creating environment hook '/home/newman/vrx_ws/src/mission_windwatch/install/share/vrx_gazebo/hook/ld_library_path_lib.ps1'
[0.804s] INFO:colcon.colcon_core.shell:Creating environment descriptor '/home/newman/vrx_ws/src/mission_windwatch/install/share/vrx_gazebo/hook/ld_library_path_lib.dsv'
[0.804s] INFO:colcon.colcon_core.shell:Creating environment hook '/home/newman/vrx_ws/src/mission_windwatch/install/share/vrx_gazebo/hook/ld_library_path_lib.sh'
[0.805s] Level 1:colcon.colcon_core.environment:checking '/home/newman/vrx_ws/src/mission_windwatch/install/bin'
[0.805s] Level 1:colcon.colcon_core.environment:checking '/home/newman/vrx_ws/src/mission_windwatch/install/lib/pkgconfig/vrx_gazebo.pc'
[0.805s] Level 1:colcon.colcon_core.environment:checking '/home/newman/vrx_ws/src/mission_windwatch/install/lib/python3.10/site-packages'
[0.806s] Level 1:colcon.colcon_core.environment:checking '/home/newman/vrx_ws/src/mission_windwatch/install/bin'
[0.806s] INFO:colcon.colcon_core.shell:Creating package script '/home/newman/vrx_ws/src/mission_windwatch/install/share/vrx_gazebo/package.ps1'
[0.806s] INFO:colcon.colcon_core.shell:Creating package descriptor '/home/newman/vrx_ws/src/mission_windwatch/install/share/vrx_gazebo/package.dsv'
[0.807s] INFO:colcon.colcon_core.shell:Creating package script '/home/newman/vrx_ws/src/mission_windwatch/install/share/vrx_gazebo/package.sh'
[0.807s] INFO:colcon.colcon_core.shell:Creating package script '/home/newman/vrx_ws/src/mission_windwatch/install/share/vrx_gazebo/package.bash'
[0.807s] INFO:colcon.colcon_core.shell:Creating package script '/home/newman/vrx_ws/src/mission_windwatch/install/share/vrx_gazebo/package.zsh'
[0.808s] Level 1:colcon.colcon_core.environment:create_file_with_runtime_dependencies(/home/newman/vrx_ws/src/mission_windwatch/install/share/colcon-core/packages/vrx_gazebo)
[0.821s] DEBUG:colcon.colcon_core.event_handler.log_command:Invoking command in '/home/newman/vrx_ws/src/mission_windwatch/build/package_example': CMAKE_PREFIX_PATH=/opt/ros/humble /usr/bin/cmake --install /home/newman/vrx_ws/src/mission_windwatch/build/package_example
[0.825s] DEBUG:colcon.colcon_core.event_handler.log_command:Invoking command in '/home/newman/vrx_ws/src/mission_windwatch/build/visualization': CMAKE_PREFIX_PATH=/opt/ros/humble /usr/bin/cmake --install /home/newman/vrx_ws/src/mission_windwatch/build/visualization
[0.826s] Level 1:colcon.colcon_core.environment:create_environment_scripts_only(sensors)
[0.826s] Level 1:colcon.colcon_core.environment:checking '/home/newman/vrx_ws/src/mission_windwatch/install' for CMake module files
[0.829s] DEBUG:colcon.colcon_core.event_handler.log_command:Invoked command in '/home/newman/vrx_ws/src/mission_windwatch/build/sensors' returned '0': CMAKE_PREFIX_PATH=/opt/ros/humble /usr/bin/cmake --install /home/newman/vrx_ws/src/mission_windwatch/build/sensors
[0.830s] Level 1:colcon.colcon_core.environment:checking '/home/newman/vrx_ws/src/mission_windwatch/install' for CMake config files
[0.830s] Level 1:colcon.colcon_core.shell:create_environment_hook('sensors', 'cmake_prefix_path')
[0.831s] INFO:colcon.colcon_core.shell:Creating environment hook '/home/newman/vrx_ws/src/mission_windwatch/install/share/sensors/hook/cmake_prefix_path.ps1'
[0.834s] INFO:colcon.colcon_core.shell:Creating environment descriptor '/home/newman/vrx_ws/src/mission_windwatch/install/share/sensors/hook/cmake_prefix_path.dsv'
[0.838s] INFO:colcon.colcon_core.shell:Creating environment hook '/home/newman/vrx_ws/src/mission_windwatch/install/share/sensors/hook/cmake_prefix_path.sh'
[0.839s] Level 1:colcon.colcon_core.environment:checking '/home/newman/vrx_ws/src/mission_windwatch/install/lib'
[0.839s] Level 1:colcon.colcon_core.shell:create_environment_hook('sensors', 'ld_library_path_lib')
[0.839s] INFO:colcon.colcon_core.shell:Creating environment hook '/home/newman/vrx_ws/src/mission_windwatch/install/share/sensors/hook/ld_library_path_lib.ps1'
[0.839s] INFO:colcon.colcon_core.shell:Creating environment descriptor '/home/newman/vrx_ws/src/mission_windwatch/install/share/sensors/hook/ld_library_path_lib.dsv'
[0.839s] INFO:colcon.colcon_core.shell:Creating environment hook '/home/newman/vrx_ws/src/mission_windwatch/install/share/sensors/hook/ld_library_path_lib.sh'
[0.840s] Level 1:colcon.colcon_core.environment:checking '/home/newman/vrx_ws/src/mission_windwatch/install/bin'
[0.840s] Level 1:colcon.colcon_core.environment:checking '/home/newman/vrx_ws/src/mission_windwatch/install/lib/pkgconfig/sensors.pc'
[0.840s] Level 1:colcon.colcon_core.environment:checking '/home/newman/vrx_ws/src/mission_windwatch/install/lib/python3.10/site-packages'
[0.840s] Level 1:colcon.colcon_core.environment:checking '/home/newman/vrx_ws/src/mission_windwatch/install/bin'
[0.840s] INFO:colcon.colcon_core.shell:Creating package script '/home/newman/vrx_ws/src/mission_windwatch/install/share/sensors/package.ps1'
[0.841s] INFO:colcon.colcon_core.shell:Creating package descriptor '/home/newman/vrx_ws/src/mission_windwatch/install/share/sensors/package.dsv'
[0.841s] INFO:colcon.colcon_core.shell:Creating package script '/home/newman/vrx_ws/src/mission_windwatch/install/share/sensors/package.sh'
[0.842s] INFO:colcon.colcon_core.shell:Creating package script '/home/newman/vrx_ws/src/mission_windwatch/install/share/sensors/package.bash'
[0.842s] INFO:colcon.colcon_core.shell:Creating package script '/home/newman/vrx_ws/src/mission_windwatch/install/share/sensors/package.zsh'
[0.842s] Level 1:colcon.colcon_core.environment:create_file_with_runtime_dependencies(/home/newman/vrx_ws/src/mission_windwatch/install/share/colcon-core/packages/sensors)
[0.845s] Level 1:colcon.colcon_core.environment:create_environment_scripts_only(opencv_example)
[0.845s] Level 1:colcon.colcon_core.environment:checking '/home/newman/vrx_ws/src/mission_windwatch/install' for CMake module files
[0.846s] DEBUG:colcon.colcon_core.event_handler.log_command:Invoked command in '/home/newman/vrx_ws/src/mission_windwatch/build/opencv_example' returned '0': CMAKE_PREFIX_PATH=/opt/ros/humble /usr/bin/cmake --install /home/newman/vrx_ws/src/mission_windwatch/build/opencv_example
[0.846s] Level 1:colcon.colcon_core.environment:checking '/home/newman/vrx_ws/src/mission_windwatch/install' for CMake config files
[0.846s] Level 1:colcon.colcon_core.shell:create_environment_hook('opencv_example', 'cmake_prefix_path')
[0.846s] INFO:colcon.colcon_core.shell:Creating environment hook '/home/newman/vrx_ws/src/mission_windwatch/install/share/opencv_example/hook/cmake_prefix_path.ps1'
[0.847s] INFO:colcon.colcon_core.shell:Creating environment descriptor '/home/newman/vrx_ws/src/mission_windwatch/install/share/opencv_example/hook/cmake_prefix_path.dsv'
[0.847s] INFO:colcon.colcon_core.shell:Creating environment hook '/home/newman/vrx_ws/src/mission_windwatch/install/share/opencv_example/hook/cmake_prefix_path.sh'
[0.848s] Level 1:colcon.colcon_core.environment:checking '/home/newman/vrx_ws/src/mission_windwatch/install/lib'
[0.848s] Level 1:colcon.colcon_core.shell:create_environment_hook('opencv_example', 'ld_library_path_lib')
[0.848s] INFO:colcon.colcon_core.shell:Creating environment hook '/home/newman/vrx_ws/src/mission_windwatch/install/share/opencv_example/hook/ld_library_path_lib.ps1'
[0.848s] INFO:colcon.colcon_core.shell:Creating environment descriptor '/home/newman/vrx_ws/src/mission_windwatch/install/share/opencv_example/hook/ld_library_path_lib.dsv'
[0.849s] INFO:colcon.colcon_core.shell:Creating environment hook '/home/newman/vrx_ws/src/mission_windwatch/install/share/opencv_example/hook/ld_library_path_lib.sh'
[0.849s] Level 1:colcon.colcon_core.environment:checking '/home/newman/vrx_ws/src/mission_windwatch/install/bin'
[0.849s] Level 1:colcon.colcon_core.environment:checking '/home/newman/vrx_ws/src/mission_windwatch/install/lib/pkgconfig/opencv_example.pc'
[0.849s] Level 1:colcon.colcon_core.environment:checking '/home/newman/vrx_ws/src/mission_windwatch/install/lib/python3.10/site-packages'
[0.849s] Level 1:colcon.colcon_core.environment:checking '/home/newman/vrx_ws/src/mission_windwatch/install/bin'
[0.850s] INFO:colcon.colcon_core.shell:Creating package script '/home/newman/vrx_ws/src/mission_windwatch/install/share/opencv_example/package.ps1'
[0.850s] INFO:colcon.colcon_core.shell:Creating package descriptor '/home/newman/vrx_ws/src/mission_windwatch/install/share/opencv_example/package.dsv'
[0.851s] INFO:colcon.colcon_core.shell:Creating package script '/home/newman/vrx_ws/src/mission_windwatch/install/share/opencv_example/package.sh'
[0.851s] INFO:colcon.colcon_core.shell:Creating package script '/home/newman/vrx_ws/src/mission_windwatch/install/share/opencv_example/package.bash'
[0.851s] INFO:colcon.colcon_core.shell:Creating package script '/home/newman/vrx_ws/src/mission_windwatch/install/share/opencv_example/package.zsh'
[0.852s] Level 1:colcon.colcon_core.environment:create_file_with_runtime_dependencies(/home/newman/vrx_ws/src/mission_windwatch/install/share/colcon-core/packages/opencv_example)
[0.854s] Level 1:colcon.colcon_core.environment:create_environment_scripts_only(aquabot_python)
[0.856s] Level 1:colcon.colcon_core.environment:checking '/home/newman/vrx_ws/src/mission_windwatch/install' for CMake module files
[0.857s] Level 1:colcon.colcon_core.environment:checking '/home/newman/vrx_ws/src/mission_windwatch/install' for CMake config files
[0.857s] Level 1:colcon.colcon_core.shell:create_environment_hook('aquabot_python', 'cmake_prefix_path')
[0.857s] INFO:colcon.colcon_core.shell:Creating environment hook '/home/newman/vrx_ws/src/mission_windwatch/install/share/aquabot_python/hook/cmake_prefix_path.ps1'
[0.857s] INFO:colcon.colcon_core.shell:Creating environment descriptor '/home/newman/vrx_ws/src/mission_windwatch/install/share/aquabot_python/hook/cmake_prefix_path.dsv'
[0.858s] INFO:colcon.colcon_core.shell:Creating environment hook '/home/newman/vrx_ws/src/mission_windwatch/install/share/aquabot_python/hook/cmake_prefix_path.sh'
[0.858s] Level 1:colcon.colcon_core.environment:checking '/home/newman/vrx_ws/src/mission_windwatch/install/lib'
[0.858s] Level 1:colcon.colcon_core.shell:create_environment_hook('aquabot_python', 'ld_library_path_lib')
[0.858s] INFO:colcon.colcon_core.shell:Creating environment hook '/home/newman/vrx_ws/src/mission_windwatch/install/share/aquabot_python/hook/ld_library_path_lib.ps1'
[0.859s] INFO:colcon.colcon_core.shell:Creating environment descriptor '/home/newman/vrx_ws/src/mission_windwatch/install/share/aquabot_python/hook/ld_library_path_lib.dsv'
[0.859s] INFO:colcon.colcon_core.shell:Creating environment hook '/home/newman/vrx_ws/src/mission_windwatch/install/share/aquabot_python/hook/ld_library_path_lib.sh'
[0.859s] Level 1:colcon.colcon_core.environment:checking '/home/newman/vrx_ws/src/mission_windwatch/install/bin'
[0.860s] Level 1:colcon.colcon_core.environment:checking '/home/newman/vrx_ws/src/mission_windwatch/install/lib/pkgconfig/aquabot_python.pc'
[0.860s] Level 1:colcon.colcon_core.environment:checking '/home/newman/vrx_ws/src/mission_windwatch/install/lib/python3.10/site-packages'
[0.860s] Level 1:colcon.colcon_core.environment:checking '/home/newman/vrx_ws/src/mission_windwatch/install/bin'
[0.860s] INFO:colcon.colcon_core.shell:Creating package script '/home/newman/vrx_ws/src/mission_windwatch/install/share/aquabot_python/package.ps1'
[0.861s] INFO:colcon.colcon_core.shell:Creating package descriptor '/home/newman/vrx_ws/src/mission_windwatch/install/share/aquabot_python/package.dsv'
[0.861s] INFO:colcon.colcon_core.shell:Creating package script '/home/newman/vrx_ws/src/mission_windwatch/install/share/aquabot_python/package.sh'
[0.861s] INFO:colcon.colcon_core.shell:Creating package script '/home/newman/vrx_ws/src/mission_windwatch/install/share/aquabot_python/package.bash'
[0.862s] INFO:colcon.colcon_core.shell:Creating package script '/home/newman/vrx_ws/src/mission_windwatch/install/share/aquabot_python/package.zsh'
[0.862s] Level 1:colcon.colcon_core.environment:create_file_with_runtime_dependencies(/home/newman/vrx_ws/src/mission_windwatch/install/share/colcon-core/packages/aquabot_python)
[0.863s] Level 1:colcon.colcon_core.environment:create_environment_scripts_only(vrx_gazebo)
[0.863s] Level 1:colcon.colcon_core.environment:checking '/home/newman/vrx_ws/src/mission_windwatch/install' for CMake module files
[0.863s] Level 1:colcon.colcon_core.environment:checking '/home/newman/vrx_ws/src/mission_windwatch/install' for CMake config files
[0.863s] Level 1:colcon.colcon_core.shell:create_environment_hook('vrx_gazebo', 'cmake_prefix_path')
[0.864s] INFO:colcon.colcon_core.shell:Creating environment hook '/home/newman/vrx_ws/src/mission_windwatch/install/share/vrx_gazebo/hook/cmake_prefix_path.ps1'
[0.864s] INFO:colcon.colcon_core.shell:Creating environment descriptor '/home/newman/vrx_ws/src/mission_windwatch/install/share/vrx_gazebo/hook/cmake_prefix_path.dsv'
[0.865s] INFO:colcon.colcon_core.shell:Creating environment hook '/home/newman/vrx_ws/src/mission_windwatch/install/share/vrx_gazebo/hook/cmake_prefix_path.sh'
[0.867s] Level 1:colcon.colcon_core.environment:checking '/home/newman/vrx_ws/src/mission_windwatch/install/lib'
[0.867s] Level 1:colcon.colcon_core.shell:create_environment_hook('vrx_gazebo', 'ld_library_path_lib')
[0.868s] INFO:colcon.colcon_core.shell:Creating environment hook '/home/newman/vrx_ws/src/mission_windwatch/install/share/vrx_gazebo/hook/ld_library_path_lib.ps1'
[0.869s] INFO:colcon.colcon_core.shell:Creating environment descriptor '/home/newman/vrx_ws/src/mission_windwatch/install/share/vrx_gazebo/hook/ld_library_path_lib.dsv'
[0.870s] INFO:colcon.colcon_core.shell:Creating environment hook '/home/newman/vrx_ws/src/mission_windwatch/install/share/vrx_gazebo/hook/ld_library_path_lib.sh'
[0.871s] Level 1:colcon.colcon_core.environment:checking '/home/newman/vrx_ws/src/mission_windwatch/install/bin'
[0.871s] Level 1:colcon.colcon_core.environment:checking '/home/newman/vrx_ws/src/mission_windwatch/install/lib/pkgconfig/vrx_gazebo.pc'
[0.871s] Level 1:colcon.colcon_core.environment:checking '/home/newman/vrx_ws/src/mission_windwatch/install/lib/python3.10/site-packages'
[0.871s] Level 1:colcon.colcon_core.environment:checking '/home/newman/vrx_ws/src/mission_windwatch/install/bin'
[0.871s] INFO:colcon.colcon_core.shell:Creating package script '/home/newman/vrx_ws/src/mission_windwatch/install/share/vrx_gazebo/package.ps1'
[0.872s] INFO:colcon.colcon_core.shell:Creating package descriptor '/home/newman/vrx_ws/src/mission_windwatch/install/share/vrx_gazebo/package.dsv'
[0.872s] INFO:colcon.colcon_core.shell:Creating package script '/home/newman/vrx_ws/src/mission_windwatch/install/share/vrx_gazebo/package.sh'
[0.873s] INFO:colcon.colcon_core.shell:Creating package script '/home/newman/vrx_ws/src/mission_windwatch/install/share/vrx_gazebo/package.bash'
[0.873s] INFO:colcon.colcon_core.shell:Creating package script '/home/newman/vrx_ws/src/mission_windwatch/install/share/vrx_gazebo/package.zsh'
[0.874s] Level 1:colcon.colcon_core.environment:create_file_with_runtime_dependencies(/home/newman/vrx_ws/src/mission_windwatch/install/share/colcon-core/packages/vrx_gazebo)
[0.874s] INFO:colcon.colcon_ros.task.ament_cmake.build:Building ROS package in '/home/newman/vrx_ws/src/mission_windwatch/src/vrx/vrx_urdf/wamv_description' with build type 'ament_cmake'
[0.875s] INFO:colcon.colcon_cmake.task.cmake.build:Building CMake package in '/home/newman/vrx_ws/src/mission_windwatch/src/vrx/vrx_urdf/wamv_description'
[0.875s] INFO:colcon.colcon_core.shell:Skip shell extension 'powershell' for command environment: Not usable outside of PowerShell
[0.875s] DEBUG:colcon.colcon_core.shell:Skip shell extension 'dsv' for command environment
[0.878s] INFO:colcon.colcon_ros.task.ament_cmake.build:Building ROS package in '/home/newman/vrx_ws/src/mission_windwatch/src/aquabot/aquabot_urdf/aquabot_description' with build type 'ament_cmake'
[0.878s] INFO:colcon.colcon_cmake.task.cmake.build:Building CMake package in '/home/newman/vrx_ws/src/mission_windwatch/src/aquabot/aquabot_urdf/aquabot_description'
[0.879s] INFO:colcon.colcon_core.shell:Skip shell extension 'powershell' for command environment: Not usable outside of PowerShell
[0.879s] DEBUG:colcon.colcon_core.shell:Skip shell extension 'dsv' for command environment
[0.883s] Level 1:colcon.colcon_core.environment:create_environment_scripts_only(visualization)
[0.884s] Level 1:colcon.colcon_core.environment:checking '/home/newman/vrx_ws/src/mission_windwatch/install' for CMake module files
[0.884s] DEBUG:colcon.colcon_core.event_handler.log_command:Invoked command in '/home/newman/vrx_ws/src/mission_windwatch/build/visualization' returned '0': CMAKE_PREFIX_PATH=/opt/ros/humble /usr/bin/cmake --install /home/newman/vrx_ws/src/mission_windwatch/build/visualization
[0.884s] Level 1:colcon.colcon_core.environment:checking '/home/newman/vrx_ws/src/mission_windwatch/install' for CMake config files
[0.885s] Level 1:colcon.colcon_core.shell:create_environment_hook('visualization', 'cmake_prefix_path')
[0.885s] INFO:colcon.colcon_core.shell:Creating environment hook '/home/newman/vrx_ws/src/mission_windwatch/install/share/visualization/hook/cmake_prefix_path.ps1'
[0.885s] INFO:colcon.colcon_core.shell:Creating environment descriptor '/home/newman/vrx_ws/src/mission_windwatch/install/share/visualization/hook/cmake_prefix_path.dsv'
[0.886s] INFO:colcon.colcon_core.shell:Creating environment hook '/home/newman/vrx_ws/src/mission_windwatch/install/share/visualization/hook/cmake_prefix_path.sh'
[0.886s] Level 1:colcon.colcon_core.environment:checking '/home/newman/vrx_ws/src/mission_windwatch/install/lib'
[0.886s] Level 1:colcon.colcon_core.shell:create_environment_hook('visualization', 'ld_library_path_lib')
[0.887s] INFO:colcon.colcon_core.shell:Creating environment hook '/home/newman/vrx_ws/src/mission_windwatch/install/share/visualization/hook/ld_library_path_lib.ps1'
[0.887s] INFO:colcon.colcon_core.shell:Creating environment descriptor '/home/newman/vrx_ws/src/mission_windwatch/install/share/visualization/hook/ld_library_path_lib.dsv'
[0.887s] INFO:colcon.colcon_core.shell:Creating environment hook '/home/newman/vrx_ws/src/mission_windwatch/install/share/visualization/hook/ld_library_path_lib.sh'
[0.888s] Level 1:colcon.colcon_core.environment:checking '/home/newman/vrx_ws/src/mission_windwatch/install/bin'
[0.888s] Level 1:colcon.colcon_core.environment:checking '/home/newman/vrx_ws/src/mission_windwatch/install/lib/pkgconfig/visualization.pc'
[0.888s] Level 1:colcon.colcon_core.environment:checking '/home/newman/vrx_ws/src/mission_windwatch/install/lib/python3.10/site-packages'
[0.888s] Level 1:colcon.colcon_core.environment:checking '/home/newman/vrx_ws/src/mission_windwatch/install/bin'
[0.889s] INFO:colcon.colcon_core.shell:Creating package script '/home/newman/vrx_ws/src/mission_windwatch/install/share/visualization/package.ps1'
[0.889s] INFO:colcon.colcon_core.shell:Creating package descriptor '/home/newman/vrx_ws/src/mission_windwatch/install/share/visualization/package.dsv'
[0.890s] INFO:colcon.colcon_core.shell:Creating package script '/home/newman/vrx_ws/src/mission_windwatch/install/share/visualization/package.sh'
[0.890s] INFO:colcon.colcon_core.shell:Creating package script '/home/newman/vrx_ws/src/mission_windwatch/install/share/visualization/package.bash'
[0.891s] INFO:colcon.colcon_core.shell:Creating package script '/home/newman/vrx_ws/src/mission_windwatch/install/share/visualization/package.zsh'
[0.891s] Level 1:colcon.colcon_core.environment:create_file_with_runtime_dependencies(/home/newman/vrx_ws/src/mission_windwatch/install/share/colcon-core/packages/visualization)
[0.893s] Level 1:colcon.colcon_core.environment:create_environment_scripts_only(sensors)
[0.893s] Level 1:colcon.colcon_core.environment:checking '/home/newman/vrx_ws/src/mission_windwatch/install' for CMake module files
[0.894s] Level 1:colcon.colcon_core.environment:checking '/home/newman/vrx_ws/src/mission_windwatch/install' for CMake config files
[0.894s] Level 1:colcon.colcon_core.shell:create_environment_hook('sensors', 'cmake_prefix_path')
[0.894s] INFO:colcon.colcon_core.shell:Creating environment hook '/home/newman/vrx_ws/src/mission_windwatch/install/share/sensors/hook/cmake_prefix_path.ps1'
[0.895s] INFO:colcon.colcon_core.shell:Creating environment descriptor '/home/newman/vrx_ws/src/mission_windwatch/install/share/sensors/hook/cmake_prefix_path.dsv'
[0.895s] INFO:colcon.colcon_core.shell:Creating environment hook '/home/newman/vrx_ws/src/mission_windwatch/install/share/sensors/hook/cmake_prefix_path.sh'
[0.896s] Level 1:colcon.colcon_core.environment:checking '/home/newman/vrx_ws/src/mission_windwatch/install/lib'
[0.896s] Level 1:colcon.colcon_core.shell:create_environment_hook('sensors', 'ld_library_path_lib')
[0.896s] INFO:colcon.colcon_core.shell:Creating environment hook '/home/newman/vrx_ws/src/mission_windwatch/install/share/sensors/hook/ld_library_path_lib.ps1'
[0.896s] INFO:colcon.colcon_core.shell:Creating environment descriptor '/home/newman/vrx_ws/src/mission_windwatch/install/share/sensors/hook/ld_library_path_lib.dsv'
[0.897s] INFO:colcon.colcon_core.shell:Creating environment hook '/home/newman/vrx_ws/src/mission_windwatch/install/share/sensors/hook/ld_library_path_lib.sh'
[0.897s] Level 1:colcon.colcon_core.environment:checking '/home/newman/vrx_ws/src/mission_windwatch/install/bin'
[0.897s] Level 1:colcon.colcon_core.environment:checking '/home/newman/vrx_ws/src/mission_windwatch/install/lib/pkgconfig/sensors.pc'
[0.897s] Level 1:colcon.colcon_core.environment:checking '/home/newman/vrx_ws/src/mission_windwatch/install/lib/python3.10/site-packages'
[0.897s] Level 1:colcon.colcon_core.environment:checking '/home/newman/vrx_ws/src/mission_windwatch/install/bin'
[0.898s] INFO:colcon.colcon_core.shell:Creating package script '/home/newman/vrx_ws/src/mission_windwatch/install/share/sensors/package.ps1'
[0.898s] INFO:colcon.colcon_core.shell:Creating package descriptor '/home/newman/vrx_ws/src/mission_windwatch/install/share/sensors/package.dsv'
[0.899s] INFO:colcon.colcon_core.shell:Creating package script '/home/newman/vrx_ws/src/mission_windwatch/install/share/sensors/package.sh'
[0.899s] INFO:colcon.colcon_core.shell:Creating package script '/home/newman/vrx_ws/src/mission_windwatch/install/share/sensors/package.bash'
[0.899s] INFO:colcon.colcon_core.shell:Creating package script '/home/newman/vrx_ws/src/mission_windwatch/install/share/sensors/package.zsh'
[0.900s] Level 1:colcon.colcon_core.environment:create_file_with_runtime_dependencies(/home/newman/vrx_ws/src/mission_windwatch/install/share/colcon-core/packages/sensors)
[0.900s] Level 1:colcon.colcon_core.environment:create_environment_scripts_only(opencv_example)
[0.901s] Level 1:colcon.colcon_core.environment:checking '/home/newman/vrx_ws/src/mission_windwatch/install' for CMake module files
[0.901s] Level 1:colcon.colcon_core.environment:checking '/home/newman/vrx_ws/src/mission_windwatch/install' for CMake config files
[0.901s] Level 1:colcon.colcon_core.shell:create_environment_hook('opencv_example', 'cmake_prefix_path')
[0.901s] INFO:colcon.colcon_core.shell:Creating environment hook '/home/newman/vrx_ws/src/mission_windwatch/install/share/opencv_example/hook/cmake_prefix_path.ps1'
[0.902s] INFO:colcon.colcon_core.shell:Creating environment descriptor '/home/newman/vrx_ws/src/mission_windwatch/install/share/opencv_example/hook/cmake_prefix_path.dsv'
[0.902s] INFO:colcon.colcon_core.shell:Creating environment hook '/home/newman/vrx_ws/src/mission_windwatch/install/share/opencv_example/hook/cmake_prefix_path.sh'
[0.903s] Level 1:colcon.colcon_core.environment:checking '/home/newman/vrx_ws/src/mission_windwatch/install/lib'
[0.903s] Level 1:colcon.colcon_core.shell:create_environment_hook('opencv_example', 'ld_library_path_lib')
[0.903s] INFO:colcon.colcon_core.shell:Creating environment hook '/home/newman/vrx_ws/src/mission_windwatch/install/share/opencv_example/hook/ld_library_path_lib.ps1'
[0.904s] INFO:colcon.colcon_core.shell:Creating environment descriptor '/home/newman/vrx_ws/src/mission_windwatch/install/share/opencv_example/hook/ld_library_path_lib.dsv'
[0.904s] INFO:colcon.colcon_core.shell:Creating environment hook '/home/newman/vrx_ws/src/mission_windwatch/install/share/opencv_example/hook/ld_library_path_lib.sh'
[0.905s] Level 1:colcon.colcon_core.environment:checking '/home/newman/vrx_ws/src/mission_windwatch/install/bin'
[0.905s] Level 1:colcon.colcon_core.environment:checking '/home/newman/vrx_ws/src/mission_windwatch/install/lib/pkgconfig/opencv_example.pc'
[0.905s] Level 1:colcon.colcon_core.environment:checking '/home/newman/vrx_ws/src/mission_windwatch/install/lib/python3.10/site-packages'
[0.905s] Level 1:colcon.colcon_core.environment:checking '/home/newman/vrx_ws/src/mission_windwatch/install/bin'
[0.906s] INFO:colcon.colcon_core.shell:Creating package script '/home/newman/vrx_ws/src/mission_windwatch/install/share/opencv_example/package.ps1'
[0.906s] INFO:colcon.colcon_core.shell:Creating package descriptor '/home/newman/vrx_ws/src/mission_windwatch/install/share/opencv_example/package.dsv'
[0.907s] INFO:colcon.colcon_core.shell:Creating package script '/home/newman/vrx_ws/src/mission_windwatch/install/share/opencv_example/package.sh'
[0.907s] INFO:colcon.colcon_core.shell:Creating package script '/home/newman/vrx_ws/src/mission_windwatch/install/share/opencv_example/package.bash'
[0.908s] INFO:colcon.colcon_core.shell:Creating package script '/home/newman/vrx_ws/src/mission_windwatch/install/share/opencv_example/package.zsh'
[0.909s] Level 1:colcon.colcon_core.environment:create_file_with_runtime_dependencies(/home/newman/vrx_ws/src/mission_windwatch/install/share/colcon-core/packages/opencv_example)
[0.915s] DEBUG:colcon.colcon_core.event_handler.log_command:Invoking command in '/home/newman/vrx_ws/src/mission_windwatch/build/wamv_description': AMENT_PREFIX_PATH=/home/newman/vrx_ws/src/mission_windwatch/install:${AMENT_PREFIX_PATH} CMAKE_PREFIX_PATH=/home/newman/vrx_ws/src/mission_windwatch/install:/opt/ros/humble GZ_SIM_RESOURCE_PATH=/home/newman/vrx_ws/src/mission_windwatch/install/share/vrx_gazebo/models:/home/newman/vrx_ws/src/mission_windwatch/install/share LD_LIBRARY_PATH=/home/newman/vrx_ws/src/mission_windwatch/install/lib:${LD_LIBRARY_PATH} PYTHONPATH=/home/newman/vrx_ws/src/mission_windwatch/install/local/lib/python3.10/dist-packages:${PYTHONPATH} /usr/bin/cmake --build /home/newman/vrx_ws/src/mission_windwatch/build/wamv_description -- -j9 -l9
[0.917s] Level 1:colcon.colcon_core.environment:create_environment_scripts_only(package_example)
[0.917s] Level 1:colcon.colcon_core.environment:checking '/home/newman/vrx_ws/src/mission_windwatch/install' for CMake module files
[0.918s] Level 1:colcon.colcon_core.environment:checking '/home/newman/vrx_ws/src/mission_windwatch/install' for CMake config files
[0.919s] DEBUG:colcon.colcon_core.event_handler.log_command:Invoking command in '/home/newman/vrx_ws/src/mission_windwatch/build/aquabot_description': AMENT_PREFIX_PATH=/home/newman/vrx_ws/src/mission_windwatch/install:${AMENT_PREFIX_PATH} CMAKE_PREFIX_PATH=/home/newman/vrx_ws/src/mission_windwatch/install:/opt/ros/humble GZ_SIM_RESOURCE_PATH=/home/newman/vrx_ws/src/mission_windwatch/install/share/vrx_gazebo/models:/home/newman/vrx_ws/src/mission_windwatch/install/share LD_LIBRARY_PATH=/home/newman/vrx_ws/src/mission_windwatch/install/lib:${LD_LIBRARY_PATH} PYTHONPATH=/home/newman/vrx_ws/src/mission_windwatch/install/local/lib/python3.10/dist-packages:${PYTHONPATH} /usr/bin/cmake --build /home/newman/vrx_ws/src/mission_windwatch/build/aquabot_description -- -j9 -l9
[0.919s] DEBUG:colcon.colcon_core.event_handler.log_command:Invoked command in '/home/newman/vrx_ws/src/mission_windwatch/build/package_example' returned '0': CMAKE_PREFIX_PATH=/opt/ros/humble /usr/bin/cmake --install /home/newman/vrx_ws/src/mission_windwatch/build/package_example
[0.919s] Level 1:colcon.colcon_core.shell:create_environment_hook('package_example', 'cmake_prefix_path')
[0.919s] INFO:colcon.colcon_core.shell:Creating environment hook '/home/newman/vrx_ws/src/mission_windwatch/install/share/package_example/hook/cmake_prefix_path.ps1'
[0.920s] INFO:colcon.colcon_core.shell:Creating environment descriptor '/home/newman/vrx_ws/src/mission_windwatch/install/share/package_example/hook/cmake_prefix_path.dsv'
[0.920s] INFO:colcon.colcon_core.shell:Creating environment hook '/home/newman/vrx_ws/src/mission_windwatch/install/share/package_example/hook/cmake_prefix_path.sh'
[0.921s] Level 1:colcon.colcon_core.environment:checking '/home/newman/vrx_ws/src/mission_windwatch/install/lib'
[0.921s] Level 1:colcon.colcon_core.shell:create_environment_hook('package_example', 'ld_library_path_lib')
[0.922s] INFO:colcon.colcon_core.shell:Creating environment hook '/home/newman/vrx_ws/src/mission_windwatch/install/share/package_example/hook/ld_library_path_lib.ps1'
[0.922s] INFO:colcon.colcon_core.shell:Creating environment descriptor '/home/newman/vrx_ws/src/mission_windwatch/install/share/package_example/hook/ld_library_path_lib.dsv'
[0.923s] INFO:colcon.colcon_core.shell:Creating environment hook '/home/newman/vrx_ws/src/mission_windwatch/install/share/package_example/hook/ld_library_path_lib.sh'
[0.923s] Level 1:colcon.colcon_core.environment:checking '/home/newman/vrx_ws/src/mission_windwatch/install/bin'
[0.923s] Level 1:colcon.colcon_core.environment:checking '/home/newman/vrx_ws/src/mission_windwatch/install/lib/pkgconfig/package_example.pc'
[0.923s] Level 1:colcon.colcon_core.environment:checking '/home/newman/vrx_ws/src/mission_windwatch/install/lib/python3.10/site-packages'
[0.924s] Level 1:colcon.colcon_core.environment:checking '/home/newman/vrx_ws/src/mission_windwatch/install/bin'
[0.924s] INFO:colcon.colcon_core.shell:Creating package script '/home/newman/vrx_ws/src/mission_windwatch/install/share/package_example/package.ps1'
[0.925s] INFO:colcon.colcon_core.shell:Creating package descriptor '/home/newman/vrx_ws/src/mission_windwatch/install/share/package_example/package.dsv'
[0.926s] INFO:colcon.colcon_core.shell:Creating package script '/home/newman/vrx_ws/src/mission_windwatch/install/share/package_example/package.sh'
[0.927s] INFO:colcon.colcon_core.shell:Creating package script '/home/newman/vrx_ws/src/mission_windwatch/install/share/package_example/package.bash'
[0.927s] INFO:colcon.colcon_core.shell:Creating package script '/home/newman/vrx_ws/src/mission_windwatch/install/share/package_example/package.zsh'
[0.928s] Level 1:colcon.colcon_core.environment:create_file_with_runtime_dependencies(/home/newman/vrx_ws/src/mission_windwatch/install/share/colcon-core/packages/package_example)
[0.931s] Level 1:colcon.colcon_core.environment:create_environment_scripts_only(visualization)
[0.931s] Level 1:colcon.colcon_core.environment:checking '/home/newman/vrx_ws/src/mission_windwatch/install' for CMake module files
[0.932s] Level 1:colcon.colcon_core.environment:checking '/home/newman/vrx_ws/src/mission_windwatch/install' for CMake config files
[0.932s] Level 1:colcon.colcon_core.shell:create_environment_hook('visualization', 'cmake_prefix_path')
[0.933s] INFO:colcon.colcon_core.shell:Creating environment hook '/home/newman/vrx_ws/src/mission_windwatch/install/share/visualization/hook/cmake_prefix_path.ps1'
[0.933s] INFO:colcon.colcon_core.shell:Creating environment descriptor '/home/newman/vrx_ws/src/mission_windwatch/install/share/visualization/hook/cmake_prefix_path.dsv'
[0.934s] INFO:colcon.colcon_core.shell:Creating environment hook '/home/newman/vrx_ws/src/mission_windwatch/install/share/visualization/hook/cmake_prefix_path.sh'
[0.934s] Level 1:colcon.colcon_core.environment:checking '/home/newman/vrx_ws/src/mission_windwatch/install/lib'
[0.934s] Level 1:colcon.colcon_core.shell:create_environment_hook('visualization', 'ld_library_path_lib')
[0.935s] INFO:colcon.colcon_core.shell:Creating environment hook '/home/newman/vrx_ws/src/mission_windwatch/install/share/visualization/hook/ld_library_path_lib.ps1'
[0.935s] INFO:colcon.colcon_core.shell:Creating environment descriptor '/home/newman/vrx_ws/src/mission_windwatch/install/share/visualization/hook/ld_library_path_lib.dsv'
[0.935s] INFO:colcon.colcon_core.shell:Creating environment hook '/home/newman/vrx_ws/src/mission_windwatch/install/share/visualization/hook/ld_library_path_lib.sh'
[0.936s] Level 1:colcon.colcon_core.environment:checking '/home/newman/vrx_ws/src/mission_windwatch/install/bin'
[0.936s] Level 1:colcon.colcon_core.environment:checking '/home/newman/vrx_ws/src/mission_windwatch/install/lib/pkgconfig/visualization.pc'
[0.936s] Level 1:colcon.colcon_core.environment:checking '/home/newman/vrx_ws/src/mission_windwatch/install/lib/python3.10/site-packages'
[0.936s] Level 1:colcon.colcon_core.environment:checking '/home/newman/vrx_ws/src/mission_windwatch/install/bin'
[0.937s] INFO:colcon.colcon_core.shell:Creating package script '/home/newman/vrx_ws/src/mission_windwatch/install/share/visualization/package.ps1'
[0.937s] INFO:colcon.colcon_core.shell:Creating package descriptor '/home/newman/vrx_ws/src/mission_windwatch/install/share/visualization/package.dsv'
[0.937s] INFO:colcon.colcon_core.shell:Creating package script '/home/newman/vrx_ws/src/mission_windwatch/install/share/visualization/package.sh'
[0.938s] INFO:colcon.colcon_core.shell:Creating package script '/home/newman/vrx_ws/src/mission_windwatch/install/share/visualization/package.bash'
[0.938s] INFO:colcon.colcon_core.shell:Creating package script '/home/newman/vrx_ws/src/mission_windwatch/install/share/visualization/package.zsh'
[0.939s] Level 1:colcon.colcon_core.environment:create_file_with_runtime_dependencies(/home/newman/vrx_ws/src/mission_windwatch/install/share/colcon-core/packages/visualization)
[0.961s] Level 1:colcon.colcon_core.environment:create_environment_scripts_only(package_example)
[0.961s] Level 1:colcon.colcon_core.environment:checking '/home/newman/vrx_ws/src/mission_windwatch/install' for CMake module files
[0.962s] Level 1:colcon.colcon_core.environment:checking '/home/newman/vrx_ws/src/mission_windwatch/install' for CMake config files
[0.962s] Level 1:colcon.colcon_core.shell:create_environment_hook('package_example', 'cmake_prefix_path')
[0.962s] INFO:colcon.colcon_core.shell:Creating environment hook '/home/newman/vrx_ws/src/mission_windwatch/install/share/package_example/hook/cmake_prefix_path.ps1'
[0.962s] INFO:colcon.colcon_core.shell:Creating environment descriptor '/home/newman/vrx_ws/src/mission_windwatch/install/share/package_example/hook/cmake_prefix_path.dsv'
[0.963s] INFO:colcon.colcon_core.shell:Creating environment hook '/home/newman/vrx_ws/src/mission_windwatch/install/share/package_example/hook/cmake_prefix_path.sh'
[0.963s] Level 1:colcon.colcon_core.environment:checking '/home/newman/vrx_ws/src/mission_windwatch/install/lib'
[0.963s] Level 1:colcon.colcon_core.shell:create_environment_hook('package_example', 'ld_library_path_lib')
[0.964s] INFO:colcon.colcon_core.shell:Creating environment hook '/home/newman/vrx_ws/src/mission_windwatch/install/share/package_example/hook/ld_library_path_lib.ps1'
[0.964s] INFO:colcon.colcon_core.shell:Creating environment descriptor '/home/newman/vrx_ws/src/mission_windwatch/install/share/package_example/hook/ld_library_path_lib.dsv'
[0.964s] INFO:colcon.colcon_core.shell:Creating environment hook '/home/newman/vrx_ws/src/mission_windwatch/install/share/package_example/hook/ld_library_path_lib.sh'
[0.965s] Level 1:colcon.colcon_core.environment:checking '/home/newman/vrx_ws/src/mission_windwatch/install/bin'
[0.965s] Level 1:colcon.colcon_core.environment:checking '/home/newman/vrx_ws/src/mission_windwatch/install/lib/pkgconfig/package_example.pc'
[0.965s] Level 1:colcon.colcon_core.environment:checking '/home/newman/vrx_ws/src/mission_windwatch/install/lib/python3.10/site-packages'
[0.965s] Level 1:colcon.colcon_core.environment:checking '/home/newman/vrx_ws/src/mission_windwatch/install/bin'
[0.966s] INFO:colcon.colcon_core.shell:Creating package script '/home/newman/vrx_ws/src/mission_windwatch/install/share/package_example/package.ps1'
[0.966s] INFO:colcon.colcon_core.shell:Creating package descriptor '/home/newman/vrx_ws/src/mission_windwatch/install/share/package_example/package.dsv'
[0.967s] INFO:colcon.colcon_core.shell:Creating package script '/home/newman/vrx_ws/src/mission_windwatch/install/share/package_example/package.sh'
[0.967s] INFO:colcon.colcon_core.shell:Creating package script '/home/newman/vrx_ws/src/mission_windwatch/install/share/package_example/package.bash'
[0.967s] INFO:colcon.colcon_core.shell:Creating package script '/home/newman/vrx_ws/src/mission_windwatch/install/share/package_example/package.zsh'
[0.968s] Level 1:colcon.colcon_core.environment:create_file_with_runtime_dependencies(/home/newman/vrx_ws/src/mission_windwatch/install/share/colcon-core/packages/package_example)
[0.971s] DEBUG:colcon.colcon_core.event_handler.log_command:Invoked command in '/home/newman/vrx_ws/src/mission_windwatch/build/aquabot_description' returned '0': AMENT_PREFIX_PATH=/home/newman/vrx_ws/src/mission_windwatch/install:${AMENT_PREFIX_PATH} CMAKE_PREFIX_PATH=/home/newman/vrx_ws/src/mission_windwatch/install:/opt/ros/humble GZ_SIM_RESOURCE_PATH=/home/newman/vrx_ws/src/mission_windwatch/install/share/vrx_gazebo/models:/home/newman/vrx_ws/src/mission_windwatch/install/share LD_LIBRARY_PATH=/home/newman/vrx_ws/src/mission_windwatch/install/lib:${LD_LIBRARY_PATH} PYTHONPATH=/home/newman/vrx_ws/src/mission_windwatch/install/local/lib/python3.10/dist-packages:${PYTHONPATH} /usr/bin/cmake --build /home/newman/vrx_ws/src/mission_windwatch/build/aquabot_description -- -j9 -l9
[0.984s] DEBUG:colcon.colcon_core.event_handler.log_command:Invoked command in '/home/newman/vrx_ws/src/mission_windwatch/build/wamv_description' returned '0': AMENT_PREFIX_PATH=/home/newman/vrx_ws/src/mission_windwatch/install:${AMENT_PREFIX_PATH} CMAKE_PREFIX_PATH=/home/newman/vrx_ws/src/mission_windwatch/install:/opt/ros/humble GZ_SIM_RESOURCE_PATH=/home/newman/vrx_ws/src/mission_windwatch/install/share/vrx_gazebo/models:/home/newman/vrx_ws/src/mission_windwatch/install/share LD_LIBRARY_PATH=/home/newman/vrx_ws/src/mission_windwatch/install/lib:${LD_LIBRARY_PATH} PYTHONPATH=/home/newman/vrx_ws/src/mission_windwatch/install/local/lib/python3.10/dist-packages:${PYTHONPATH} /usr/bin/cmake --build /home/newman/vrx_ws/src/mission_windwatch/build/wamv_description -- -j9 -l9
[0.995s] DEBUG:colcon.colcon_core.event_handler.log_command:Invoking command in '/home/newman/vrx_ws/src/mission_windwatch/build/aquabot_description': AMENT_PREFIX_PATH=/home/newman/vrx_ws/src/mission_windwatch/install:${AMENT_PREFIX_PATH} CMAKE_PREFIX_PATH=/home/newman/vrx_ws/src/mission_windwatch/install:/opt/ros/humble GZ_SIM_RESOURCE_PATH=/home/newman/vrx_ws/src/mission_windwatch/install/share/vrx_gazebo/models:/home/newman/vrx_ws/src/mission_windwatch/install/share LD_LIBRARY_PATH=/home/newman/vrx_ws/src/mission_windwatch/install/lib:${LD_LIBRARY_PATH} PYTHONPATH=/home/newman/vrx_ws/src/mission_windwatch/install/local/lib/python3.10/dist-packages:${PYTHONPATH} /usr/bin/cmake --install /home/newman/vrx_ws/src/mission_windwatch/build/aquabot_description
[1.003s] Level 1:colcon.colcon_core.environment:create_environment_scripts_only(aquabot_description)
[1.004s] Level 1:colcon.colcon_core.environment:checking '/home/newman/vrx_ws/src/mission_windwatch/install' for CMake module files
[1.004s] DEBUG:colcon.colcon_core.event_handler.log_command:Invoked command in '/home/newman/vrx_ws/src/mission_windwatch/build/aquabot_description' returned '0': AMENT_PREFIX_PATH=/home/newman/vrx_ws/src/mission_windwatch/install:${AMENT_PREFIX_PATH} CMAKE_PREFIX_PATH=/home/newman/vrx_ws/src/mission_windwatch/install:/opt/ros/humble GZ_SIM_RESOURCE_PATH=/home/newman/vrx_ws/src/mission_windwatch/install/share/vrx_gazebo/models:/home/newman/vrx_ws/src/mission_windwatch/install/share LD_LIBRARY_PATH=/home/newman/vrx_ws/src/mission_windwatch/install/lib:${LD_LIBRARY_PATH} PYTHONPATH=/home/newman/vrx_ws/src/mission_windwatch/install/local/lib/python3.10/dist-packages:${PYTHONPATH} /usr/bin/cmake --install /home/newman/vrx_ws/src/mission_windwatch/build/aquabot_description
[1.004s] Level 1:colcon.colcon_core.environment:checking '/home/newman/vrx_ws/src/mission_windwatch/install' for CMake config files
[1.005s] Level 1:colcon.colcon_core.shell:create_environment_hook('aquabot_description', 'cmake_prefix_path')
[1.005s] INFO:colcon.colcon_core.shell:Creating environment hook '/home/newman/vrx_ws/src/mission_windwatch/install/share/aquabot_description/hook/cmake_prefix_path.ps1'
[1.005s] INFO:colcon.colcon_core.shell:Creating environment descriptor '/home/newman/vrx_ws/src/mission_windwatch/install/share/aquabot_description/hook/cmake_prefix_path.dsv'
[1.005s] INFO:colcon.colcon_core.shell:Creating environment hook '/home/newman/vrx_ws/src/mission_windwatch/install/share/aquabot_description/hook/cmake_prefix_path.sh'
[1.006s] Level 1:colcon.colcon_core.environment:checking '/home/newman/vrx_ws/src/mission_windwatch/install/lib'
[1.006s] Level 1:colcon.colcon_core.shell:create_environment_hook('aquabot_description', 'ld_library_path_lib')
[1.006s] INFO:colcon.colcon_core.shell:Creating environment hook '/home/newman/vrx_ws/src/mission_windwatch/install/share/aquabot_description/hook/ld_library_path_lib.ps1'
[1.006s] INFO:colcon.colcon_core.shell:Creating environment descriptor '/home/newman/vrx_ws/src/mission_windwatch/install/share/aquabot_description/hook/ld_library_path_lib.dsv'
[1.007s] INFO:colcon.colcon_core.shell:Creating environment hook '/home/newman/vrx_ws/src/mission_windwatch/install/share/aquabot_description/hook/ld_library_path_lib.sh'
[1.007s] Level 1:colcon.colcon_core.environment:checking '/home/newman/vrx_ws/src/mission_windwatch/install/bin'
[1.007s] Level 1:colcon.colcon_core.environment:checking '/home/newman/vrx_ws/src/mission_windwatch/install/lib/pkgconfig/aquabot_description.pc'
[1.007s] Level 1:colcon.colcon_core.environment:checking '/home/newman/vrx_ws/src/mission_windwatch/install/lib/python3.10/site-packages'
[1.007s] Level 1:colcon.colcon_core.environment:checking '/home/newman/vrx_ws/src/mission_windwatch/install/bin'
[1.008s] INFO:colcon.colcon_core.shell:Creating package script '/home/newman/vrx_ws/src/mission_windwatch/install/share/aquabot_description/package.ps1'
[1.008s] INFO:colcon.colcon_core.shell:Creating package descriptor '/home/newman/vrx_ws/src/mission_windwatch/install/share/aquabot_description/package.dsv'
[1.008s] INFO:colcon.colcon_core.shell:Creating package script '/home/newman/vrx_ws/src/mission_windwatch/install/share/aquabot_description/package.sh'
[1.009s] INFO:colcon.colcon_core.shell:Creating package script '/home/newman/vrx_ws/src/mission_windwatch/install/share/aquabot_description/package.bash'
[1.009s] INFO:colcon.colcon_core.shell:Creating package script '/home/newman/vrx_ws/src/mission_windwatch/install/share/aquabot_description/package.zsh'
[1.009s] Level 1:colcon.colcon_core.environment:create_file_with_runtime_dependencies(/home/newman/vrx_ws/src/mission_windwatch/install/share/colcon-core/packages/aquabot_description)
[1.014s] DEBUG:colcon.colcon_core.event_handler.log_command:Invoking command in '/home/newman/vrx_ws/src/mission_windwatch/build/wamv_description': AMENT_PREFIX_PATH=/home/newman/vrx_ws/src/mission_windwatch/install:${AMENT_PREFIX_PATH} CMAKE_PREFIX_PATH=/home/newman/vrx_ws/src/mission_windwatch/install:/opt/ros/humble GZ_SIM_RESOURCE_PATH=/home/newman/vrx_ws/src/mission_windwatch/install/share/vrx_gazebo/models:/home/newman/vrx_ws/src/mission_windwatch/install/share LD_LIBRARY_PATH=/home/newman/vrx_ws/src/mission_windwatch/install/lib:${LD_LIBRARY_PATH} PYTHONPATH=/home/newman/vrx_ws/src/mission_windwatch/install/local/lib/python3.10/dist-packages:${PYTHONPATH} /usr/bin/cmake --install /home/newman/vrx_ws/src/mission_windwatch/build/wamv_description
[1.023s] Level 1:colcon.colcon_core.environment:create_environment_scripts_only(wamv_description)
[1.024s] Level 1:colcon.colcon_core.environment:checking '/home/newman/vrx_ws/src/mission_windwatch/install' for CMake module files
[1.024s] Level 1:colcon.colcon_core.environment:checking '/home/newman/vrx_ws/src/mission_windwatch/install' for CMake config files
[1.024s] Level 1:colcon.colcon_core.shell:create_environment_hook('wamv_description', 'cmake_prefix_path')
[1.024s] INFO:colcon.colcon_core.shell:Creating environment hook '/home/newman/vrx_ws/src/mission_windwatch/install/share/wamv_description/hook/cmake_prefix_path.ps1'
[1.025s] INFO:colcon.colcon_core.shell:Creating environment descriptor '/home/newman/vrx_ws/src/mission_windwatch/install/share/wamv_description/hook/cmake_prefix_path.dsv'
[1.026s] DEBUG:colcon.colcon_core.event_handler.log_command:Invoked command in '/home/newman/vrx_ws/src/mission_windwatch/build/wamv_description' returned '0': AMENT_PREFIX_PATH=/home/newman/vrx_ws/src/mission_windwatch/install:${AMENT_PREFIX_PATH} CMAKE_PREFIX_PATH=/home/newman/vrx_ws/src/mission_windwatch/install:/opt/ros/humble GZ_SIM_RESOURCE_PATH=/home/newman/vrx_ws/src/mission_windwatch/install/share/vrx_gazebo/models:/home/newman/vrx_ws/src/mission_windwatch/install/share LD_LIBRARY_PATH=/home/newman/vrx_ws/src/mission_windwatch/install/lib:${LD_LIBRARY_PATH} PYTHONPATH=/home/newman/vrx_ws/src/mission_windwatch/install/local/lib/python3.10/dist-packages:${PYTHONPATH} /usr/bin/cmake --install /home/newman/vrx_ws/src/mission_windwatch/build/wamv_description
[1.026s] INFO:colcon.colcon_core.shell:Creating environment hook '/home/newman/vrx_ws/src/mission_windwatch/install/share/wamv_description/hook/cmake_prefix_path.sh'
[1.026s] Level 1:colcon.colcon_core.environment:checking '/home/newman/vrx_ws/src/mission_windwatch/install/lib'
[1.026s] Level 1:colcon.colcon_core.shell:create_environment_hook('wamv_description', 'ld_library_path_lib')
[1.027s] INFO:colcon.colcon_core.shell:Creating environment hook '/home/newman/vrx_ws/src/mission_windwatch/install/share/wamv_description/hook/ld_library_path_lib.ps1'
[1.027s] INFO:colcon.colcon_core.shell:Creating environment descriptor '/home/newman/vrx_ws/src/mission_windwatch/install/share/wamv_description/hook/ld_library_path_lib.dsv'
[1.027s] INFO:colcon.colcon_core.shell:Creating environment hook '/home/newman/vrx_ws/src/mission_windwatch/install/share/wamv_description/hook/ld_library_path_lib.sh'
[1.027s] Level 1:colcon.colcon_core.environment:checking '/home/newman/vrx_ws/src/mission_windwatch/install/bin'
[1.028s] Level 1:colcon.colcon_core.environment:checking '/home/newman/vrx_ws/src/mission_windwatch/install/lib/pkgconfig/wamv_description.pc'
[1.028s] Level 1:colcon.colcon_core.environment:checking '/home/newman/vrx_ws/src/mission_windwatch/install/lib/python3.10/site-packages'
[1.028s] Level 1:colcon.colcon_core.environment:checking '/home/newman/vrx_ws/src/mission_windwatch/install/bin'
[1.028s] INFO:colcon.colcon_core.shell:Creating package script '/home/newman/vrx_ws/src/mission_windwatch/install/share/wamv_description/package.ps1'
[1.029s] INFO:colcon.colcon_core.shell:Creating package descriptor '/home/newman/vrx_ws/src/mission_windwatch/install/share/wamv_description/package.dsv'
[1.029s] INFO:colcon.colcon_core.shell:Creating package script '/home/newman/vrx_ws/src/mission_windwatch/install/share/wamv_description/package.sh'
[1.029s] INFO:colcon.colcon_core.shell:Creating package script '/home/newman/vrx_ws/src/mission_windwatch/install/share/wamv_description/package.bash'
[1.030s] INFO:colcon.colcon_core.shell:Creating package script '/home/newman/vrx_ws/src/mission_windwatch/install/share/wamv_description/package.zsh'
[1.030s] Level 1:colcon.colcon_core.environment:create_file_with_runtime_dependencies(/home/newman/vrx_ws/src/mission_windwatch/install/share/colcon-core/packages/wamv_description)
[1.032s] Level 1:colcon.colcon_core.environment:create_environment_scripts_only(aquabot_description)
[1.032s] Level 1:colcon.colcon_core.environment:checking '/home/newman/vrx_ws/src/mission_windwatch/install' for CMake module files
[1.033s] Level 1:colcon.colcon_core.environment:checking '/home/newman/vrx_ws/src/mission_windwatch/install' for CMake config files
[1.033s] Level 1:colcon.colcon_core.shell:create_environment_hook('aquabot_description', 'cmake_prefix_path')
[1.033s] INFO:colcon.colcon_core.shell:Creating environment hook '/home/newman/vrx_ws/src/mission_windwatch/install/share/aquabot_description/hook/cmake_prefix_path.ps1'
[1.034s] INFO:colcon.colcon_core.shell:Creating environment descriptor '/home/newman/vrx_ws/src/mission_windwatch/install/share/aquabot_description/hook/cmake_prefix_path.dsv'
[1.034s] INFO:colcon.colcon_core.shell:Creating environment hook '/home/newman/vrx_ws/src/mission_windwatch/install/share/aquabot_description/hook/cmake_prefix_path.sh'
[1.035s] Level 1:colcon.colcon_core.environment:checking '/home/newman/vrx_ws/src/mission_windwatch/install/lib'
[1.035s] Level 1:colcon.colcon_core.shell:create_environment_hook('aquabot_description', 'ld_library_path_lib')
[1.035s] INFO:colcon.colcon_core.shell:Creating environment hook '/home/newman/vrx_ws/src/mission_windwatch/install/share/aquabot_description/hook/ld_library_path_lib.ps1'
[1.036s] INFO:colcon.colcon_core.shell:Creating environment descriptor '/home/newman/vrx_ws/src/mission_windwatch/install/share/aquabot_description/hook/ld_library_path_lib.dsv'
[1.036s] INFO:colcon.colcon_core.shell:Creating environment hook '/home/newman/vrx_ws/src/mission_windwatch/install/share/aquabot_description/hook/ld_library_path_lib.sh'
[1.036s] Level 1:colcon.colcon_core.environment:checking '/home/newman/vrx_ws/src/mission_windwatch/install/bin'
[1.036s] Level 1:colcon.colcon_core.environment:checking '/home/newman/vrx_ws/src/mission_windwatch/install/lib/pkgconfig/aquabot_description.pc'
[1.037s] Level 1:colcon.colcon_core.environment:checking '/home/newman/vrx_ws/src/mission_windwatch/install/lib/python3.10/site-packages'
[1.037s] Level 1:colcon.colcon_core.environment:checking '/home/newman/vrx_ws/src/mission_windwatch/install/bin'
[1.037s] INFO:colcon.colcon_core.shell:Creating package script '/home/newman/vrx_ws/src/mission_windwatch/install/share/aquabot_description/package.ps1'
[1.038s] INFO:colcon.colcon_core.shell:Creating package descriptor '/home/newman/vrx_ws/src/mission_windwatch/install/share/aquabot_description/package.dsv'
[1.038s] INFO:colcon.colcon_core.shell:Creating package script '/home/newman/vrx_ws/src/mission_windwatch/install/share/aquabot_description/package.sh'
[1.038s] INFO:colcon.colcon_core.shell:Creating package script '/home/newman/vrx_ws/src/mission_windwatch/install/share/aquabot_description/package.bash'
[1.039s] INFO:colcon.colcon_core.shell:Creating package script '/home/newman/vrx_ws/src/mission_windwatch/install/share/aquabot_description/package.zsh'
[1.039s] Level 1:colcon.colcon_core.environment:create_file_with_runtime_dependencies(/home/newman/vrx_ws/src/mission_windwatch/install/share/colcon-core/packages/aquabot_description)
[1.041s] DEBUG:colcon.colcon_core.event_handler.log_command:Invoked command in '/home/newman/vrx_ws/src/mission_windwatch/build/vrx_gz' returned '0': AMENT_PREFIX_PATH=/home/newman/vrx_ws/src/mission_windwatch/install:${AMENT_PREFIX_PATH} CMAKE_PREFIX_PATH=/home/newman/vrx_ws/src/mission_windwatch/install:/opt/ros/humble LD_LIBRARY_PATH=/home/newman/vrx_ws/src/mission_windwatch/install/lib:${LD_LIBRARY_PATH} /usr/bin/cmake --build /home/newman/vrx_ws/src/mission_windwatch/build/vrx_gz -- -j9 -l9
[1.051s] Level 1:colcon.colcon_core.environment:create_environment_scripts_only(wamv_description)
[1.051s] Level 1:colcon.colcon_core.environment:checking '/home/newman/vrx_ws/src/mission_windwatch/install' for CMake module files
[1.052s] Level 1:colcon.colcon_core.environment:checking '/home/newman/vrx_ws/src/mission_windwatch/install' for CMake config files
[1.052s] Level 1:colcon.colcon_core.shell:create_environment_hook('wamv_description', 'cmake_prefix_path')
[1.052s] INFO:colcon.colcon_core.shell:Creating environment hook '/home/newman/vrx_ws/src/mission_windwatch/install/share/wamv_description/hook/cmake_prefix_path.ps1'
[1.053s] INFO:colcon.colcon_core.shell:Creating environment descriptor '/home/newman/vrx_ws/src/mission_windwatch/install/share/wamv_description/hook/cmake_prefix_path.dsv'
[1.053s] INFO:colcon.colcon_core.shell:Creating environment hook '/home/newman/vrx_ws/src/mission_windwatch/install/share/wamv_description/hook/cmake_prefix_path.sh'
[1.053s] Level 1:colcon.colcon_core.environment:checking '/home/newman/vrx_ws/src/mission_windwatch/install/lib'
[1.054s] Level 1:colcon.colcon_core.shell:create_environment_hook('wamv_description', 'ld_library_path_lib')
[1.054s] INFO:colcon.colcon_core.shell:Creating environment hook '/home/newman/vrx_ws/src/mission_windwatch/install/share/wamv_description/hook/ld_library_path_lib.ps1'
[1.054s] INFO:colcon.colcon_core.shell:Creating environment descriptor '/home/newman/vrx_ws/src/mission_windwatch/install/share/wamv_description/hook/ld_library_path_lib.dsv'
[1.054s] INFO:colcon.colcon_core.shell:Creating environment hook '/home/newman/vrx_ws/src/mission_windwatch/install/share/wamv_description/hook/ld_library_path_lib.sh'
[1.055s] Level 1:colcon.colcon_core.environment:checking '/home/newman/vrx_ws/src/mission_windwatch/install/bin'
[1.055s] Level 1:colcon.colcon_core.environment:checking '/home/newman/vrx_ws/src/mission_windwatch/install/lib/pkgconfig/wamv_description.pc'
[1.055s] Level 1:colcon.colcon_core.environment:checking '/home/newman/vrx_ws/src/mission_windwatch/install/lib/python3.10/site-packages'
[1.055s] Level 1:colcon.colcon_core.environment:checking '/home/newman/vrx_ws/src/mission_windwatch/install/bin'
[1.055s] INFO:colcon.colcon_core.shell:Creating package script '/home/newman/vrx_ws/src/mission_windwatch/install/share/wamv_description/package.ps1'
[1.056s] INFO:colcon.colcon_core.shell:Creating package descriptor '/home/newman/vrx_ws/src/mission_windwatch/install/share/wamv_description/package.dsv'
[1.056s] INFO:colcon.colcon_core.shell:Creating package script '/home/newman/vrx_ws/src/mission_windwatch/install/share/wamv_description/package.sh'
[1.057s] INFO:colcon.colcon_core.shell:Creating package script '/home/newman/vrx_ws/src/mission_windwatch/install/share/wamv_description/package.bash'
[1.057s] INFO:colcon.colcon_core.shell:Creating package script '/home/newman/vrx_ws/src/mission_windwatch/install/share/wamv_description/package.zsh'
[1.057s] Level 1:colcon.colcon_core.environment:create_file_with_runtime_dependencies(/home/newman/vrx_ws/src/mission_windwatch/install/share/colcon-core/packages/wamv_description)
[1.058s] INFO:colcon.colcon_ros.task.ament_cmake.build:Building ROS package in '/home/newman/vrx_ws/src/mission_windwatch/src/vrx/vrx_urdf/wamv_gazebo' with build type 'ament_cmake'
[1.058s] INFO:colcon.colcon_cmake.task.cmake.build:Building CMake package in '/home/newman/vrx_ws/src/mission_windwatch/src/vrx/vrx_urdf/wamv_gazebo'
[1.058s] INFO:colcon.colcon_core.shell:Skip shell extension 'powershell' for command environment: Not usable outside of PowerShell
[1.058s] DEBUG:colcon.colcon_core.shell:Skip shell extension 'dsv' for command environment
[1.067s] DEBUG:colcon.colcon_core.event_handler.log_command:Invoking command in '/home/newman/vrx_ws/src/mission_windwatch/build/wamv_gazebo': AMENT_PREFIX_PATH=/home/newman/vrx_ws/src/mission_windwatch/install:${AMENT_PREFIX_PATH} CMAKE_PREFIX_PATH=/home/newman/vrx_ws/src/mission_windwatch/install:/opt/ros/humble GZ_SIM_RESOURCE_PATH=/home/newman/vrx_ws/src/mission_windwatch/install/share/wamv_description/models:/home/newman/vrx_ws/src/mission_windwatch/install/share/vrx_gazebo/models:/home/newman/vrx_ws/src/mission_windwatch/install/share LD_LIBRARY_PATH=/home/newman/vrx_ws/src/mission_windwatch/install/lib:${LD_LIBRARY_PATH} PYTHONPATH=/home/newman/vrx_ws/src/mission_windwatch/install/local/lib/python3.10/dist-packages:${PYTHONPATH} /usr/bin/cmake --build /home/newman/vrx_ws/src/mission_windwatch/build/wamv_gazebo -- -j9 -l9
[1.099s] DEBUG:colcon.colcon_core.event_handler.log_command:Invoked command in '/home/newman/vrx_ws/src/mission_windwatch/build/wamv_gazebo' returned '0': AMENT_PREFIX_PATH=/home/newman/vrx_ws/src/mission_windwatch/install:${AMENT_PREFIX_PATH} CMAKE_PREFIX_PATH=/home/newman/vrx_ws/src/mission_windwatch/install:/opt/ros/humble GZ_SIM_RESOURCE_PATH=/home/newman/vrx_ws/src/mission_windwatch/install/share/wamv_description/models:/home/newman/vrx_ws/src/mission_windwatch/install/share/vrx_gazebo/models:/home/newman/vrx_ws/src/mission_windwatch/install/share LD_LIBRARY_PATH=/home/newman/vrx_ws/src/mission_windwatch/install/lib:${LD_LIBRARY_PATH} PYTHONPATH=/home/newman/vrx_ws/src/mission_windwatch/install/local/lib/python3.10/dist-packages:${PYTHONPATH} /usr/bin/cmake --build /home/newman/vrx_ws/src/mission_windwatch/build/wamv_gazebo -- -j9 -l9
[1.112s] DEBUG:colcon.colcon_core.event_handler.log_command:Invoking command in '/home/newman/vrx_ws/src/mission_windwatch/build/vrx_gz': AMENT_PREFIX_PATH=/home/newman/vrx_ws/src/mission_windwatch/install:${AMENT_PREFIX_PATH} CMAKE_PREFIX_PATH=/home/newman/vrx_ws/src/mission_windwatch/install:/opt/ros/humble LD_LIBRARY_PATH=/home/newman/vrx_ws/src/mission_windwatch/install/lib:${LD_LIBRARY_PATH} /usr/bin/cmake --install /home/newman/vrx_ws/src/mission_windwatch/build/vrx_gz
[1.116s] DEBUG:colcon.colcon_core.event_handler.log_command:Invoking command in '/home/newman/vrx_ws/src/mission_windwatch/build/wamv_gazebo': AMENT_PREFIX_PATH=/home/newman/vrx_ws/src/mission_windwatch/install:${AMENT_PREFIX_PATH} CMAKE_PREFIX_PATH=/home/newman/vrx_ws/src/mission_windwatch/install:/opt/ros/humble GZ_SIM_RESOURCE_PATH=/home/newman/vrx_ws/src/mission_windwatch/install/share/wamv_description/models:/home/newman/vrx_ws/src/mission_windwatch/install/share/vrx_gazebo/models:/home/newman/vrx_ws/src/mission_windwatch/install/share LD_LIBRARY_PATH=/home/newman/vrx_ws/src/mission_windwatch/install/lib:${LD_LIBRARY_PATH} PYTHONPATH=/home/newman/vrx_ws/src/mission_windwatch/install/local/lib/python3.10/dist-packages:${PYTHONPATH} /usr/bin/cmake --install /home/newman/vrx_ws/src/mission_windwatch/build/wamv_gazebo
[1.130s] Level 1:colcon.colcon_core.environment:create_environment_scripts_only(wamv_gazebo)
[1.130s] Level 1:colcon.colcon_core.environment:checking '/home/newman/vrx_ws/src/mission_windwatch/install' for CMake module files
[1.130s] DEBUG:colcon.colcon_core.event_handler.log_command:Invoked command in '/home/newman/vrx_ws/src/mission_windwatch/build/wamv_gazebo' returned '0': AMENT_PREFIX_PATH=/home/newman/vrx_ws/src/mission_windwatch/install:${AMENT_PREFIX_PATH} CMAKE_PREFIX_PATH=/home/newman/vrx_ws/src/mission_windwatch/install:/opt/ros/humble GZ_SIM_RESOURCE_PATH=/home/newman/vrx_ws/src/mission_windwatch/install/share/wamv_description/models:/home/newman/vrx_ws/src/mission_windwatch/install/share/vrx_gazebo/models:/home/newman/vrx_ws/src/mission_windwatch/install/share LD_LIBRARY_PATH=/home/newman/vrx_ws/src/mission_windwatch/install/lib:${LD_LIBRARY_PATH} PYTHONPATH=/home/newman/vrx_ws/src/mission_windwatch/install/local/lib/python3.10/dist-packages:${PYTHONPATH} /usr/bin/cmake --install /home/newman/vrx_ws/src/mission_windwatch/build/wamv_gazebo
[1.131s] Level 1:colcon.colcon_core.environment:checking '/home/newman/vrx_ws/src/mission_windwatch/install' for CMake config files
[1.131s] Level 1:colcon.colcon_core.shell:create_environment_hook('wamv_gazebo', 'cmake_prefix_path')
[1.131s] INFO:colcon.colcon_core.shell:Creating environment hook '/home/newman/vrx_ws/src/mission_windwatch/install/share/wamv_gazebo/hook/cmake_prefix_path.ps1'
[1.132s] INFO:colcon.colcon_core.shell:Creating environment descriptor '/home/newman/vrx_ws/src/mission_windwatch/install/share/wamv_gazebo/hook/cmake_prefix_path.dsv'
[1.132s] INFO:colcon.colcon_core.shell:Creating environment hook '/home/newman/vrx_ws/src/mission_windwatch/install/share/wamv_gazebo/hook/cmake_prefix_path.sh'
[1.133s] Level 1:colcon.colcon_core.environment:checking '/home/newman/vrx_ws/src/mission_windwatch/install/lib'
[1.133s] Level 1:colcon.colcon_core.shell:create_environment_hook('wamv_gazebo', 'ld_library_path_lib')
[1.133s] INFO:colcon.colcon_core.shell:Creating environment hook '/home/newman/vrx_ws/src/mission_windwatch/install/share/wamv_gazebo/hook/ld_library_path_lib.ps1'
[1.133s] INFO:colcon.colcon_core.shell:Creating environment descriptor '/home/newman/vrx_ws/src/mission_windwatch/install/share/wamv_gazebo/hook/ld_library_path_lib.dsv'
[1.135s] INFO:colcon.colcon_core.shell:Creating environment hook '/home/newman/vrx_ws/src/mission_windwatch/install/share/wamv_gazebo/hook/ld_library_path_lib.sh'
[1.135s] Level 1:colcon.colcon_core.environment:checking '/home/newman/vrx_ws/src/mission_windwatch/install/bin'
[1.135s] Level 1:colcon.colcon_core.environment:checking '/home/newman/vrx_ws/src/mission_windwatch/install/lib/pkgconfig/wamv_gazebo.pc'
[1.135s] Level 1:colcon.colcon_core.environment:checking '/home/newman/vrx_ws/src/mission_windwatch/install/lib/python3.10/site-packages'
[1.135s] Level 1:colcon.colcon_core.environment:checking '/home/newman/vrx_ws/src/mission_windwatch/install/bin'
[1.136s] INFO:colcon.colcon_core.shell:Creating package script '/home/newman/vrx_ws/src/mission_windwatch/install/share/wamv_gazebo/package.ps1'
[1.136s] INFO:colcon.colcon_core.shell:Creating package descriptor '/home/newman/vrx_ws/src/mission_windwatch/install/share/wamv_gazebo/package.dsv'
[1.136s] INFO:colcon.colcon_core.shell:Creating package script '/home/newman/vrx_ws/src/mission_windwatch/install/share/wamv_gazebo/package.sh'
[1.137s] INFO:colcon.colcon_core.shell:Creating package script '/home/newman/vrx_ws/src/mission_windwatch/install/share/wamv_gazebo/package.bash'
[1.137s] INFO:colcon.colcon_core.shell:Creating package script '/home/newman/vrx_ws/src/mission_windwatch/install/share/wamv_gazebo/package.zsh'
[1.137s] Level 1:colcon.colcon_core.environment:create_file_with_runtime_dependencies(/home/newman/vrx_ws/src/mission_windwatch/install/share/colcon-core/packages/wamv_gazebo)
[1.156s] Level 1:colcon.colcon_core.environment:create_environment_scripts_only(wamv_gazebo)
[1.156s] Level 1:colcon.colcon_core.environment:checking '/home/newman/vrx_ws/src/mission_windwatch/install' for CMake module files
[1.156s] Level 1:colcon.colcon_core.environment:checking '/home/newman/vrx_ws/src/mission_windwatch/install' for CMake config files
[1.157s] Level 1:colcon.colcon_core.shell:create_environment_hook('wamv_gazebo', 'cmake_prefix_path')
[1.157s] INFO:colcon.colcon_core.shell:Creating environment hook '/home/newman/vrx_ws/src/mission_windwatch/install/share/wamv_gazebo/hook/cmake_prefix_path.ps1'
[1.157s] INFO:colcon.colcon_core.shell:Creating environment descriptor '/home/newman/vrx_ws/src/mission_windwatch/install/share/wamv_gazebo/hook/cmake_prefix_path.dsv'
[1.158s] INFO:colcon.colcon_core.shell:Creating environment hook '/home/newman/vrx_ws/src/mission_windwatch/install/share/wamv_gazebo/hook/cmake_prefix_path.sh'
[1.160s] Level 1:colcon.colcon_core.environment:checking '/home/newman/vrx_ws/src/mission_windwatch/install/lib'
[1.161s] Level 1:colcon.colcon_core.shell:create_environment_hook('wamv_gazebo', 'ld_library_path_lib')
[1.162s] INFO:colcon.colcon_core.shell:Creating environment hook '/home/newman/vrx_ws/src/mission_windwatch/install/share/wamv_gazebo/hook/ld_library_path_lib.ps1'
[1.165s] INFO:colcon.colcon_core.shell:Creating environment descriptor '/home/newman/vrx_ws/src/mission_windwatch/install/share/wamv_gazebo/hook/ld_library_path_lib.dsv'
[1.166s] INFO:colcon.colcon_core.shell:Creating environment hook '/home/newman/vrx_ws/src/mission_windwatch/install/share/wamv_gazebo/hook/ld_library_path_lib.sh'
[1.171s] Level 1:colcon.colcon_core.environment:checking '/home/newman/vrx_ws/src/mission_windwatch/install/bin'
[1.171s] Level 1:colcon.colcon_core.environment:checking '/home/newman/vrx_ws/src/mission_windwatch/install/lib/pkgconfig/wamv_gazebo.pc'
[1.171s] Level 1:colcon.colcon_core.environment:checking '/home/newman/vrx_ws/src/mission_windwatch/install/lib/python3.10/site-packages'
[1.171s] Level 1:colcon.colcon_core.environment:checking '/home/newman/vrx_ws/src/mission_windwatch/install/bin'
[1.172s] INFO:colcon.colcon_core.shell:Creating package script '/home/newman/vrx_ws/src/mission_windwatch/install/share/wamv_gazebo/package.ps1'
[1.176s] INFO:colcon.colcon_core.shell:Creating package descriptor '/home/newman/vrx_ws/src/mission_windwatch/install/share/wamv_gazebo/package.dsv'
[1.179s] INFO:colcon.colcon_core.shell:Creating package script '/home/newman/vrx_ws/src/mission_windwatch/install/share/wamv_gazebo/package.sh'
[1.180s] INFO:colcon.colcon_core.shell:Creating package script '/home/newman/vrx_ws/src/mission_windwatch/install/share/wamv_gazebo/package.bash'
[1.183s] INFO:colcon.colcon_core.shell:Creating package script '/home/newman/vrx_ws/src/mission_windwatch/install/share/wamv_gazebo/package.zsh'
[1.184s] Level 1:colcon.colcon_core.environment:create_file_with_runtime_dependencies(/home/newman/vrx_ws/src/mission_windwatch/install/share/colcon-core/packages/wamv_gazebo)
[1.185s] Level 1:colcon.colcon_core.environment:create_environment_scripts_only(vrx_gz)
[1.186s] Level 1:colcon.colcon_core.environment:checking '/home/newman/vrx_ws/src/mission_windwatch/install' for CMake module files
[1.186s] DEBUG:colcon.colcon_core.event_handler.log_command:Invoked command in '/home/newman/vrx_ws/src/mission_windwatch/build/vrx_gz' returned '0': AMENT_PREFIX_PATH=/home/newman/vrx_ws/src/mission_windwatch/install:${AMENT_PREFIX_PATH} CMAKE_PREFIX_PATH=/home/newman/vrx_ws/src/mission_windwatch/install:/opt/ros/humble LD_LIBRARY_PATH=/home/newman/vrx_ws/src/mission_windwatch/install/lib:${LD_LIBRARY_PATH} /usr/bin/cmake --install /home/newman/vrx_ws/src/mission_windwatch/build/vrx_gz
[1.186s] Level 1:colcon.colcon_core.environment:checking '/home/newman/vrx_ws/src/mission_windwatch/install' for CMake config files
[1.187s] Level 1:colcon.colcon_core.shell:create_environment_hook('vrx_gz', 'cmake_prefix_path')
[1.187s] INFO:colcon.colcon_core.shell:Creating environment hook '/home/newman/vrx_ws/src/mission_windwatch/install/share/vrx_gz/hook/cmake_prefix_path.ps1'
[1.187s] INFO:colcon.colcon_core.shell:Creating environment descriptor '/home/newman/vrx_ws/src/mission_windwatch/install/share/vrx_gz/hook/cmake_prefix_path.dsv'
[1.188s] INFO:colcon.colcon_core.shell:Creating environment hook '/home/newman/vrx_ws/src/mission_windwatch/install/share/vrx_gz/hook/cmake_prefix_path.sh'
[1.188s] Level 1:colcon.colcon_core.environment:checking '/home/newman/vrx_ws/src/mission_windwatch/install/lib'
[1.188s] Level 1:colcon.colcon_core.shell:create_environment_hook('vrx_gz', 'ld_library_path_lib')
[1.188s] INFO:colcon.colcon_core.shell:Creating environment hook '/home/newman/vrx_ws/src/mission_windwatch/install/share/vrx_gz/hook/ld_library_path_lib.ps1'
[1.189s] INFO:colcon.colcon_core.shell:Creating environment descriptor '/home/newman/vrx_ws/src/mission_windwatch/install/share/vrx_gz/hook/ld_library_path_lib.dsv'
[1.189s] INFO:colcon.colcon_core.shell:Creating environment hook '/home/newman/vrx_ws/src/mission_windwatch/install/share/vrx_gz/hook/ld_library_path_lib.sh'
[1.189s] Level 1:colcon.colcon_core.environment:checking '/home/newman/vrx_ws/src/mission_windwatch/install/bin'
[1.189s] Level 1:colcon.colcon_core.environment:checking '/home/newman/vrx_ws/src/mission_windwatch/install/lib/pkgconfig/vrx_gz.pc'
[1.190s] Level 1:colcon.colcon_core.environment:checking '/home/newman/vrx_ws/src/mission_windwatch/install/lib/python3.10/site-packages'
[1.190s] Level 1:colcon.colcon_core.environment:checking '/home/newman/vrx_ws/src/mission_windwatch/install/bin'
[1.190s] INFO:colcon.colcon_core.shell:Creating package script '/home/newman/vrx_ws/src/mission_windwatch/install/share/vrx_gz/package.ps1'
[1.190s] INFO:colcon.colcon_core.shell:Creating package descriptor '/home/newman/vrx_ws/src/mission_windwatch/install/share/vrx_gz/package.dsv'
[1.191s] INFO:colcon.colcon_core.shell:Creating package script '/home/newman/vrx_ws/src/mission_windwatch/install/share/vrx_gz/package.sh'
[1.191s] INFO:colcon.colcon_core.shell:Creating package script '/home/newman/vrx_ws/src/mission_windwatch/install/share/vrx_gz/package.bash'
[1.191s] INFO:colcon.colcon_core.shell:Creating package script '/home/newman/vrx_ws/src/mission_windwatch/install/share/vrx_gz/package.zsh'
[1.192s] Level 1:colcon.colcon_core.environment:create_file_with_runtime_dependencies(/home/newman/vrx_ws/src/mission_windwatch/install/share/colcon-core/packages/vrx_gz)
[1.261s] Level 1:colcon.colcon_core.environment:create_environment_scripts_only(vrx_gz)
[1.261s] Level 1:colcon.colcon_core.environment:checking '/home/newman/vrx_ws/src/mission_windwatch/install' for CMake module files
[1.262s] Level 1:colcon.colcon_core.environment:checking '/home/newman/vrx_ws/src/mission_windwatch/install' for CMake config files
[1.262s] Level 1:colcon.colcon_core.shell:create_environment_hook('vrx_gz', 'cmake_prefix_path')
[1.262s] INFO:colcon.colcon_core.shell:Creating environment hook '/home/newman/vrx_ws/src/mission_windwatch/install/share/vrx_gz/hook/cmake_prefix_path.ps1'
[1.262s] INFO:colcon.colcon_core.shell:Creating environment descriptor '/home/newman/vrx_ws/src/mission_windwatch/install/share/vrx_gz/hook/cmake_prefix_path.dsv'
[1.263s] INFO:colcon.colcon_core.shell:Creating environment hook '/home/newman/vrx_ws/src/mission_windwatch/install/share/vrx_gz/hook/cmake_prefix_path.sh'
[1.263s] Level 1:colcon.colcon_core.environment:checking '/home/newman/vrx_ws/src/mission_windwatch/install/lib'
[1.263s] Level 1:colcon.colcon_core.shell:create_environment_hook('vrx_gz', 'ld_library_path_lib')
[1.263s] INFO:colcon.colcon_core.shell:Creating environment hook '/home/newman/vrx_ws/src/mission_windwatch/install/share/vrx_gz/hook/ld_library_path_lib.ps1'
[1.264s] INFO:colcon.colcon_core.shell:Creating environment descriptor '/home/newman/vrx_ws/src/mission_windwatch/install/share/vrx_gz/hook/ld_library_path_lib.dsv'
[1.264s] INFO:colcon.colcon_core.shell:Creating environment hook '/home/newman/vrx_ws/src/mission_windwatch/install/share/vrx_gz/hook/ld_library_path_lib.sh'
[1.264s] Level 1:colcon.colcon_core.environment:checking '/home/newman/vrx_ws/src/mission_windwatch/install/bin'
[1.265s] Level 1:colcon.colcon_core.environment:checking '/home/newman/vrx_ws/src/mission_windwatch/install/lib/pkgconfig/vrx_gz.pc'
[1.265s] Level 1:colcon.colcon_core.environment:checking '/home/newman/vrx_ws/src/mission_windwatch/install/lib/python3.10/site-packages'
[1.265s] Level 1:colcon.colcon_core.environment:checking '/home/newman/vrx_ws/src/mission_windwatch/install/bin'
[1.265s] INFO:colcon.colcon_core.shell:Creating package script '/home/newman/vrx_ws/src/mission_windwatch/install/share/vrx_gz/package.ps1'
[1.265s] INFO:colcon.colcon_core.shell:Creating package descriptor '/home/newman/vrx_ws/src/mission_windwatch/install/share/vrx_gz/package.dsv'
[1.266s] INFO:colcon.colcon_core.shell:Creating package script '/home/newman/vrx_ws/src/mission_windwatch/install/share/vrx_gz/package.sh'
[1.266s] INFO:colcon.colcon_core.shell:Creating package script '/home/newman/vrx_ws/src/mission_windwatch/install/share/vrx_gz/package.bash'
[1.267s] INFO:colcon.colcon_core.shell:Creating package script '/home/newman/vrx_ws/src/mission_windwatch/install/share/vrx_gz/package.zsh'
[1.267s] Level 1:colcon.colcon_core.environment:create_file_with_runtime_dependencies(/home/newman/vrx_ws/src/mission_windwatch/install/share/colcon-core/packages/vrx_gz)
[1.267s] INFO:colcon.colcon_ros.task.ament_cmake.build:Building ROS package in '/home/newman/vrx_ws/src/mission_windwatch/src/aquabot/aquabot_gz' with build type 'ament_cmake'
[1.267s] INFO:colcon.colcon_cmake.task.cmake.build:Building CMake package in '/home/newman/vrx_ws/src/mission_windwatch/src/aquabot/aquabot_gz'
[1.268s] INFO:colcon.colcon_core.shell:Skip shell extension 'powershell' for command environment: Not usable outside of PowerShell
[1.268s] DEBUG:colcon.colcon_core.shell:Skip shell extension 'dsv' for command environment
[1.277s] DEBUG:colcon.colcon_core.event_handler.log_command:Invoking command in '/home/newman/vrx_ws/src/mission_windwatch/build/aquabot_gz': AMENT_PREFIX_PATH=/home/newman/vrx_ws/src/mission_windwatch/install:${AMENT_PREFIX_PATH} CMAKE_PREFIX_PATH=/home/newman/vrx_ws/src/mission_windwatch/install:/opt/ros/humble GZ_SIM_RESOURCE_PATH=/home/newman/vrx_ws/src/mission_windwatch/install/share/vrx_gz/models/tmp:/home/newman/vrx_ws/src/mission_windwatch/install/share/vrx_gz/models:/home/newman/vrx_ws/src/mission_windwatch/install/share/vrx_gz/worlds/2023_practice:/home/newman/vrx_ws/src/mission_windwatch/install/share/vrx_gz/worlds GZ_SIM_SYSTEM_PLUGIN_PATH=/home/newman/vrx_ws/src/mission_windwatch/install/lib LD_LIBRARY_PATH=/home/newman/vrx_ws/src/mission_windwatch/install/lib:${LD_LIBRARY_PATH} PYTHONPATH=/home/newman/vrx_ws/src/mission_windwatch/install/local/lib/python3.10/dist-packages:${PYTHONPATH} /usr/bin/cmake --build /home/newman/vrx_ws/src/mission_windwatch/build/aquabot_gz -- -j9 -l9
[10.763s] DEBUG:colcon.colcon_core.event_handler.log_command:Invoked command in '/home/newman/vrx_ws/src/mission_windwatch/build/aquabot_gz' returned '0': AMENT_PREFIX_PATH=/home/newman/vrx_ws/src/mission_windwatch/install:${AMENT_PREFIX_PATH} CMAKE_PREFIX_PATH=/home/newman/vrx_ws/src/mission_windwatch/install:/opt/ros/humble GZ_SIM_RESOURCE_PATH=/home/newman/vrx_ws/src/mission_windwatch/install/share/vrx_gz/models/tmp:/home/newman/vrx_ws/src/mission_windwatch/install/share/vrx_gz/models:/home/newman/vrx_ws/src/mission_windwatch/install/share/vrx_gz/worlds/2023_practice:/home/newman/vrx_ws/src/mission_windwatch/install/share/vrx_gz/worlds GZ_SIM_SYSTEM_PLUGIN_PATH=/home/newman/vrx_ws/src/mission_windwatch/install/lib LD_LIBRARY_PATH=/home/newman/vrx_ws/src/mission_windwatch/install/lib:${LD_LIBRARY_PATH} PYTHONPATH=/home/newman/vrx_ws/src/mission_windwatch/install/local/lib/python3.10/dist-packages:${PYTHONPATH} /usr/bin/cmake --build /home/newman/vrx_ws/src/mission_windwatch/build/aquabot_gz -- -j9 -l9
[10.785s] DEBUG:colcon.colcon_core.event_handler.log_command:Invoking command in '/home/newman/vrx_ws/src/mission_windwatch/build/aquabot_gz': AMENT_PREFIX_PATH=/home/newman/vrx_ws/src/mission_windwatch/install:${AMENT_PREFIX_PATH} CMAKE_PREFIX_PATH=/home/newman/vrx_ws/src/mission_windwatch/install:/opt/ros/humble GZ_SIM_RESOURCE_PATH=/home/newman/vrx_ws/src/mission_windwatch/install/share/vrx_gz/models/tmp:/home/newman/vrx_ws/src/mission_windwatch/install/share/vrx_gz/models:/home/newman/vrx_ws/src/mission_windwatch/install/share/vrx_gz/worlds/2023_practice:/home/newman/vrx_ws/src/mission_windwatch/install/share/vrx_gz/worlds GZ_SIM_SYSTEM_PLUGIN_PATH=/home/newman/vrx_ws/src/mission_windwatch/install/lib LD_LIBRARY_PATH=/home/newman/vrx_ws/src/mission_windwatch/install/lib:${LD_LIBRARY_PATH} PYTHONPATH=/home/newman/vrx_ws/src/mission_windwatch/install/local/lib/python3.10/dist-packages:${PYTHONPATH} /usr/bin/cmake --install /home/newman/vrx_ws/src/mission_windwatch/build/aquabot_gz
[10.853s] Level 1:colcon.colcon_core.environment:create_environment_scripts_only(aquabot_gz)
[10.853s] Level 1:colcon.colcon_core.environment:checking '/home/newman/vrx_ws/src/mission_windwatch/install' for CMake module files
[10.854s] DEBUG:colcon.colcon_core.event_handler.log_command:Invoked command in '/home/newman/vrx_ws/src/mission_windwatch/build/aquabot_gz' returned '0': AMENT_PREFIX_PATH=/home/newman/vrx_ws/src/mission_windwatch/install:${AMENT_PREFIX_PATH} CMAKE_PREFIX_PATH=/home/newman/vrx_ws/src/mission_windwatch/install:/opt/ros/humble GZ_SIM_RESOURCE_PATH=/home/newman/vrx_ws/src/mission_windwatch/install/share/vrx_gz/models/tmp:/home/newman/vrx_ws/src/mission_windwatch/install/share/vrx_gz/models:/home/newman/vrx_ws/src/mission_windwatch/install/share/vrx_gz/worlds/2023_practice:/home/newman/vrx_ws/src/mission_windwatch/install/share/vrx_gz/worlds GZ_SIM_SYSTEM_PLUGIN_PATH=/home/newman/vrx_ws/src/mission_windwatch/install/lib LD_LIBRARY_PATH=/home/newman/vrx_ws/src/mission_windwatch/install/lib:${LD_LIBRARY_PATH} PYTHONPATH=/home/newman/vrx_ws/src/mission_windwatch/install/local/lib/python3.10/dist-packages:${PYTHONPATH} /usr/bin/cmake --install /home/newman/vrx_ws/src/mission_windwatch/build/aquabot_gz
[10.854s] Level 1:colcon.colcon_core.environment:checking '/home/newman/vrx_ws/src/mission_windwatch/install' for CMake config files
[10.854s] Level 1:colcon.colcon_core.shell:create_environment_hook('aquabot_gz', 'cmake_prefix_path')
[10.854s] INFO:colcon.colcon_core.shell:Creating environment hook '/home/newman/vrx_ws/src/mission_windwatch/install/share/aquabot_gz/hook/cmake_prefix_path.ps1'
[10.855s] INFO:colcon.colcon_core.shell:Creating environment descriptor '/home/newman/vrx_ws/src/mission_windwatch/install/share/aquabot_gz/hook/cmake_prefix_path.dsv'
[10.855s] INFO:colcon.colcon_core.shell:Creating environment hook '/home/newman/vrx_ws/src/mission_windwatch/install/share/aquabot_gz/hook/cmake_prefix_path.sh'
[10.856s] Level 1:colcon.colcon_core.environment:checking '/home/newman/vrx_ws/src/mission_windwatch/install/lib'
[10.856s] Level 1:colcon.colcon_core.shell:create_environment_hook('aquabot_gz', 'ld_library_path_lib')
[10.856s] INFO:colcon.colcon_core.shell:Creating environment hook '/home/newman/vrx_ws/src/mission_windwatch/install/share/aquabot_gz/hook/ld_library_path_lib.ps1'
[10.856s] INFO:colcon.colcon_core.shell:Creating environment descriptor '/home/newman/vrx_ws/src/mission_windwatch/install/share/aquabot_gz/hook/ld_library_path_lib.dsv'
[10.856s] INFO:colcon.colcon_core.shell:Creating environment hook '/home/newman/vrx_ws/src/mission_windwatch/install/share/aquabot_gz/hook/ld_library_path_lib.sh'
[10.857s] Level 1:colcon.colcon_core.environment:checking '/home/newman/vrx_ws/src/mission_windwatch/install/bin'
[10.857s] Level 1:colcon.colcon_core.environment:checking '/home/newman/vrx_ws/src/mission_windwatch/install/lib/pkgconfig/aquabot_gz.pc'
[10.857s] Level 1:colcon.colcon_core.environment:checking '/home/newman/vrx_ws/src/mission_windwatch/install/lib/python3.10/site-packages'
[10.857s] Level 1:colcon.colcon_core.environment:checking '/home/newman/vrx_ws/src/mission_windwatch/install/bin'
[10.858s] INFO:colcon.colcon_core.shell:Creating package script '/home/newman/vrx_ws/src/mission_windwatch/install/share/aquabot_gz/package.ps1'
[10.858s] INFO:colcon.colcon_core.shell:Creating package descriptor '/home/newman/vrx_ws/src/mission_windwatch/install/share/aquabot_gz/package.dsv'
[10.858s] INFO:colcon.colcon_core.shell:Creating package script '/home/newman/vrx_ws/src/mission_windwatch/install/share/aquabot_gz/package.sh'
[10.859s] INFO:colcon.colcon_core.shell:Creating package script '/home/newman/vrx_ws/src/mission_windwatch/install/share/aquabot_gz/package.bash'
[10.859s] INFO:colcon.colcon_core.shell:Creating package script '/home/newman/vrx_ws/src/mission_windwatch/install/share/aquabot_gz/package.zsh'
[10.859s] Level 1:colcon.colcon_core.environment:create_file_with_runtime_dependencies(/home/newman/vrx_ws/src/mission_windwatch/install/share/colcon-core/packages/aquabot_gz)
[10.882s] Level 1:colcon.colcon_core.environment:create_environment_scripts_only(aquabot_gz)
[10.882s] Level 1:colcon.colcon_core.environment:checking '/home/newman/vrx_ws/src/mission_windwatch/install' for CMake module files
[10.882s] Level 1:colcon.colcon_core.environment:checking '/home/newman/vrx_ws/src/mission_windwatch/install' for CMake config files
[10.883s] Level 1:colcon.colcon_core.shell:create_environment_hook('aquabot_gz', 'cmake_prefix_path')
[10.883s] INFO:colcon.colcon_core.shell:Creating environment hook '/home/newman/vrx_ws/src/mission_windwatch/install/share/aquabot_gz/hook/cmake_prefix_path.ps1'
[10.883s] INFO:colcon.colcon_core.shell:Creating environment descriptor '/home/newman/vrx_ws/src/mission_windwatch/install/share/aquabot_gz/hook/cmake_prefix_path.dsv'
[10.883s] INFO:colcon.colcon_core.shell:Creating environment hook '/home/newman/vrx_ws/src/mission_windwatch/install/share/aquabot_gz/hook/cmake_prefix_path.sh'
[10.884s] Level 1:colcon.colcon_core.environment:checking '/home/newman/vrx_ws/src/mission_windwatch/install/lib'
[10.884s] Level 1:colcon.colcon_core.shell:create_environment_hook('aquabot_gz', 'ld_library_path_lib')
[10.884s] INFO:colcon.colcon_core.shell:Creating environment hook '/home/newman/vrx_ws/src/mission_windwatch/install/share/aquabot_gz/hook/ld_library_path_lib.ps1'
[10.884s] INFO:colcon.colcon_core.shell:Creating environment descriptor '/home/newman/vrx_ws/src/mission_windwatch/install/share/aquabot_gz/hook/ld_library_path_lib.dsv'
[10.885s] INFO:colcon.colcon_core.shell:Creating environment hook '/home/newman/vrx_ws/src/mission_windwatch/install/share/aquabot_gz/hook/ld_library_path_lib.sh'
[10.885s] Level 1:colcon.colcon_core.environment:checking '/home/newman/vrx_ws/src/mission_windwatch/install/bin'
[10.885s] Level 1:colcon.colcon_core.environment:checking '/home/newman/vrx_ws/src/mission_windwatch/install/lib/pkgconfig/aquabot_gz.pc'
[10.885s] Level 1:colcon.colcon_core.environment:checking '/home/newman/vrx_ws/src/mission_windwatch/install/lib/python3.10/site-packages'
[10.885s] Level 1:colcon.colcon_core.environment:checking '/home/newman/vrx_ws/src/mission_windwatch/install/bin'
[10.886s] INFO:colcon.colcon_core.shell:Creating package script '/home/newman/vrx_ws/src/mission_windwatch/install/share/aquabot_gz/package.ps1'
[10.886s] INFO:colcon.colcon_core.shell:Creating package descriptor '/home/newman/vrx_ws/src/mission_windwatch/install/share/aquabot_gz/package.dsv'
[10.887s] INFO:colcon.colcon_core.shell:Creating package script '/home/newman/vrx_ws/src/mission_windwatch/install/share/aquabot_gz/package.sh'
[10.887s] INFO:colcon.colcon_core.shell:Creating package script '/home/newman/vrx_ws/src/mission_windwatch/install/share/aquabot_gz/package.bash'
[10.887s] INFO:colcon.colcon_core.shell:Creating package script '/home/newman/vrx_ws/src/mission_windwatch/install/share/aquabot_gz/package.zsh'
[10.888s] Level 1:colcon.colcon_core.environment:create_file_with_runtime_dependencies(/home/newman/vrx_ws/src/mission_windwatch/install/share/colcon-core/packages/aquabot_gz)
[10.888s] DEBUG:colcon.colcon_parallel_executor.executor.parallel:closing loop
[10.888s] DEBUG:colcon.colcon_parallel_executor.executor.parallel:loop closed
[10.888s] DEBUG:colcon.colcon_parallel_executor.executor.parallel:run_until_complete finished with '0'
[10.888s] DEBUG:colcon.colcon_core.event_reactor:joining thread
[10.892s] INFO:colcon.colcon_core.plugin_system:Skipping extension 'colcon_notification.desktop_notification.terminal_notifier': Not used on non-Darwin systems
[10.892s] INFO:colcon.colcon_core.plugin_system:Skipping extension 'colcon_notification.desktop_notification.win32': Not used on non-Windows systems
[10.892s] INFO:colcon.colcon_notification.desktop_notification:Sending desktop notification using 'notify2'
[10.901s] DEBUG:colcon.colcon_core.event_reactor:joined thread
[10.902s] INFO:colcon.colcon_core.shell:Creating prefix script '/home/newman/vrx_ws/src/mission_windwatch/install/local_setup.ps1'
[10.903s] INFO:colcon.colcon_core.shell:Creating prefix util module '/home/newman/vrx_ws/src/mission_windwatch/install/_local_setup_util_ps1.py'
[10.904s] INFO:colcon.colcon_core.shell:Creating prefix chain script '/home/newman/vrx_ws/src/mission_windwatch/install/setup.ps1'
[10.905s] INFO:colcon.colcon_core.shell:Creating prefix script '/home/newman/vrx_ws/src/mission_windwatch/install/local_setup.sh'
[10.905s] INFO:colcon.colcon_core.shell:Creating prefix util module '/home/newman/vrx_ws/src/mission_windwatch/install/_local_setup_util_sh.py'
[10.906s] INFO:colcon.colcon_core.shell:Creating prefix chain script '/home/newman/vrx_ws/src/mission_windwatch/install/setup.sh'
[10.906s] INFO:colcon.colcon_core.shell:Creating prefix script '/home/newman/vrx_ws/src/mission_windwatch/install/local_setup.bash'
[10.907s] INFO:colcon.colcon_core.shell:Creating prefix chain script '/home/newman/vrx_ws/src/mission_windwatch/install/setup.bash'
[10.908s] INFO:colcon.colcon_core.shell:Creating prefix script '/home/newman/vrx_ws/src/mission_windwatch/install/local_setup.zsh'
[10.908s] INFO:colcon.colcon_core.shell:Creating prefix chain script '/home/newman/vrx_ws/src/mission_windwatch/install/setup.zsh'
