[0.080s] DEBUG:colcon:Command line arguments: ['/usr/bin/colcon', 'build', '--merge-install']
[0.080s] DEBUG:colcon:Parsed command line arguments: Namespace(log_base=None, log_level=None, verb_name='build', build_base='build', install_base='install', merge_install=True, symlink_install=False, test_result_base=None, continue_on_error=False, executor='parallel', parallel_workers=9, event_handlers=None, ignore_user_meta=False, metas=['./colcon.meta'], base_paths=['.'], packages_ignore=None, packages_ignore_regex=None, paths=None, packages_up_to=None, packages_up_to_regex=None, packages_above=None, packages_above_and_dependencies=None, packages_above_depth=None, packages_select_by_dep=None, packages_skip_by_dep=None, packages_skip_up_to=None, packages_select_build_failed=False, packages_skip_build_finished=False, packages_select_test_failures=False, packages_skip_test_passed=False, packages_select=None, packages_skip=None, packages_select_regex=None, packages_skip_regex=None, packages_start=None, packages_end=None, allow_overriding=[], cmake_args=None, cmake_target=None, cmake_target_skip_unavailable=False, cmake_clean_cache=False, cmake_clean_first=False, cmake_force_configure=False, ament_cmake_args=None, catkin_cmake_args=None, catkin_skip_building_tests=False, verb_parser=<colcon_defaults.argument_parser.defaults.DefaultArgumentsDecorator object at 0x7bb684a3c130>, verb_extension=<colcon_core.verb.build.BuildVerb object at 0x7bb684a03ca0>, main=<bound method BuildVerb.main of <colcon_core.verb.build.BuildVerb object at 0x7bb684a03ca0>>)
[0.207s] Level 1:colcon.colcon_core.package_discovery:discover_packages(colcon_meta) check parameters
[0.207s] Level 1:colcon.colcon_core.package_discovery:discover_packages(recursive) check parameters
[0.207s] Level 1:colcon.colcon_core.package_discovery:discover_packages(ignore) check parameters
[0.207s] Level 1:colcon.colcon_core.package_discovery:discover_packages(path) check parameters
[0.207s] Level 1:colcon.colcon_core.package_discovery:discover_packages(colcon_meta) discover
[0.207s] Level 1:colcon.colcon_core.package_discovery:discover_packages(recursive) discover
[0.207s] INFO:colcon.colcon_core.package_discovery:Crawling recursively for packages in '/home/newman/vrx_ws/src/mission_windwatch'
[0.208s] Level 1:colcon.colcon_core.package_identification:_identify(.) by extensions ['ignore', 'ignore_ament_install']
[0.208s] Level 1:colcon.colcon_core.package_identification:_identify(.) by extension 'ignore'
[0.208s] Level 1:colcon.colcon_core.package_identification:_identify(.) by extension 'ignore_ament_install'
[0.208s] Level 1:colcon.colcon_core.package_identification:_identify(.) by extensions ['colcon_pkg']
[0.208s] Level 1:colcon.colcon_core.package_identification:_identify(.) by extension 'colcon_pkg'
[0.208s] Level 1:colcon.colcon_core.package_identification:_identify(.) by extensions ['colcon_meta']
[0.208s] Level 1:colcon.colcon_core.package_identification:_identify(.) by extension 'colcon_meta'
[0.208s] Level 1:colcon.colcon_core.package_identification:_identify(.) by extensions ['ros']
[0.208s] Level 1:colcon.colcon_core.package_identification:_identify(.) by extension 'ros'
[0.216s] Level 1:colcon.colcon_core.package_identification:_identify(.) by extensions ['cmake', 'python']
[0.217s] Level 1:colcon.colcon_core.package_identification:_identify(.) by extension 'cmake'
[0.217s] Level 1:colcon.colcon_core.package_identification:_identify(.) by extension 'python'
[0.217s] Level 1:colcon.colcon_core.package_identification:_identify(.) by extensions ['python_setup_py']
[0.217s] Level 1:colcon.colcon_core.package_identification:_identify(.) by extension 'python_setup_py'
[0.217s] Level 1:colcon.colcon_core.package_identification:_identify(assets) by extensions ['ignore', 'ignore_ament_install']
[0.217s] Level 1:colcon.colcon_core.package_identification:_identify(assets) by extension 'ignore'
[0.217s] Level 1:colcon.colcon_core.package_identification:_identify(assets) by extension 'ignore_ament_install'
[0.217s] Level 1:colcon.colcon_core.package_identification:_identify(assets) by extensions ['colcon_pkg']
[0.217s] Level 1:colcon.colcon_core.package_identification:_identify(assets) by extension 'colcon_pkg'
[0.217s] Level 1:colcon.colcon_core.package_identification:_identify(assets) by extensions ['colcon_meta']
[0.217s] Level 1:colcon.colcon_core.package_identification:_identify(assets) by extension 'colcon_meta'
[0.217s] Level 1:colcon.colcon_core.package_identification:_identify(assets) by extensions ['ros']
[0.217s] Level 1:colcon.colcon_core.package_identification:_identify(assets) by extension 'ros'
[0.217s] Level 1:colcon.colcon_core.package_identification:_identify(assets) by extensions ['cmake', 'python']
[0.217s] Level 1:colcon.colcon_core.package_identification:_identify(assets) by extension 'cmake'
[0.217s] Level 1:colcon.colcon_core.package_identification:_identify(assets) by extension 'python'
[0.217s] Level 1:colcon.colcon_core.package_identification:_identify(assets) by extensions ['python_setup_py']
[0.217s] Level 1:colcon.colcon_core.package_identification:_identify(assets) by extension 'python_setup_py'
[0.217s] Level 1:colcon.colcon_core.package_identification:_identify(build) by extensions ['ignore', 'ignore_ament_install']
[0.217s] Level 1:colcon.colcon_core.package_identification:_identify(build) by extension 'ignore'
[0.217s] Level 1:colcon.colcon_core.package_identification:_identify(build) ignored
[0.218s] Level 1:colcon.colcon_core.package_identification:_identify(install) by extensions ['ignore', 'ignore_ament_install']
[0.218s] Level 1:colcon.colcon_core.package_identification:_identify(install) by extension 'ignore'
[0.218s] Level 1:colcon.colcon_core.package_identification:_identify(install) ignored
[0.218s] Level 1:colcon.colcon_core.package_identification:_identify(log) by extensions ['ignore', 'ignore_ament_install']
[0.218s] Level 1:colcon.colcon_core.package_identification:_identify(log) by extension 'ignore'
[0.218s] Level 1:colcon.colcon_core.package_identification:_identify(log) ignored
[0.218s] Level 1:colcon.colcon_core.package_identification:_identify(src) by extensions ['ignore', 'ignore_ament_install']
[0.218s] Level 1:colcon.colcon_core.package_identification:_identify(src) by extension 'ignore'
[0.218s] Level 1:colcon.colcon_core.package_identification:_identify(src) by extension 'ignore_ament_install'
[0.218s] Level 1:colcon.colcon_core.package_identification:_identify(src) by extensions ['colcon_pkg']
[0.218s] Level 1:colcon.colcon_core.package_identification:_identify(src) by extension 'colcon_pkg'
[0.218s] Level 1:colcon.colcon_core.package_identification:_identify(src) by extensions ['colcon_meta']
[0.218s] Level 1:colcon.colcon_core.package_identification:_identify(src) by extension 'colcon_meta'
[0.218s] Level 1:colcon.colcon_core.package_identification:_identify(src) by extensions ['ros']
[0.218s] Level 1:colcon.colcon_core.package_identification:_identify(src) by extension 'ros'
[0.218s] Level 1:colcon.colcon_core.package_identification:_identify(src) by extensions ['cmake', 'python']
[0.218s] Level 1:colcon.colcon_core.package_identification:_identify(src) by extension 'cmake'
[0.218s] Level 1:colcon.colcon_core.package_identification:_identify(src) by extension 'python'
[0.218s] Level 1:colcon.colcon_core.package_identification:_identify(src) by extensions ['python_setup_py']
[0.218s] Level 1:colcon.colcon_core.package_identification:_identify(src) by extension 'python_setup_py'
[0.219s] Level 1:colcon.colcon_core.package_identification:_identify(src/aquabot) by extensions ['ignore', 'ignore_ament_install']
[0.219s] Level 1:colcon.colcon_core.package_identification:_identify(src/aquabot) by extension 'ignore'
[0.219s] Level 1:colcon.colcon_core.package_identification:_identify(src/aquabot) by extension 'ignore_ament_install'
[0.219s] Level 1:colcon.colcon_core.package_identification:_identify(src/aquabot) by extensions ['colcon_pkg']
[0.219s] Level 1:colcon.colcon_core.package_identification:_identify(src/aquabot) by extension 'colcon_pkg'
[0.219s] Level 1:colcon.colcon_core.package_identification:_identify(src/aquabot) by extensions ['colcon_meta']
[0.219s] Level 1:colcon.colcon_core.package_identification:_identify(src/aquabot) by extension 'colcon_meta'
[0.219s] Level 1:colcon.colcon_core.package_identification:_identify(src/aquabot) by extensions ['ros']
[0.219s] Level 1:colcon.colcon_core.package_identification:_identify(src/aquabot) by extension 'ros'
[0.219s] Level 1:colcon.colcon_core.package_identification:_identify(src/aquabot) by extensions ['cmake', 'python']
[0.219s] Level 1:colcon.colcon_core.package_identification:_identify(src/aquabot) by extension 'cmake'
[0.219s] Level 1:colcon.colcon_core.package_identification:_identify(src/aquabot) by extension 'python'
[0.219s] Level 1:colcon.colcon_core.package_identification:_identify(src/aquabot) by extensions ['python_setup_py']
[0.219s] Level 1:colcon.colcon_core.package_identification:_identify(src/aquabot) by extension 'python_setup_py'
[0.219s] Level 1:colcon.colcon_core.package_identification:_identify(src/aquabot/aquabot_gz) by extensions ['ignore', 'ignore_ament_install']
[0.219s] Level 1:colcon.colcon_core.package_identification:_identify(src/aquabot/aquabot_gz) by extension 'ignore'
[0.219s] Level 1:colcon.colcon_core.package_identification:_identify(src/aquabot/aquabot_gz) by extension 'ignore_ament_install'
[0.219s] Level 1:colcon.colcon_core.package_identification:_identify(src/aquabot/aquabot_gz) by extensions ['colcon_pkg']
[0.219s] Level 1:colcon.colcon_core.package_identification:_identify(src/aquabot/aquabot_gz) by extension 'colcon_pkg'
[0.219s] Level 1:colcon.colcon_core.package_identification:_identify(src/aquabot/aquabot_gz) by extensions ['colcon_meta']
[0.219s] Level 1:colcon.colcon_core.package_identification:_identify(src/aquabot/aquabot_gz) by extension 'colcon_meta'
[0.219s] Level 1:colcon.colcon_core.package_identification:_identify(src/aquabot/aquabot_gz) by extensions ['ros']
[0.219s] Level 1:colcon.colcon_core.package_identification:_identify(src/aquabot/aquabot_gz) by extension 'ros'
[0.221s] DEBUG:colcon.colcon_core.package_identification:Package 'src/aquabot/aquabot_gz' with type 'ros.ament_cmake' and name 'aquabot_gz'
[0.221s] Level 1:colcon.colcon_core.package_identification:_identify(src/aquabot/aquabot_python) by extensions ['ignore', 'ignore_ament_install']
[0.222s] Level 1:colcon.colcon_core.package_identification:_identify(src/aquabot/aquabot_python) by extension 'ignore'
[0.222s] Level 1:colcon.colcon_core.package_identification:_identify(src/aquabot/aquabot_python) by extension 'ignore_ament_install'
[0.222s] Level 1:colcon.colcon_core.package_identification:_identify(src/aquabot/aquabot_python) by extensions ['colcon_pkg']
[0.222s] Level 1:colcon.colcon_core.package_identification:_identify(src/aquabot/aquabot_python) by extension 'colcon_pkg'
[0.222s] Level 1:colcon.colcon_core.package_identification:_identify(src/aquabot/aquabot_python) by extensions ['colcon_meta']
[0.222s] Level 1:colcon.colcon_core.package_identification:_identify(src/aquabot/aquabot_python) by extension 'colcon_meta'
[0.222s] Level 1:colcon.colcon_core.package_identification:_identify(src/aquabot/aquabot_python) by extensions ['ros']
[0.222s] Level 1:colcon.colcon_core.package_identification:_identify(src/aquabot/aquabot_python) by extension 'ros'
[0.222s] DEBUG:colcon.colcon_core.package_identification:Package 'src/aquabot/aquabot_python' with type 'ros.ament_cmake' and name 'aquabot_python'
[0.222s] Level 1:colcon.colcon_core.package_identification:_identify(src/aquabot/aquabot_urdf) by extensions ['ignore', 'ignore_ament_install']
[0.222s] Level 1:colcon.colcon_core.package_identification:_identify(src/aquabot/aquabot_urdf) by extension 'ignore'
[0.223s] Level 1:colcon.colcon_core.package_identification:_identify(src/aquabot/aquabot_urdf) by extension 'ignore_ament_install'
[0.223s] Level 1:colcon.colcon_core.package_identification:_identify(src/aquabot/aquabot_urdf) by extensions ['colcon_pkg']
[0.223s] Level 1:colcon.colcon_core.package_identification:_identify(src/aquabot/aquabot_urdf) by extension 'colcon_pkg'
[0.223s] Level 1:colcon.colcon_core.package_identification:_identify(src/aquabot/aquabot_urdf) by extensions ['colcon_meta']
[0.223s] Level 1:colcon.colcon_core.package_identification:_identify(src/aquabot/aquabot_urdf) by extension 'colcon_meta'
[0.223s] Level 1:colcon.colcon_core.package_identification:_identify(src/aquabot/aquabot_urdf) by extensions ['ros']
[0.223s] Level 1:colcon.colcon_core.package_identification:_identify(src/aquabot/aquabot_urdf) by extension 'ros'
[0.223s] Level 1:colcon.colcon_core.package_identification:_identify(src/aquabot/aquabot_urdf) by extensions ['cmake', 'python']
[0.223s] Level 1:colcon.colcon_core.package_identification:_identify(src/aquabot/aquabot_urdf) by extension 'cmake'
[0.223s] Level 1:colcon.colcon_core.package_identification:_identify(src/aquabot/aquabot_urdf) by extension 'python'
[0.223s] Level 1:colcon.colcon_core.package_identification:_identify(src/aquabot/aquabot_urdf) by extensions ['python_setup_py']
[0.223s] Level 1:colcon.colcon_core.package_identification:_identify(src/aquabot/aquabot_urdf) by extension 'python_setup_py'
[0.223s] Level 1:colcon.colcon_core.package_identification:_identify(src/aquabot/aquabot_urdf/aquabot_description) by extensions ['ignore', 'ignore_ament_install']
[0.223s] Level 1:colcon.colcon_core.package_identification:_identify(src/aquabot/aquabot_urdf/aquabot_description) by extension 'ignore'
[0.223s] Level 1:colcon.colcon_core.package_identification:_identify(src/aquabot/aquabot_urdf/aquabot_description) by extension 'ignore_ament_install'
[0.223s] Level 1:colcon.colcon_core.package_identification:_identify(src/aquabot/aquabot_urdf/aquabot_description) by extensions ['colcon_pkg']
[0.223s] Level 1:colcon.colcon_core.package_identification:_identify(src/aquabot/aquabot_urdf/aquabot_description) by extension 'colcon_pkg'
[0.223s] Level 1:colcon.colcon_core.package_identification:_identify(src/aquabot/aquabot_urdf/aquabot_description) by extensions ['colcon_meta']
[0.223s] Level 1:colcon.colcon_core.package_identification:_identify(src/aquabot/aquabot_urdf/aquabot_description) by extension 'colcon_meta'
[0.223s] Level 1:colcon.colcon_core.package_identification:_identify(src/aquabot/aquabot_urdf/aquabot_description) by extensions ['ros']
[0.223s] Level 1:colcon.colcon_core.package_identification:_identify(src/aquabot/aquabot_urdf/aquabot_description) by extension 'ros'
[0.224s] DEBUG:colcon.colcon_core.package_identification:Package 'src/aquabot/aquabot_urdf/aquabot_description' with type 'ros.ament_cmake' and name 'aquabot_description'
[0.224s] Level 1:colcon.colcon_core.package_identification:_identify(src/aquabot_competitor) by extensions ['ignore', 'ignore_ament_install']
[0.224s] Level 1:colcon.colcon_core.package_identification:_identify(src/aquabot_competitor) by extension 'ignore'
[0.224s] Level 1:colcon.colcon_core.package_identification:_identify(src/aquabot_competitor) by extension 'ignore_ament_install'
[0.224s] Level 1:colcon.colcon_core.package_identification:_identify(src/aquabot_competitor) by extensions ['colcon_pkg']
[0.224s] Level 1:colcon.colcon_core.package_identification:_identify(src/aquabot_competitor) by extension 'colcon_pkg'
[0.224s] Level 1:colcon.colcon_core.package_identification:_identify(src/aquabot_competitor) by extensions ['colcon_meta']
[0.224s] Level 1:colcon.colcon_core.package_identification:_identify(src/aquabot_competitor) by extension 'colcon_meta'
[0.224s] Level 1:colcon.colcon_core.package_identification:_identify(src/aquabot_competitor) by extensions ['ros']
[0.224s] Level 1:colcon.colcon_core.package_identification:_identify(src/aquabot_competitor) by extension 'ros'
[0.224s] Level 1:colcon.colcon_core.package_identification:_identify(src/aquabot_competitor) by extensions ['cmake', 'python']
[0.224s] Level 1:colcon.colcon_core.package_identification:_identify(src/aquabot_competitor) by extension 'cmake'
[0.224s] Level 1:colcon.colcon_core.package_identification:_identify(src/aquabot_competitor) by extension 'python'
[0.224s] Level 1:colcon.colcon_core.package_identification:_identify(src/aquabot_competitor) by extensions ['python_setup_py']
[0.224s] Level 1:colcon.colcon_core.package_identification:_identify(src/aquabot_competitor) by extension 'python_setup_py'
[0.225s] Level 1:colcon.colcon_core.package_identification:_identify(src/aquabot_competitor/aquabot_examples) by extensions ['ignore', 'ignore_ament_install']
[0.225s] Level 1:colcon.colcon_core.package_identification:_identify(src/aquabot_competitor/aquabot_examples) by extension 'ignore'
[0.225s] Level 1:colcon.colcon_core.package_identification:_identify(src/aquabot_competitor/aquabot_examples) by extension 'ignore_ament_install'
[0.225s] Level 1:colcon.colcon_core.package_identification:_identify(src/aquabot_competitor/aquabot_examples) by extensions ['colcon_pkg']
[0.225s] Level 1:colcon.colcon_core.package_identification:_identify(src/aquabot_competitor/aquabot_examples) by extension 'colcon_pkg'
[0.225s] Level 1:colcon.colcon_core.package_identification:_identify(src/aquabot_competitor/aquabot_examples) by extensions ['colcon_meta']
[0.225s] Level 1:colcon.colcon_core.package_identification:_identify(src/aquabot_competitor/aquabot_examples) by extension 'colcon_meta'
[0.225s] Level 1:colcon.colcon_core.package_identification:_identify(src/aquabot_competitor/aquabot_examples) by extensions ['ros']
[0.225s] Level 1:colcon.colcon_core.package_identification:_identify(src/aquabot_competitor/aquabot_examples) by extension 'ros'
[0.225s] Level 1:colcon.colcon_core.package_identification:_identify(src/aquabot_competitor/aquabot_examples) by extensions ['cmake', 'python']
[0.225s] Level 1:colcon.colcon_core.package_identification:_identify(src/aquabot_competitor/aquabot_examples) by extension 'cmake'
[0.225s] Level 1:colcon.colcon_core.package_identification:_identify(src/aquabot_competitor/aquabot_examples) by extension 'python'
[0.225s] Level 1:colcon.colcon_core.package_identification:_identify(src/aquabot_competitor/aquabot_examples) by extensions ['python_setup_py']
[0.225s] Level 1:colcon.colcon_core.package_identification:_identify(src/aquabot_competitor/aquabot_examples) by extension 'python_setup_py'
[0.225s] Level 1:colcon.colcon_core.package_identification:_identify(src/aquabot_competitor/aquabot_examples/aquabot_example) by extensions ['ignore', 'ignore_ament_install']
[0.225s] Level 1:colcon.colcon_core.package_identification:_identify(src/aquabot_competitor/aquabot_examples/aquabot_example) by extension 'ignore'
[0.225s] Level 1:colcon.colcon_core.package_identification:_identify(src/aquabot_competitor/aquabot_examples/aquabot_example) by extension 'ignore_ament_install'
[0.225s] Level 1:colcon.colcon_core.package_identification:_identify(src/aquabot_competitor/aquabot_examples/aquabot_example) by extensions ['colcon_pkg']
[0.225s] Level 1:colcon.colcon_core.package_identification:_identify(src/aquabot_competitor/aquabot_examples/aquabot_example) by extension 'colcon_pkg'
[0.225s] Level 1:colcon.colcon_core.package_identification:_identify(src/aquabot_competitor/aquabot_examples/aquabot_example) by extensions ['colcon_meta']
[0.225s] Level 1:colcon.colcon_core.package_identification:_identify(src/aquabot_competitor/aquabot_examples/aquabot_example) by extension 'colcon_meta'
[0.225s] Level 1:colcon.colcon_core.package_identification:_identify(src/aquabot_competitor/aquabot_examples/aquabot_example) by extensions ['ros']
[0.226s] Level 1:colcon.colcon_core.package_identification:_identify(src/aquabot_competitor/aquabot_examples/aquabot_example) by extension 'ros'
[0.226s] DEBUG:colcon.colcon_core.package_identification:Package 'src/aquabot_competitor/aquabot_examples/aquabot_example' with type 'ros.ament_cmake' and name 'aquabot_example'
[0.226s] Level 1:colcon.colcon_core.package_identification:_identify(src/aquabot_competitor/aquabot_examples/opencv_example) by extensions ['ignore', 'ignore_ament_install']
[0.226s] Level 1:colcon.colcon_core.package_identification:_identify(src/aquabot_competitor/aquabot_examples/opencv_example) by extension 'ignore'
[0.227s] Level 1:colcon.colcon_core.package_identification:_identify(src/aquabot_competitor/aquabot_examples/opencv_example) by extension 'ignore_ament_install'
[0.227s] Level 1:colcon.colcon_core.package_identification:_identify(src/aquabot_competitor/aquabot_examples/opencv_example) by extensions ['colcon_pkg']
[0.227s] Level 1:colcon.colcon_core.package_identification:_identify(src/aquabot_competitor/aquabot_examples/opencv_example) by extension 'colcon_pkg'
[0.227s] Level 1:colcon.colcon_core.package_identification:_identify(src/aquabot_competitor/aquabot_examples/opencv_example) by extensions ['colcon_meta']
[0.227s] Level 1:colcon.colcon_core.package_identification:_identify(src/aquabot_competitor/aquabot_examples/opencv_example) by extension 'colcon_meta'
[0.227s] Level 1:colcon.colcon_core.package_identification:_identify(src/aquabot_competitor/aquabot_examples/opencv_example) by extensions ['ros']
[0.227s] Level 1:colcon.colcon_core.package_identification:_identify(src/aquabot_competitor/aquabot_examples/opencv_example) by extension 'ros'
[0.227s] DEBUG:colcon.colcon_core.package_identification:Package 'src/aquabot_competitor/aquabot_examples/opencv_example' with type 'ros.ament_cmake' and name 'opencv_example'
[0.227s] Level 1:colcon.colcon_core.package_identification:_identify(src/aquabot_competitor/aquabot_examples/package_example) by extensions ['ignore', 'ignore_ament_install']
[0.228s] Level 1:colcon.colcon_core.package_identification:_identify(src/aquabot_competitor/aquabot_examples/package_example) by extension 'ignore'
[0.228s] Level 1:colcon.colcon_core.package_identification:_identify(src/aquabot_competitor/aquabot_examples/package_example) by extension 'ignore_ament_install'
[0.228s] Level 1:colcon.colcon_core.package_identification:_identify(src/aquabot_competitor/aquabot_examples/package_example) by extensions ['colcon_pkg']
[0.228s] Level 1:colcon.colcon_core.package_identification:_identify(src/aquabot_competitor/aquabot_examples/package_example) by extension 'colcon_pkg'
[0.228s] Level 1:colcon.colcon_core.package_identification:_identify(src/aquabot_competitor/aquabot_examples/package_example) by extensions ['colcon_meta']
[0.228s] Level 1:colcon.colcon_core.package_identification:_identify(src/aquabot_competitor/aquabot_examples/package_example) by extension 'colcon_meta'
[0.228s] Level 1:colcon.colcon_core.package_identification:_identify(src/aquabot_competitor/aquabot_examples/package_example) by extensions ['ros']
[0.228s] Level 1:colcon.colcon_core.package_identification:_identify(src/aquabot_competitor/aquabot_examples/package_example) by extension 'ros'
[0.228s] DEBUG:colcon.colcon_core.package_identification:Package 'src/aquabot_competitor/aquabot_examples/package_example' with type 'ros.ament_cmake' and name 'package_example'
[0.228s] Level 1:colcon.colcon_core.package_identification:_identify(src/aquabot_competitor/my_team_package) by extensions ['ignore', 'ignore_ament_install']
[0.228s] Level 1:colcon.colcon_core.package_identification:_identify(src/aquabot_competitor/my_team_package) by extension 'ignore'
[0.228s] Level 1:colcon.colcon_core.package_identification:_identify(src/aquabot_competitor/my_team_package) by extension 'ignore_ament_install'
[0.229s] Level 1:colcon.colcon_core.package_identification:_identify(src/aquabot_competitor/my_team_package) by extensions ['colcon_pkg']
[0.229s] Level 1:colcon.colcon_core.package_identification:_identify(src/aquabot_competitor/my_team_package) by extension 'colcon_pkg'
[0.229s] Level 1:colcon.colcon_core.package_identification:_identify(src/aquabot_competitor/my_team_package) by extensions ['colcon_meta']
[0.229s] Level 1:colcon.colcon_core.package_identification:_identify(src/aquabot_competitor/my_team_package) by extension 'colcon_meta'
[0.229s] Level 1:colcon.colcon_core.package_identification:_identify(src/aquabot_competitor/my_team_package) by extensions ['ros']
[0.229s] Level 1:colcon.colcon_core.package_identification:_identify(src/aquabot_competitor/my_team_package) by extension 'ros'
[0.229s] DEBUG:colcon.colcon_core.package_identification:Package 'src/aquabot_competitor/my_team_package' with type 'ros.ament_cmake' and name 'my_team_package'
[0.229s] Level 1:colcon.colcon_core.package_identification:_identify(src/mission_manager) by extensions ['ignore', 'ignore_ament_install']
[0.229s] Level 1:colcon.colcon_core.package_identification:_identify(src/mission_manager) by extension 'ignore'
[0.229s] Level 1:colcon.colcon_core.package_identification:_identify(src/mission_manager) by extension 'ignore_ament_install'
[0.229s] Level 1:colcon.colcon_core.package_identification:_identify(src/mission_manager) by extensions ['colcon_pkg']
[0.229s] Level 1:colcon.colcon_core.package_identification:_identify(src/mission_manager) by extension 'colcon_pkg'
[0.229s] Level 1:colcon.colcon_core.package_identification:_identify(src/mission_manager) by extensions ['colcon_meta']
[0.229s] Level 1:colcon.colcon_core.package_identification:_identify(src/mission_manager) by extension 'colcon_meta'
[0.229s] Level 1:colcon.colcon_core.package_identification:_identify(src/mission_manager) by extensions ['ros']
[0.229s] Level 1:colcon.colcon_core.package_identification:_identify(src/mission_manager) by extension 'ros'
[0.230s] DEBUG:colcon.colcon_core.package_identification:Package 'src/mission_manager' with type 'ros.ament_cmake' and name 'mission_manager'
[0.230s] Level 1:colcon.colcon_core.package_identification:_identify(src/navigation) by extensions ['ignore', 'ignore_ament_install']
[0.230s] Level 1:colcon.colcon_core.package_identification:_identify(src/navigation) by extension 'ignore'
[0.230s] Level 1:colcon.colcon_core.package_identification:_identify(src/navigation) by extension 'ignore_ament_install'
[0.230s] Level 1:colcon.colcon_core.package_identification:_identify(src/navigation) by extensions ['colcon_pkg']
[0.230s] Level 1:colcon.colcon_core.package_identification:_identify(src/navigation) by extension 'colcon_pkg'
[0.230s] Level 1:colcon.colcon_core.package_identification:_identify(src/navigation) by extensions ['colcon_meta']
[0.230s] Level 1:colcon.colcon_core.package_identification:_identify(src/navigation) by extension 'colcon_meta'
[0.230s] Level 1:colcon.colcon_core.package_identification:_identify(src/navigation) by extensions ['ros']
[0.230s] Level 1:colcon.colcon_core.package_identification:_identify(src/navigation) by extension 'ros'
[0.231s] DEBUG:colcon.colcon_core.package_identification:Package 'src/navigation' with type 'ros.ament_cmake' and name 'navigation'
[0.231s] Level 1:colcon.colcon_core.package_identification:_identify(src/sensors) by extensions ['ignore', 'ignore_ament_install']
[0.231s] Level 1:colcon.colcon_core.package_identification:_identify(src/sensors) by extension 'ignore'
[0.231s] Level 1:colcon.colcon_core.package_identification:_identify(src/sensors) by extension 'ignore_ament_install'
[0.231s] Level 1:colcon.colcon_core.package_identification:_identify(src/sensors) by extensions ['colcon_pkg']
[0.231s] Level 1:colcon.colcon_core.package_identification:_identify(src/sensors) by extension 'colcon_pkg'
[0.231s] Level 1:colcon.colcon_core.package_identification:_identify(src/sensors) by extensions ['colcon_meta']
[0.231s] Level 1:colcon.colcon_core.package_identification:_identify(src/sensors) by extension 'colcon_meta'
[0.231s] Level 1:colcon.colcon_core.package_identification:_identify(src/sensors) by extensions ['ros']
[0.231s] Level 1:colcon.colcon_core.package_identification:_identify(src/sensors) by extension 'ros'
[0.232s] DEBUG:colcon.colcon_core.package_identification:Package 'src/sensors' with type 'ros.ament_cmake' and name 'sensors'
[0.232s] Level 1:colcon.colcon_core.package_identification:_identify(src/visualization) by extensions ['ignore', 'ignore_ament_install']
[0.232s] Level 1:colcon.colcon_core.package_identification:_identify(src/visualization) by extension 'ignore'
[0.232s] Level 1:colcon.colcon_core.package_identification:_identify(src/visualization) by extension 'ignore_ament_install'
[0.232s] Level 1:colcon.colcon_core.package_identification:_identify(src/visualization) by extensions ['colcon_pkg']
[0.232s] Level 1:colcon.colcon_core.package_identification:_identify(src/visualization) by extension 'colcon_pkg'
[0.232s] Level 1:colcon.colcon_core.package_identification:_identify(src/visualization) by extensions ['colcon_meta']
[0.232s] Level 1:colcon.colcon_core.package_identification:_identify(src/visualization) by extension 'colcon_meta'
[0.232s] Level 1:colcon.colcon_core.package_identification:_identify(src/visualization) by extensions ['ros']
[0.232s] Level 1:colcon.colcon_core.package_identification:_identify(src/visualization) by extension 'ros'
[0.233s] DEBUG:colcon.colcon_core.package_identification:Package 'src/visualization' with type 'ros.ament_cmake' and name 'visualization'
[0.233s] Level 1:colcon.colcon_core.package_identification:_identify(src/vrx) by extensions ['ignore', 'ignore_ament_install']
[0.233s] Level 1:colcon.colcon_core.package_identification:_identify(src/vrx) by extension 'ignore'
[0.233s] Level 1:colcon.colcon_core.package_identification:_identify(src/vrx) by extension 'ignore_ament_install'
[0.233s] Level 1:colcon.colcon_core.package_identification:_identify(src/vrx) by extensions ['colcon_pkg']
[0.233s] Level 1:colcon.colcon_core.package_identification:_identify(src/vrx) by extension 'colcon_pkg'
[0.233s] Level 1:colcon.colcon_core.package_identification:_identify(src/vrx) by extensions ['colcon_meta']
[0.233s] Level 1:colcon.colcon_core.package_identification:_identify(src/vrx) by extension 'colcon_meta'
[0.233s] Level 1:colcon.colcon_core.package_identification:_identify(src/vrx) by extensions ['ros']
[0.233s] Level 1:colcon.colcon_core.package_identification:_identify(src/vrx) by extension 'ros'
[0.233s] Level 1:colcon.colcon_core.package_identification:_identify(src/vrx) by extensions ['cmake', 'python']
[0.233s] Level 1:colcon.colcon_core.package_identification:_identify(src/vrx) by extension 'cmake'
[0.233s] Level 1:colcon.colcon_core.package_identification:_identify(src/vrx) by extension 'python'
[0.233s] Level 1:colcon.colcon_core.package_identification:_identify(src/vrx) by extensions ['python_setup_py']
[0.233s] Level 1:colcon.colcon_core.package_identification:_identify(src/vrx) by extension 'python_setup_py'
[0.233s] Level 1:colcon.colcon_core.package_identification:_identify(src/vrx/images) by extensions ['ignore', 'ignore_ament_install']
[0.233s] Level 1:colcon.colcon_core.package_identification:_identify(src/vrx/images) by extension 'ignore'
[0.233s] Level 1:colcon.colcon_core.package_identification:_identify(src/vrx/images) by extension 'ignore_ament_install'
[0.234s] Level 1:colcon.colcon_core.package_identification:_identify(src/vrx/images) by extensions ['colcon_pkg']
[0.234s] Level 1:colcon.colcon_core.package_identification:_identify(src/vrx/images) by extension 'colcon_pkg'
[0.234s] Level 1:colcon.colcon_core.package_identification:_identify(src/vrx/images) by extensions ['colcon_meta']
[0.234s] Level 1:colcon.colcon_core.package_identification:_identify(src/vrx/images) by extension 'colcon_meta'
[0.234s] Level 1:colcon.colcon_core.package_identification:_identify(src/vrx/images) by extensions ['ros']
[0.234s] Level 1:colcon.colcon_core.package_identification:_identify(src/vrx/images) by extension 'ros'
[0.234s] Level 1:colcon.colcon_core.package_identification:_identify(src/vrx/images) by extensions ['cmake', 'python']
[0.234s] Level 1:colcon.colcon_core.package_identification:_identify(src/vrx/images) by extension 'cmake'
[0.234s] Level 1:colcon.colcon_core.package_identification:_identify(src/vrx/images) by extension 'python'
[0.234s] Level 1:colcon.colcon_core.package_identification:_identify(src/vrx/images) by extensions ['python_setup_py']
[0.234s] Level 1:colcon.colcon_core.package_identification:_identify(src/vrx/images) by extension 'python_setup_py'
[0.234s] Level 1:colcon.colcon_core.package_identification:_identify(src/vrx/vrx_gz) by extensions ['ignore', 'ignore_ament_install']
[0.234s] Level 1:colcon.colcon_core.package_identification:_identify(src/vrx/vrx_gz) by extension 'ignore'
[0.234s] Level 1:colcon.colcon_core.package_identification:_identify(src/vrx/vrx_gz) by extension 'ignore_ament_install'
[0.234s] Level 1:colcon.colcon_core.package_identification:_identify(src/vrx/vrx_gz) by extensions ['colcon_pkg']
[0.234s] Level 1:colcon.colcon_core.package_identification:_identify(src/vrx/vrx_gz) by extension 'colcon_pkg'
[0.234s] Level 1:colcon.colcon_core.package_identification:_identify(src/vrx/vrx_gz) by extensions ['colcon_meta']
[0.234s] Level 1:colcon.colcon_core.package_identification:_identify(src/vrx/vrx_gz) by extension 'colcon_meta'
[0.234s] Level 1:colcon.colcon_core.package_identification:_identify(src/vrx/vrx_gz) by extensions ['ros']
[0.234s] Level 1:colcon.colcon_core.package_identification:_identify(src/vrx/vrx_gz) by extension 'ros'
[0.235s] DEBUG:colcon.colcon_core.package_identification:Package 'src/vrx/vrx_gz' with type 'ros.ament_cmake' and name 'vrx_gz'
[0.235s] Level 1:colcon.colcon_core.package_identification:_identify(src/vrx/vrx_ros) by extensions ['ignore', 'ignore_ament_install']
[0.235s] Level 1:colcon.colcon_core.package_identification:_identify(src/vrx/vrx_ros) by extension 'ignore'
[0.235s] Level 1:colcon.colcon_core.package_identification:_identify(src/vrx/vrx_ros) by extension 'ignore_ament_install'
[0.235s] Level 1:colcon.colcon_core.package_identification:_identify(src/vrx/vrx_ros) by extensions ['colcon_pkg']
[0.235s] Level 1:colcon.colcon_core.package_identification:_identify(src/vrx/vrx_ros) by extension 'colcon_pkg'
[0.235s] Level 1:colcon.colcon_core.package_identification:_identify(src/vrx/vrx_ros) by extensions ['colcon_meta']
[0.235s] Level 1:colcon.colcon_core.package_identification:_identify(src/vrx/vrx_ros) by extension 'colcon_meta'
[0.235s] Level 1:colcon.colcon_core.package_identification:_identify(src/vrx/vrx_ros) by extensions ['ros']
[0.235s] Level 1:colcon.colcon_core.package_identification:_identify(src/vrx/vrx_ros) by extension 'ros'
[0.236s] DEBUG:colcon.colcon_core.package_identification:Package 'src/vrx/vrx_ros' with type 'ros.ament_cmake' and name 'vrx_ros'
[0.236s] Level 1:colcon.colcon_core.package_identification:_identify(src/vrx/vrx_urdf) by extensions ['ignore', 'ignore_ament_install']
[0.236s] Level 1:colcon.colcon_core.package_identification:_identify(src/vrx/vrx_urdf) by extension 'ignore'
[0.236s] Level 1:colcon.colcon_core.package_identification:_identify(src/vrx/vrx_urdf) by extension 'ignore_ament_install'
[0.236s] Level 1:colcon.colcon_core.package_identification:_identify(src/vrx/vrx_urdf) by extensions ['colcon_pkg']
[0.236s] Level 1:colcon.colcon_core.package_identification:_identify(src/vrx/vrx_urdf) by extension 'colcon_pkg'
[0.236s] Level 1:colcon.colcon_core.package_identification:_identify(src/vrx/vrx_urdf) by extensions ['colcon_meta']
[0.236s] Level 1:colcon.colcon_core.package_identification:_identify(src/vrx/vrx_urdf) by extension 'colcon_meta'
[0.236s] Level 1:colcon.colcon_core.package_identification:_identify(src/vrx/vrx_urdf) by extensions ['ros']
[0.236s] Level 1:colcon.colcon_core.package_identification:_identify(src/vrx/vrx_urdf) by extension 'ros'
[0.236s] Level 1:colcon.colcon_core.package_identification:_identify(src/vrx/vrx_urdf) by extensions ['cmake', 'python']
[0.236s] Level 1:colcon.colcon_core.package_identification:_identify(src/vrx/vrx_urdf) by extension 'cmake'
[0.236s] Level 1:colcon.colcon_core.package_identification:_identify(src/vrx/vrx_urdf) by extension 'python'
[0.236s] Level 1:colcon.colcon_core.package_identification:_identify(src/vrx/vrx_urdf) by extensions ['python_setup_py']
[0.236s] Level 1:colcon.colcon_core.package_identification:_identify(src/vrx/vrx_urdf) by extension 'python_setup_py'
[0.236s] Level 1:colcon.colcon_core.package_identification:_identify(src/vrx/vrx_urdf/vrx_gazebo) by extensions ['ignore', 'ignore_ament_install']
[0.237s] Level 1:colcon.colcon_core.package_identification:_identify(src/vrx/vrx_urdf/vrx_gazebo) by extension 'ignore'
[0.237s] Level 1:colcon.colcon_core.package_identification:_identify(src/vrx/vrx_urdf/vrx_gazebo) by extension 'ignore_ament_install'
[0.237s] Level 1:colcon.colcon_core.package_identification:_identify(src/vrx/vrx_urdf/vrx_gazebo) by extensions ['colcon_pkg']
[0.237s] Level 1:colcon.colcon_core.package_identification:_identify(src/vrx/vrx_urdf/vrx_gazebo) by extension 'colcon_pkg'
[0.237s] Level 1:colcon.colcon_core.package_identification:_identify(src/vrx/vrx_urdf/vrx_gazebo) by extensions ['colcon_meta']
[0.237s] Level 1:colcon.colcon_core.package_identification:_identify(src/vrx/vrx_urdf/vrx_gazebo) by extension 'colcon_meta'
[0.237s] Level 1:colcon.colcon_core.package_identification:_identify(src/vrx/vrx_urdf/vrx_gazebo) by extensions ['ros']
[0.237s] Level 1:colcon.colcon_core.package_identification:_identify(src/vrx/vrx_urdf/vrx_gazebo) by extension 'ros'
[0.237s] DEBUG:colcon.colcon_core.package_identification:Package 'src/vrx/vrx_urdf/vrx_gazebo' with type 'ros.ament_cmake' and name 'vrx_gazebo'
[0.237s] Level 1:colcon.colcon_core.package_identification:_identify(src/vrx/vrx_urdf/wamv_description) by extensions ['ignore', 'ignore_ament_install']
[0.237s] Level 1:colcon.colcon_core.package_identification:_identify(src/vrx/vrx_urdf/wamv_description) by extension 'ignore'
[0.237s] Level 1:colcon.colcon_core.package_identification:_identify(src/vrx/vrx_urdf/wamv_description) by extension 'ignore_ament_install'
[0.237s] Level 1:colcon.colcon_core.package_identification:_identify(src/vrx/vrx_urdf/wamv_description) by extensions ['colcon_pkg']
[0.237s] Level 1:colcon.colcon_core.package_identification:_identify(src/vrx/vrx_urdf/wamv_description) by extension 'colcon_pkg'
[0.238s] Level 1:colcon.colcon_core.package_identification:_identify(src/vrx/vrx_urdf/wamv_description) by extensions ['colcon_meta']
[0.238s] Level 1:colcon.colcon_core.package_identification:_identify(src/vrx/vrx_urdf/wamv_description) by extension 'colcon_meta'
[0.238s] Level 1:colcon.colcon_core.package_identification:_identify(src/vrx/vrx_urdf/wamv_description) by extensions ['ros']
[0.238s] Level 1:colcon.colcon_core.package_identification:_identify(src/vrx/vrx_urdf/wamv_description) by extension 'ros'
[0.238s] DEBUG:colcon.colcon_core.package_identification:Package 'src/vrx/vrx_urdf/wamv_description' with type 'ros.ament_cmake' and name 'wamv_description'
[0.238s] Level 1:colcon.colcon_core.package_identification:_identify(src/vrx/vrx_urdf/wamv_gazebo) by extensions ['ignore', 'ignore_ament_install']
[0.238s] Level 1:colcon.colcon_core.package_identification:_identify(src/vrx/vrx_urdf/wamv_gazebo) by extension 'ignore'
[0.238s] Level 1:colcon.colcon_core.package_identification:_identify(src/vrx/vrx_urdf/wamv_gazebo) by extension 'ignore_ament_install'
[0.238s] Level 1:colcon.colcon_core.package_identification:_identify(src/vrx/vrx_urdf/wamv_gazebo) by extensions ['colcon_pkg']
[0.238s] Level 1:colcon.colcon_core.package_identification:_identify(src/vrx/vrx_urdf/wamv_gazebo) by extension 'colcon_pkg'
[0.238s] Level 1:colcon.colcon_core.package_identification:_identify(src/vrx/vrx_urdf/wamv_gazebo) by extensions ['colcon_meta']
[0.238s] Level 1:colcon.colcon_core.package_identification:_identify(src/vrx/vrx_urdf/wamv_gazebo) by extension 'colcon_meta'
[0.239s] Level 1:colcon.colcon_core.package_identification:_identify(src/vrx/vrx_urdf/wamv_gazebo) by extensions ['ros']
[0.239s] Level 1:colcon.colcon_core.package_identification:_identify(src/vrx/vrx_urdf/wamv_gazebo) by extension 'ros'
[0.239s] DEBUG:colcon.colcon_core.package_identification:Package 'src/vrx/vrx_urdf/wamv_gazebo' with type 'ros.ament_cmake' and name 'wamv_gazebo'
[0.239s] Level 1:colcon.colcon_core.package_discovery:discover_packages(recursive) using defaults
[0.239s] Level 1:colcon.colcon_core.package_discovery:discover_packages(ignore) discover
[0.239s] Level 1:colcon.colcon_core.package_discovery:discover_packages(ignore) using defaults
[0.239s] Level 1:colcon.colcon_core.package_discovery:discover_packages(path) discover
[0.239s] Level 1:colcon.colcon_core.package_discovery:discover_packages(path) using defaults
[0.262s] Level 1:colcon.colcon_core.package_discovery:discover_packages(prefix_path) check parameters
[0.262s] Level 1:colcon.colcon_core.package_discovery:discover_packages(prefix_path) discover
[0.264s] DEBUG:colcon.colcon_installed_package_information.package_discovery:Found 16 installed packages in /home/newman/vrx_ws/src/mission_windwatch/install
[0.265s] DEBUG:colcon.colcon_installed_package_information.package_discovery:Found 283 installed packages in /opt/ros/humble
[0.266s] Level 1:colcon.colcon_core.package_discovery:discover_packages(prefix_path) using defaults
[0.294s] Level 5:colcon.colcon_core.verb:set package 'aquabot_example' build argument 'cmake_args' from command line to 'None'
[0.295s] Level 5:colcon.colcon_core.verb:set package 'aquabot_example' build argument 'cmake_target' from command line to 'None'
[0.295s] Level 5:colcon.colcon_core.verb:set package 'aquabot_example' build argument 'cmake_target_skip_unavailable' from command line to 'False'
[0.295s] Level 5:colcon.colcon_core.verb:set package 'aquabot_example' build argument 'cmake_clean_cache' from command line to 'False'
[0.295s] Level 5:colcon.colcon_core.verb:set package 'aquabot_example' build argument 'cmake_clean_first' from command line to 'False'
[0.295s] Level 5:colcon.colcon_core.verb:set package 'aquabot_example' build argument 'cmake_force_configure' from command line to 'False'
[0.295s] Level 5:colcon.colcon_core.verb:set package 'aquabot_example' build argument 'ament_cmake_args' from command line to 'None'
[0.295s] Level 5:colcon.colcon_core.verb:set package 'aquabot_example' build argument 'catkin_cmake_args' from command line to 'None'
[0.295s] Level 5:colcon.colcon_core.verb:set package 'aquabot_example' build argument 'catkin_skip_building_tests' from command line to 'False'
[0.295s] DEBUG:colcon.colcon_core.verb:Building package 'aquabot_example' with the following arguments: {'ament_cmake_args': None, 'build_base': '/home/newman/vrx_ws/src/mission_windwatch/build/aquabot_example', 'catkin_cmake_args': None, 'catkin_skip_building_tests': False, 'cmake_args': None, 'cmake_clean_cache': False, 'cmake_clean_first': False, 'cmake_force_configure': False, 'cmake_target': None, 'cmake_target_skip_unavailable': False, 'install_base': '/home/newman/vrx_ws/src/mission_windwatch/install', 'merge_install': True, 'path': '/home/newman/vrx_ws/src/mission_windwatch/src/aquabot_competitor/aquabot_examples/aquabot_example', 'symlink_install': False, 'test_result_base': None}
[0.295s] Level 5:colcon.colcon_core.verb:set package 'aquabot_python' build argument 'cmake_args' from command line to 'None'
[0.295s] Level 5:colcon.colcon_core.verb:set package 'aquabot_python' build argument 'cmake_target' from command line to 'None'
[0.295s] Level 5:colcon.colcon_core.verb:set package 'aquabot_python' build argument 'cmake_target_skip_unavailable' from command line to 'False'
[0.295s] Level 5:colcon.colcon_core.verb:set package 'aquabot_python' build argument 'cmake_clean_cache' from command line to 'False'
[0.295s] Level 5:colcon.colcon_core.verb:set package 'aquabot_python' build argument 'cmake_clean_first' from command line to 'False'
[0.295s] Level 5:colcon.colcon_core.verb:set package 'aquabot_python' build argument 'cmake_force_configure' from command line to 'False'
[0.295s] Level 5:colcon.colcon_core.verb:set package 'aquabot_python' build argument 'ament_cmake_args' from command line to 'None'
[0.295s] Level 5:colcon.colcon_core.verb:set package 'aquabot_python' build argument 'catkin_cmake_args' from command line to 'None'
[0.295s] Level 5:colcon.colcon_core.verb:set package 'aquabot_python' build argument 'catkin_skip_building_tests' from command line to 'False'
[0.295s] DEBUG:colcon.colcon_core.verb:Building package 'aquabot_python' with the following arguments: {'ament_cmake_args': None, 'build_base': '/home/newman/vrx_ws/src/mission_windwatch/build/aquabot_python', 'catkin_cmake_args': None, 'catkin_skip_building_tests': False, 'cmake_args': None, 'cmake_clean_cache': False, 'cmake_clean_first': False, 'cmake_force_configure': False, 'cmake_target': None, 'cmake_target_skip_unavailable': False, 'install_base': '/home/newman/vrx_ws/src/mission_windwatch/install', 'merge_install': True, 'path': '/home/newman/vrx_ws/src/mission_windwatch/src/aquabot/aquabot_python', 'symlink_install': False, 'test_result_base': None}
[0.295s] Level 5:colcon.colcon_core.verb:set package 'mission_manager' build argument 'cmake_args' from command line to 'None'
[0.295s] Level 5:colcon.colcon_core.verb:set package 'mission_manager' build argument 'cmake_target' from command line to 'None'
[0.295s] Level 5:colcon.colcon_core.verb:set package 'mission_manager' build argument 'cmake_target_skip_unavailable' from command line to 'False'
[0.296s] Level 5:colcon.colcon_core.verb:set package 'mission_manager' build argument 'cmake_clean_cache' from command line to 'False'
[0.296s] Level 5:colcon.colcon_core.verb:set package 'mission_manager' build argument 'cmake_clean_first' from command line to 'False'
[0.296s] Level 5:colcon.colcon_core.verb:set package 'mission_manager' build argument 'cmake_force_configure' from command line to 'False'
[0.296s] Level 5:colcon.colcon_core.verb:set package 'mission_manager' build argument 'ament_cmake_args' from command line to 'None'
[0.296s] Level 5:colcon.colcon_core.verb:set package 'mission_manager' build argument 'catkin_cmake_args' from command line to 'None'
[0.296s] Level 5:colcon.colcon_core.verb:set package 'mission_manager' build argument 'catkin_skip_building_tests' from command line to 'False'
[0.296s] DEBUG:colcon.colcon_core.verb:Building package 'mission_manager' with the following arguments: {'ament_cmake_args': None, 'build_base': '/home/newman/vrx_ws/src/mission_windwatch/build/mission_manager', 'catkin_cmake_args': None, 'catkin_skip_building_tests': False, 'cmake_args': None, 'cmake_clean_cache': False, 'cmake_clean_first': False, 'cmake_force_configure': False, 'cmake_target': None, 'cmake_target_skip_unavailable': False, 'install_base': '/home/newman/vrx_ws/src/mission_windwatch/install', 'merge_install': True, 'path': '/home/newman/vrx_ws/src/mission_windwatch/src/mission_manager', 'symlink_install': False, 'test_result_base': None}
[0.296s] Level 5:colcon.colcon_core.verb:set package 'my_team_package' build argument 'cmake_args' from command line to 'None'
[0.296s] Level 5:colcon.colcon_core.verb:set package 'my_team_package' build argument 'cmake_target' from command line to 'None'
[0.296s] Level 5:colcon.colcon_core.verb:set package 'my_team_package' build argument 'cmake_target_skip_unavailable' from command line to 'False'
[0.296s] Level 5:colcon.colcon_core.verb:set package 'my_team_package' build argument 'cmake_clean_cache' from command line to 'False'
[0.296s] Level 5:colcon.colcon_core.verb:set package 'my_team_package' build argument 'cmake_clean_first' from command line to 'False'
[0.296s] Level 5:colcon.colcon_core.verb:set package 'my_team_package' build argument 'cmake_force_configure' from command line to 'False'
[0.296s] Level 5:colcon.colcon_core.verb:set package 'my_team_package' build argument 'ament_cmake_args' from command line to 'None'
[0.296s] Level 5:colcon.colcon_core.verb:set package 'my_team_package' build argument 'catkin_cmake_args' from command line to 'None'
[0.296s] Level 5:colcon.colcon_core.verb:set package 'my_team_package' build argument 'catkin_skip_building_tests' from command line to 'False'
[0.296s] DEBUG:colcon.colcon_core.verb:Building package 'my_team_package' with the following arguments: {'ament_cmake_args': None, 'build_base': '/home/newman/vrx_ws/src/mission_windwatch/build/my_team_package', 'catkin_cmake_args': None, 'catkin_skip_building_tests': False, 'cmake_args': None, 'cmake_clean_cache': False, 'cmake_clean_first': False, 'cmake_force_configure': False, 'cmake_target': None, 'cmake_target_skip_unavailable': False, 'install_base': '/home/newman/vrx_ws/src/mission_windwatch/install', 'merge_install': True, 'path': '/home/newman/vrx_ws/src/mission_windwatch/src/aquabot_competitor/my_team_package', 'symlink_install': False, 'test_result_base': None}
[0.296s] Level 5:colcon.colcon_core.verb:set package 'navigation' build argument 'cmake_args' from command line to 'None'
[0.296s] Level 5:colcon.colcon_core.verb:set package 'navigation' build argument 'cmake_target' from command line to 'None'
[0.296s] Level 5:colcon.colcon_core.verb:set package 'navigation' build argument 'cmake_target_skip_unavailable' from command line to 'False'
[0.296s] Level 5:colcon.colcon_core.verb:set package 'navigation' build argument 'cmake_clean_cache' from command line to 'False'
[0.296s] Level 5:colcon.colcon_core.verb:set package 'navigation' build argument 'cmake_clean_first' from command line to 'False'
[0.296s] Level 5:colcon.colcon_core.verb:set package 'navigation' build argument 'cmake_force_configure' from command line to 'False'
[0.296s] Level 5:colcon.colcon_core.verb:set package 'navigation' build argument 'ament_cmake_args' from command line to 'None'
[0.296s] Level 5:colcon.colcon_core.verb:set package 'navigation' build argument 'catkin_cmake_args' from command line to 'None'
[0.296s] Level 5:colcon.colcon_core.verb:set package 'navigation' build argument 'catkin_skip_building_tests' from command line to 'False'
[0.297s] DEBUG:colcon.colcon_core.verb:Building package 'navigation' with the following arguments: {'ament_cmake_args': None, 'build_base': '/home/newman/vrx_ws/src/mission_windwatch/build/navigation', 'catkin_cmake_args': None, 'catkin_skip_building_tests': False, 'cmake_args': None, 'cmake_clean_cache': False, 'cmake_clean_first': False, 'cmake_force_configure': False, 'cmake_target': None, 'cmake_target_skip_unavailable': False, 'install_base': '/home/newman/vrx_ws/src/mission_windwatch/install', 'merge_install': True, 'path': '/home/newman/vrx_ws/src/mission_windwatch/src/navigation', 'symlink_install': False, 'test_result_base': None}
[0.297s] Level 5:colcon.colcon_core.verb:set package 'opencv_example' build argument 'cmake_args' from command line to 'None'
[0.297s] Level 5:colcon.colcon_core.verb:set package 'opencv_example' build argument 'cmake_target' from command line to 'None'
[0.297s] Level 5:colcon.colcon_core.verb:set package 'opencv_example' build argument 'cmake_target_skip_unavailable' from command line to 'False'
[0.297s] Level 5:colcon.colcon_core.verb:set package 'opencv_example' build argument 'cmake_clean_cache' from command line to 'False'
[0.297s] Level 5:colcon.colcon_core.verb:set package 'opencv_example' build argument 'cmake_clean_first' from command line to 'False'
[0.297s] Level 5:colcon.colcon_core.verb:set package 'opencv_example' build argument 'cmake_force_configure' from command line to 'False'
[0.297s] Level 5:colcon.colcon_core.verb:set package 'opencv_example' build argument 'ament_cmake_args' from command line to 'None'
[0.297s] Level 5:colcon.colcon_core.verb:set package 'opencv_example' build argument 'catkin_cmake_args' from command line to 'None'
[0.297s] Level 5:colcon.colcon_core.verb:set package 'opencv_example' build argument 'catkin_skip_building_tests' from command line to 'False'
[0.297s] DEBUG:colcon.colcon_core.verb:Building package 'opencv_example' with the following arguments: {'ament_cmake_args': None, 'build_base': '/home/newman/vrx_ws/src/mission_windwatch/build/opencv_example', 'catkin_cmake_args': None, 'catkin_skip_building_tests': False, 'cmake_args': None, 'cmake_clean_cache': False, 'cmake_clean_first': False, 'cmake_force_configure': False, 'cmake_target': None, 'cmake_target_skip_unavailable': False, 'install_base': '/home/newman/vrx_ws/src/mission_windwatch/install', 'merge_install': True, 'path': '/home/newman/vrx_ws/src/mission_windwatch/src/aquabot_competitor/aquabot_examples/opencv_example', 'symlink_install': False, 'test_result_base': None}
[0.297s] Level 5:colcon.colcon_core.verb:set package 'package_example' build argument 'cmake_args' from command line to 'None'
[0.297s] Level 5:colcon.colcon_core.verb:set package 'package_example' build argument 'cmake_target' from command line to 'None'
[0.297s] Level 5:colcon.colcon_core.verb:set package 'package_example' build argument 'cmake_target_skip_unavailable' from command line to 'False'
[0.297s] Level 5:colcon.colcon_core.verb:set package 'package_example' build argument 'cmake_clean_cache' from command line to 'False'
[0.297s] Level 5:colcon.colcon_core.verb:set package 'package_example' build argument 'cmake_clean_first' from command line to 'False'
[0.297s] Level 5:colcon.colcon_core.verb:set package 'package_example' build argument 'cmake_force_configure' from command line to 'False'
[0.297s] Level 5:colcon.colcon_core.verb:set package 'package_example' build argument 'ament_cmake_args' from command line to 'None'
[0.297s] Level 5:colcon.colcon_core.verb:set package 'package_example' build argument 'catkin_cmake_args' from command line to 'None'
[0.297s] Level 5:colcon.colcon_core.verb:set package 'package_example' build argument 'catkin_skip_building_tests' from command line to 'False'
[0.297s] DEBUG:colcon.colcon_core.verb:Building package 'package_example' with the following arguments: {'ament_cmake_args': None, 'build_base': '/home/newman/vrx_ws/src/mission_windwatch/build/package_example', 'catkin_cmake_args': None, 'catkin_skip_building_tests': False, 'cmake_args': None, 'cmake_clean_cache': False, 'cmake_clean_first': False, 'cmake_force_configure': False, 'cmake_target': None, 'cmake_target_skip_unavailable': False, 'install_base': '/home/newman/vrx_ws/src/mission_windwatch/install', 'merge_install': True, 'path': '/home/newman/vrx_ws/src/mission_windwatch/src/aquabot_competitor/aquabot_examples/package_example', 'symlink_install': False, 'test_result_base': None}
[0.298s] Level 5:colcon.colcon_core.verb:set package 'sensors' build argument 'cmake_args' from command line to 'None'
[0.298s] Level 5:colcon.colcon_core.verb:set package 'sensors' build argument 'cmake_target' from command line to 'None'
[0.298s] Level 5:colcon.colcon_core.verb:set package 'sensors' build argument 'cmake_target_skip_unavailable' from command line to 'False'
[0.298s] Level 5:colcon.colcon_core.verb:set package 'sensors' build argument 'cmake_clean_cache' from command line to 'False'
[0.298s] Level 5:colcon.colcon_core.verb:set package 'sensors' build argument 'cmake_clean_first' from command line to 'False'
[0.298s] Level 5:colcon.colcon_core.verb:set package 'sensors' build argument 'cmake_force_configure' from command line to 'False'
[0.298s] Level 5:colcon.colcon_core.verb:set package 'sensors' build argument 'ament_cmake_args' from command line to 'None'
[0.298s] Level 5:colcon.colcon_core.verb:set package 'sensors' build argument 'catkin_cmake_args' from command line to 'None'
[0.298s] Level 5:colcon.colcon_core.verb:set package 'sensors' build argument 'catkin_skip_building_tests' from command line to 'False'
[0.298s] DEBUG:colcon.colcon_core.verb:Building package 'sensors' with the following arguments: {'ament_cmake_args': None, 'build_base': '/home/newman/vrx_ws/src/mission_windwatch/build/sensors', 'catkin_cmake_args': None, 'catkin_skip_building_tests': False, 'cmake_args': None, 'cmake_clean_cache': False, 'cmake_clean_first': False, 'cmake_force_configure': False, 'cmake_target': None, 'cmake_target_skip_unavailable': False, 'install_base': '/home/newman/vrx_ws/src/mission_windwatch/install', 'merge_install': True, 'path': '/home/newman/vrx_ws/src/mission_windwatch/src/sensors', 'symlink_install': False, 'test_result_base': None}
[0.298s] Level 5:colcon.colcon_core.verb:set package 'visualization' build argument 'cmake_args' from command line to 'None'
[0.298s] Level 5:colcon.colcon_core.verb:set package 'visualization' build argument 'cmake_target' from command line to 'None'
[0.298s] Level 5:colcon.colcon_core.verb:set package 'visualization' build argument 'cmake_target_skip_unavailable' from command line to 'False'
[0.298s] Level 5:colcon.colcon_core.verb:set package 'visualization' build argument 'cmake_clean_cache' from command line to 'False'
[0.298s] Level 5:colcon.colcon_core.verb:set package 'visualization' build argument 'cmake_clean_first' from command line to 'False'
[0.298s] Level 5:colcon.colcon_core.verb:set package 'visualization' build argument 'cmake_force_configure' from command line to 'False'
[0.298s] Level 5:colcon.colcon_core.verb:set package 'visualization' build argument 'ament_cmake_args' from command line to 'None'
[0.298s] Level 5:colcon.colcon_core.verb:set package 'visualization' build argument 'catkin_cmake_args' from command line to 'None'
[0.298s] Level 5:colcon.colcon_core.verb:set package 'visualization' build argument 'catkin_skip_building_tests' from command line to 'False'
[0.298s] DEBUG:colcon.colcon_core.verb:Building package 'visualization' with the following arguments: {'ament_cmake_args': None, 'build_base': '/home/newman/vrx_ws/src/mission_windwatch/build/visualization', 'catkin_cmake_args': None, 'catkin_skip_building_tests': False, 'cmake_args': None, 'cmake_clean_cache': False, 'cmake_clean_first': False, 'cmake_force_configure': False, 'cmake_target': None, 'cmake_target_skip_unavailable': False, 'install_base': '/home/newman/vrx_ws/src/mission_windwatch/install', 'merge_install': True, 'path': '/home/newman/vrx_ws/src/mission_windwatch/src/visualization', 'symlink_install': False, 'test_result_base': None}
[0.299s] Level 5:colcon.colcon_core.verb:set package 'vrx_gazebo' build argument 'cmake_args' from command line to 'None'
[0.299s] Level 5:colcon.colcon_core.verb:set package 'vrx_gazebo' build argument 'cmake_target' from command line to 'None'
[0.299s] Level 5:colcon.colcon_core.verb:set package 'vrx_gazebo' build argument 'cmake_target_skip_unavailable' from command line to 'False'
[0.299s] Level 5:colcon.colcon_core.verb:set package 'vrx_gazebo' build argument 'cmake_clean_cache' from command line to 'False'
[0.299s] Level 5:colcon.colcon_core.verb:set package 'vrx_gazebo' build argument 'cmake_clean_first' from command line to 'False'
[0.299s] Level 5:colcon.colcon_core.verb:set package 'vrx_gazebo' build argument 'cmake_force_configure' from command line to 'False'
[0.299s] Level 5:colcon.colcon_core.verb:set package 'vrx_gazebo' build argument 'ament_cmake_args' from command line to 'None'
[0.299s] Level 5:colcon.colcon_core.verb:set package 'vrx_gazebo' build argument 'catkin_cmake_args' from command line to 'None'
[0.299s] Level 5:colcon.colcon_core.verb:set package 'vrx_gazebo' build argument 'catkin_skip_building_tests' from command line to 'False'
[0.299s] DEBUG:colcon.colcon_core.verb:Building package 'vrx_gazebo' with the following arguments: {'ament_cmake_args': None, 'build_base': '/home/newman/vrx_ws/src/mission_windwatch/build/vrx_gazebo', 'catkin_cmake_args': None, 'catkin_skip_building_tests': False, 'cmake_args': None, 'cmake_clean_cache': False, 'cmake_clean_first': False, 'cmake_force_configure': False, 'cmake_target': None, 'cmake_target_skip_unavailable': False, 'install_base': '/home/newman/vrx_ws/src/mission_windwatch/install', 'merge_install': True, 'path': '/home/newman/vrx_ws/src/mission_windwatch/src/vrx/vrx_urdf/vrx_gazebo', 'symlink_install': False, 'test_result_base': None}
[0.299s] Level 5:colcon.colcon_core.verb:set package 'vrx_ros' build argument 'cmake_args' from command line to 'None'
[0.299s] Level 5:colcon.colcon_core.verb:set package 'vrx_ros' build argument 'cmake_target' from command line to 'None'
[0.299s] Level 5:colcon.colcon_core.verb:set package 'vrx_ros' build argument 'cmake_target_skip_unavailable' from command line to 'False'
[0.299s] Level 5:colcon.colcon_core.verb:set package 'vrx_ros' build argument 'cmake_clean_cache' from command line to 'False'
[0.299s] Level 5:colcon.colcon_core.verb:set package 'vrx_ros' build argument 'cmake_clean_first' from command line to 'False'
[0.299s] Level 5:colcon.colcon_core.verb:set package 'vrx_ros' build argument 'cmake_force_configure' from command line to 'False'
[0.299s] Level 5:colcon.colcon_core.verb:set package 'vrx_ros' build argument 'ament_cmake_args' from command line to 'None'
[0.299s] Level 5:colcon.colcon_core.verb:set package 'vrx_ros' build argument 'catkin_cmake_args' from command line to 'None'
[0.299s] Level 5:colcon.colcon_core.verb:set package 'vrx_ros' build argument 'catkin_skip_building_tests' from command line to 'False'
[0.299s] DEBUG:colcon.colcon_core.verb:Building package 'vrx_ros' with the following arguments: {'ament_cmake_args': None, 'build_base': '/home/newman/vrx_ws/src/mission_windwatch/build/vrx_ros', 'catkin_cmake_args': None, 'catkin_skip_building_tests': False, 'cmake_args': None, 'cmake_clean_cache': False, 'cmake_clean_first': False, 'cmake_force_configure': False, 'cmake_target': None, 'cmake_target_skip_unavailable': False, 'install_base': '/home/newman/vrx_ws/src/mission_windwatch/install', 'merge_install': True, 'path': '/home/newman/vrx_ws/src/mission_windwatch/src/vrx/vrx_ros', 'symlink_install': False, 'test_result_base': None}
[0.299s] Level 5:colcon.colcon_core.verb:set package 'aquabot_description' build argument 'cmake_args' from command line to 'None'
[0.299s] Level 5:colcon.colcon_core.verb:set package 'aquabot_description' build argument 'cmake_target' from command line to 'None'
[0.299s] Level 5:colcon.colcon_core.verb:set package 'aquabot_description' build argument 'cmake_target_skip_unavailable' from command line to 'False'
[0.299s] Level 5:colcon.colcon_core.verb:set package 'aquabot_description' build argument 'cmake_clean_cache' from command line to 'False'
[0.299s] Level 5:colcon.colcon_core.verb:set package 'aquabot_description' build argument 'cmake_clean_first' from command line to 'False'
[0.299s] Level 5:colcon.colcon_core.verb:set package 'aquabot_description' build argument 'cmake_force_configure' from command line to 'False'
[0.300s] Level 5:colcon.colcon_core.verb:set package 'aquabot_description' build argument 'ament_cmake_args' from command line to 'None'
[0.300s] Level 5:colcon.colcon_core.verb:set package 'aquabot_description' build argument 'catkin_cmake_args' from command line to 'None'
[0.300s] Level 5:colcon.colcon_core.verb:set package 'aquabot_description' build argument 'catkin_skip_building_tests' from command line to 'False'
[0.300s] DEBUG:colcon.colcon_core.verb:Building package 'aquabot_description' with the following arguments: {'ament_cmake_args': None, 'build_base': '/home/newman/vrx_ws/src/mission_windwatch/build/aquabot_description', 'catkin_cmake_args': None, 'catkin_skip_building_tests': False, 'cmake_args': None, 'cmake_clean_cache': False, 'cmake_clean_first': False, 'cmake_force_configure': False, 'cmake_target': None, 'cmake_target_skip_unavailable': False, 'install_base': '/home/newman/vrx_ws/src/mission_windwatch/install', 'merge_install': True, 'path': '/home/newman/vrx_ws/src/mission_windwatch/src/aquabot/aquabot_urdf/aquabot_description', 'symlink_install': False, 'test_result_base': None}
[0.300s] Level 5:colcon.colcon_core.verb:set package 'vrx_gz' build argument 'cmake_args' from command line to 'None'
[0.300s] Level 5:colcon.colcon_core.verb:set package 'vrx_gz' build argument 'cmake_target' from command line to 'None'
[0.300s] Level 5:colcon.colcon_core.verb:set package 'vrx_gz' build argument 'cmake_target_skip_unavailable' from command line to 'False'
[0.300s] Level 5:colcon.colcon_core.verb:set package 'vrx_gz' build argument 'cmake_clean_cache' from command line to 'False'
[0.300s] Level 5:colcon.colcon_core.verb:set package 'vrx_gz' build argument 'cmake_clean_first' from command line to 'False'
[0.300s] Level 5:colcon.colcon_core.verb:set package 'vrx_gz' build argument 'cmake_force_configure' from command line to 'False'
[0.300s] Level 5:colcon.colcon_core.verb:set package 'vrx_gz' build argument 'ament_cmake_args' from command line to 'None'
[0.300s] Level 5:colcon.colcon_core.verb:set package 'vrx_gz' build argument 'catkin_cmake_args' from command line to 'None'
[0.300s] Level 5:colcon.colcon_core.verb:set package 'vrx_gz' build argument 'catkin_skip_building_tests' from command line to 'False'
[0.300s] DEBUG:colcon.colcon_core.verb:Building package 'vrx_gz' with the following arguments: {'ament_cmake_args': None, 'build_base': '/home/newman/vrx_ws/src/mission_windwatch/build/vrx_gz', 'catkin_cmake_args': None, 'catkin_skip_building_tests': False, 'cmake_args': None, 'cmake_clean_cache': False, 'cmake_clean_first': False, 'cmake_force_configure': False, 'cmake_target': None, 'cmake_target_skip_unavailable': False, 'install_base': '/home/newman/vrx_ws/src/mission_windwatch/install', 'merge_install': True, 'path': '/home/newman/vrx_ws/src/mission_windwatch/src/vrx/vrx_gz', 'symlink_install': False, 'test_result_base': None}
[0.300s] Level 5:colcon.colcon_core.verb:set package 'wamv_description' build argument 'cmake_args' from command line to 'None'
[0.300s] Level 5:colcon.colcon_core.verb:set package 'wamv_description' build argument 'cmake_target' from command line to 'None'
[0.300s] Level 5:colcon.colcon_core.verb:set package 'wamv_description' build argument 'cmake_target_skip_unavailable' from command line to 'False'
[0.300s] Level 5:colcon.colcon_core.verb:set package 'wamv_description' build argument 'cmake_clean_cache' from command line to 'False'
[0.300s] Level 5:colcon.colcon_core.verb:set package 'wamv_description' build argument 'cmake_clean_first' from command line to 'False'
[0.300s] Level 5:colcon.colcon_core.verb:set package 'wamv_description' build argument 'cmake_force_configure' from command line to 'False'
[0.300s] Level 5:colcon.colcon_core.verb:set package 'wamv_description' build argument 'ament_cmake_args' from command line to 'None'
[0.300s] Level 5:colcon.colcon_core.verb:set package 'wamv_description' build argument 'catkin_cmake_args' from command line to 'None'
[0.300s] Level 5:colcon.colcon_core.verb:set package 'wamv_description' build argument 'catkin_skip_building_tests' from command line to 'False'
[0.300s] DEBUG:colcon.colcon_core.verb:Building package 'wamv_description' with the following arguments: {'ament_cmake_args': None, 'build_base': '/home/newman/vrx_ws/src/mission_windwatch/build/wamv_description', 'catkin_cmake_args': None, 'catkin_skip_building_tests': False, 'cmake_args': None, 'cmake_clean_cache': False, 'cmake_clean_first': False, 'cmake_force_configure': False, 'cmake_target': None, 'cmake_target_skip_unavailable': False, 'install_base': '/home/newman/vrx_ws/src/mission_windwatch/install', 'merge_install': True, 'path': '/home/newman/vrx_ws/src/mission_windwatch/src/vrx/vrx_urdf/wamv_description', 'symlink_install': False, 'test_result_base': None}
[0.301s] Level 5:colcon.colcon_core.verb:set package 'aquabot_gz' build argument 'cmake_args' from command line to 'None'
[0.301s] Level 5:colcon.colcon_core.verb:set package 'aquabot_gz' build argument 'cmake_target' from command line to 'None'
[0.301s] Level 5:colcon.colcon_core.verb:set package 'aquabot_gz' build argument 'cmake_target_skip_unavailable' from command line to 'False'
[0.301s] Level 5:colcon.colcon_core.verb:set package 'aquabot_gz' build argument 'cmake_clean_cache' from command line to 'False'
[0.301s] Level 5:colcon.colcon_core.verb:set package 'aquabot_gz' build argument 'cmake_clean_first' from command line to 'False'
[0.301s] Level 5:colcon.colcon_core.verb:set package 'aquabot_gz' build argument 'cmake_force_configure' from command line to 'False'
[0.301s] Level 5:colcon.colcon_core.verb:set package 'aquabot_gz' build argument 'ament_cmake_args' from command line to 'None'
[0.301s] Level 5:colcon.colcon_core.verb:set package 'aquabot_gz' build argument 'catkin_cmake_args' from command line to 'None'
[0.301s] Level 5:colcon.colcon_core.verb:set package 'aquabot_gz' build argument 'catkin_skip_building_tests' from command line to 'False'
[0.301s] DEBUG:colcon.colcon_core.verb:Building package 'aquabot_gz' with the following arguments: {'ament_cmake_args': None, 'build_base': '/home/newman/vrx_ws/src/mission_windwatch/build/aquabot_gz', 'catkin_cmake_args': None, 'catkin_skip_building_tests': False, 'cmake_args': None, 'cmake_clean_cache': False, 'cmake_clean_first': False, 'cmake_force_configure': False, 'cmake_target': None, 'cmake_target_skip_unavailable': False, 'install_base': '/home/newman/vrx_ws/src/mission_windwatch/install', 'merge_install': True, 'path': '/home/newman/vrx_ws/src/mission_windwatch/src/aquabot/aquabot_gz', 'symlink_install': False, 'test_result_base': None}
[0.301s] Level 5:colcon.colcon_core.verb:set package 'wamv_gazebo' build argument 'cmake_args' from command line to 'None'
[0.301s] Level 5:colcon.colcon_core.verb:set package 'wamv_gazebo' build argument 'cmake_target' from command line to 'None'
[0.301s] Level 5:colcon.colcon_core.verb:set package 'wamv_gazebo' build argument 'cmake_target_skip_unavailable' from command line to 'False'
[0.301s] Level 5:colcon.colcon_core.verb:set package 'wamv_gazebo' build argument 'cmake_clean_cache' from command line to 'False'
[0.301s] Level 5:colcon.colcon_core.verb:set package 'wamv_gazebo' build argument 'cmake_clean_first' from command line to 'False'
[0.301s] Level 5:colcon.colcon_core.verb:set package 'wamv_gazebo' build argument 'cmake_force_configure' from command line to 'False'
[0.301s] Level 5:colcon.colcon_core.verb:set package 'wamv_gazebo' build argument 'ament_cmake_args' from command line to 'None'
[0.301s] Level 5:colcon.colcon_core.verb:set package 'wamv_gazebo' build argument 'catkin_cmake_args' from command line to 'None'
[0.301s] Level 5:colcon.colcon_core.verb:set package 'wamv_gazebo' build argument 'catkin_skip_building_tests' from command line to 'False'
[0.301s] DEBUG:colcon.colcon_core.verb:Building package 'wamv_gazebo' with the following arguments: {'ament_cmake_args': None, 'build_base': '/home/newman/vrx_ws/src/mission_windwatch/build/wamv_gazebo', 'catkin_cmake_args': None, 'catkin_skip_building_tests': False, 'cmake_args': None, 'cmake_clean_cache': False, 'cmake_clean_first': False, 'cmake_force_configure': False, 'cmake_target': None, 'cmake_target_skip_unavailable': False, 'install_base': '/home/newman/vrx_ws/src/mission_windwatch/install', 'merge_install': True, 'path': '/home/newman/vrx_ws/src/mission_windwatch/src/vrx/vrx_urdf/wamv_gazebo', 'symlink_install': False, 'test_result_base': None}
[0.302s] INFO:colcon.colcon_core.executor:Executing jobs using 'parallel' executor
[0.302s] DEBUG:colcon.colcon_parallel_executor.executor.parallel:run_until_complete
[0.303s] INFO:colcon.colcon_ros.task.ament_cmake.build:Building ROS package in '/home/newman/vrx_ws/src/mission_windwatch/src/vrx/vrx_urdf/vrx_gazebo' with build type 'ament_cmake'
[0.303s] INFO:colcon.colcon_cmake.task.cmake.build:Building CMake package in '/home/newman/vrx_ws/src/mission_windwatch/src/vrx/vrx_urdf/vrx_gazebo'
[0.305s] INFO:colcon.colcon_core.plugin_system:Skipping extension 'colcon_core.shell.bat': Not used on non-Windows systems
[0.305s] INFO:colcon.colcon_core.shell:Skip shell extension 'powershell' for command environment: Not usable outside of PowerShell
[0.305s] DEBUG:colcon.colcon_core.shell:Skip shell extension 'dsv' for command environment
[0.307s] INFO:colcon.colcon_ros.task.ament_cmake.build:Building ROS package in '/home/newman/vrx_ws/src/mission_windwatch/src/vrx/vrx_ros' with build type 'ament_cmake'
[0.307s] INFO:colcon.colcon_cmake.task.cmake.build:Building CMake package in '/home/newman/vrx_ws/src/mission_windwatch/src/vrx/vrx_ros'
[0.308s] INFO:colcon.colcon_core.shell:Skip shell extension 'powershell' for command environment: Not usable outside of PowerShell
[0.308s] DEBUG:colcon.colcon_core.shell:Skip shell extension 'dsv' for command environment
[0.310s] INFO:colcon.colcon_ros.task.ament_cmake.build:Building ROS package in '/home/newman/vrx_ws/src/mission_windwatch/src/aquabot_competitor/aquabot_examples/aquabot_example' with build type 'ament_cmake'
[0.310s] INFO:colcon.colcon_cmake.task.cmake.build:Building CMake package in '/home/newman/vrx_ws/src/mission_windwatch/src/aquabot_competitor/aquabot_examples/aquabot_example'
[0.310s] INFO:colcon.colcon_core.shell:Skip shell extension 'powershell' for command environment: Not usable outside of PowerShell
[0.310s] DEBUG:colcon.colcon_core.shell:Skip shell extension 'dsv' for command environment
[0.313s] INFO:colcon.colcon_ros.task.ament_cmake.build:Building ROS package in '/home/newman/vrx_ws/src/mission_windwatch/src/aquabot/aquabot_python' with build type 'ament_cmake'
[0.313s] INFO:colcon.colcon_cmake.task.cmake.build:Building CMake package in '/home/newman/vrx_ws/src/mission_windwatch/src/aquabot/aquabot_python'
[0.313s] INFO:colcon.colcon_core.shell:Skip shell extension 'powershell' for command environment: Not usable outside of PowerShell
[0.313s] DEBUG:colcon.colcon_core.shell:Skip shell extension 'dsv' for command environment
[0.316s] INFO:colcon.colcon_ros.task.ament_cmake.build:Building ROS package in '/home/newman/vrx_ws/src/mission_windwatch/src/mission_manager' with build type 'ament_cmake'
[0.316s] INFO:colcon.colcon_cmake.task.cmake.build:Building CMake package in '/home/newman/vrx_ws/src/mission_windwatch/src/mission_manager'
[0.316s] INFO:colcon.colcon_core.shell:Skip shell extension 'powershell' for command environment: Not usable outside of PowerShell
[0.316s] DEBUG:colcon.colcon_core.shell:Skip shell extension 'dsv' for command environment
[0.319s] INFO:colcon.colcon_ros.task.ament_cmake.build:Building ROS package in '/home/newman/vrx_ws/src/mission_windwatch/src/aquabot_competitor/my_team_package' with build type 'ament_cmake'
[0.319s] INFO:colcon.colcon_cmake.task.cmake.build:Building CMake package in '/home/newman/vrx_ws/src/mission_windwatch/src/aquabot_competitor/my_team_package'
[0.319s] INFO:colcon.colcon_core.shell:Skip shell extension 'powershell' for command environment: Not usable outside of PowerShell
[0.319s] DEBUG:colcon.colcon_core.shell:Skip shell extension 'dsv' for command environment
[0.321s] INFO:colcon.colcon_ros.task.ament_cmake.build:Building ROS package in '/home/newman/vrx_ws/src/mission_windwatch/src/navigation' with build type 'ament_cmake'
[0.321s] INFO:colcon.colcon_cmake.task.cmake.build:Building CMake package in '/home/newman/vrx_ws/src/mission_windwatch/src/navigation'
[0.321s] INFO:colcon.colcon_core.shell:Skip shell extension 'powershell' for command environment: Not usable outside of PowerShell
[0.321s] DEBUG:colcon.colcon_core.shell:Skip shell extension 'dsv' for command environment
[0.324s] INFO:colcon.colcon_ros.task.ament_cmake.build:Building ROS package in '/home/newman/vrx_ws/src/mission_windwatch/src/aquabot_competitor/aquabot_examples/opencv_example' with build type 'ament_cmake'
[0.324s] INFO:colcon.colcon_cmake.task.cmake.build:Building CMake package in '/home/newman/vrx_ws/src/mission_windwatch/src/aquabot_competitor/aquabot_examples/opencv_example'
[0.324s] INFO:colcon.colcon_core.shell:Skip shell extension 'powershell' for command environment: Not usable outside of PowerShell
[0.324s] DEBUG:colcon.colcon_core.shell:Skip shell extension 'dsv' for command environment
[0.327s] INFO:colcon.colcon_ros.task.ament_cmake.build:Building ROS package in '/home/newman/vrx_ws/src/mission_windwatch/src/aquabot_competitor/aquabot_examples/package_example' with build type 'ament_cmake'
[0.327s] INFO:colcon.colcon_cmake.task.cmake.build:Building CMake package in '/home/newman/vrx_ws/src/mission_windwatch/src/aquabot_competitor/aquabot_examples/package_example'
[0.327s] INFO:colcon.colcon_core.shell:Skip shell extension 'powershell' for command environment: Not usable outside of PowerShell
[0.327s] DEBUG:colcon.colcon_core.shell:Skip shell extension 'dsv' for command environment
[0.335s] DEBUG:colcon.colcon_core.event_handler.log_command:Invoking command in '/home/newman/vrx_ws/src/mission_windwatch/build/vrx_gazebo': CMAKE_PREFIX_PATH=${CMAKE_PREFIX_PATH}:/opt/ros/humble /usr/bin/cmake --build /home/newman/vrx_ws/src/mission_windwatch/build/vrx_gazebo -- -j9 -l9
[0.338s] DEBUG:colcon.colcon_core.event_handler.log_command:Invoking command in '/home/newman/vrx_ws/src/mission_windwatch/build/vrx_ros': CMAKE_PREFIX_PATH=${CMAKE_PREFIX_PATH}:/opt/ros/humble /usr/bin/cmake --build /home/newman/vrx_ws/src/mission_windwatch/build/vrx_ros -- -j9 -l9
[0.340s] DEBUG:colcon.colcon_core.event_handler.log_command:Invoking command in '/home/newman/vrx_ws/src/mission_windwatch/build/aquabot_example': CMAKE_PREFIX_PATH=${CMAKE_PREFIX_PATH}:/opt/ros/humble /usr/bin/cmake --build /home/newman/vrx_ws/src/mission_windwatch/build/aquabot_example -- -j9 -l9
[0.344s] DEBUG:colcon.colcon_core.event_handler.log_command:Invoking command in '/home/newman/vrx_ws/src/mission_windwatch/build/aquabot_python': CMAKE_PREFIX_PATH=${CMAKE_PREFIX_PATH}:/opt/ros/humble /usr/bin/cmake --build /home/newman/vrx_ws/src/mission_windwatch/build/aquabot_python -- -j9 -l9
[0.346s] DEBUG:colcon.colcon_core.event_handler.log_command:Invoking command in '/home/newman/vrx_ws/src/mission_windwatch/build/mission_manager': CMAKE_PREFIX_PATH=${CMAKE_PREFIX_PATH}:/opt/ros/humble /usr/bin/cmake --build /home/newman/vrx_ws/src/mission_windwatch/build/mission_manager -- -j9 -l9
[0.348s] DEBUG:colcon.colcon_core.event_handler.log_command:Invoking command in '/home/newman/vrx_ws/src/mission_windwatch/build/my_team_package': CMAKE_PREFIX_PATH=${CMAKE_PREFIX_PATH}:/opt/ros/humble /usr/bin/cmake --build /home/newman/vrx_ws/src/mission_windwatch/build/my_team_package -- -j9 -l9
[0.354s] DEBUG:colcon.colcon_core.event_handler.log_command:Invoking command in '/home/newman/vrx_ws/src/mission_windwatch/build/navigation': CMAKE_PREFIX_PATH=${CMAKE_PREFIX_PATH}:/opt/ros/humble /usr/bin/cmake --build /home/newman/vrx_ws/src/mission_windwatch/build/navigation -- -j9 -l9
[0.357s] DEBUG:colcon.colcon_core.event_handler.log_command:Invoking command in '/home/newman/vrx_ws/src/mission_windwatch/build/opencv_example': CMAKE_PREFIX_PATH=${CMAKE_PREFIX_PATH}:/opt/ros/humble /usr/bin/cmake --build /home/newman/vrx_ws/src/mission_windwatch/build/opencv_example -- -j9 -l9
[0.373s] DEBUG:colcon.colcon_core.event_handler.log_command:Invoking command in '/home/newman/vrx_ws/src/mission_windwatch/build/package_example': CMAKE_PREFIX_PATH=${CMAKE_PREFIX_PATH}:/opt/ros/humble /usr/bin/cmake --build /home/newman/vrx_ws/src/mission_windwatch/build/package_example -- -j9 -l9
[0.404s] DEBUG:colcon.colcon_core.event_handler.log_command:Invoked command in '/home/newman/vrx_ws/src/mission_windwatch/build/aquabot_example' returned '0': CMAKE_PREFIX_PATH=${CMAKE_PREFIX_PATH}:/opt/ros/humble /usr/bin/cmake --build /home/newman/vrx_ws/src/mission_windwatch/build/aquabot_example -- -j9 -l9
[0.435s] DEBUG:colcon.colcon_core.event_handler.log_command:Invoked command in '/home/newman/vrx_ws/src/mission_windwatch/build/my_team_package' returned '0': CMAKE_PREFIX_PATH=${CMAKE_PREFIX_PATH}:/opt/ros/humble /usr/bin/cmake --build /home/newman/vrx_ws/src/mission_windwatch/build/my_team_package -- -j9 -l9
[0.451s] DEBUG:colcon.colcon_core.event_handler.log_command:Invoking command in '/home/newman/vrx_ws/src/mission_windwatch/build/aquabot_example': CMAKE_PREFIX_PATH=${CMAKE_PREFIX_PATH}:/opt/ros/humble /usr/bin/cmake --install /home/newman/vrx_ws/src/mission_windwatch/build/aquabot_example
[0.463s] DEBUG:colcon.colcon_core.event_handler.log_command:Invoked command in '/home/newman/vrx_ws/src/mission_windwatch/build/vrx_ros' returned '0': CMAKE_PREFIX_PATH=${CMAKE_PREFIX_PATH}:/opt/ros/humble /usr/bin/cmake --build /home/newman/vrx_ws/src/mission_windwatch/build/vrx_ros -- -j9 -l9
[0.469s] DEBUG:colcon.colcon_core.event_handler.log_command:Invoking command in '/home/newman/vrx_ws/src/mission_windwatch/build/my_team_package': CMAKE_PREFIX_PATH=${CMAKE_PREFIX_PATH}:/opt/ros/humble /usr/bin/cmake --install /home/newman/vrx_ws/src/mission_windwatch/build/my_team_package
[0.471s] Level 1:colcon.colcon_core.environment:create_environment_scripts_only(aquabot_example)
[0.475s] DEBUG:colcon.colcon_core.event_handler.log_command:Invoked command in '/home/newman/vrx_ws/src/mission_windwatch/build/aquabot_example' returned '0': CMAKE_PREFIX_PATH=${CMAKE_PREFIX_PATH}:/opt/ros/humble /usr/bin/cmake --install /home/newman/vrx_ws/src/mission_windwatch/build/aquabot_example
[0.479s] Level 1:colcon.colcon_core.environment:checking '/home/newman/vrx_ws/src/mission_windwatch/install' for CMake module files
[0.480s] Level 1:colcon.colcon_core.environment:checking '/home/newman/vrx_ws/src/mission_windwatch/install' for CMake config files
[0.480s] Level 1:colcon.colcon_core.shell:create_environment_hook('aquabot_example', 'cmake_prefix_path')
[0.480s] INFO:colcon.colcon_core.shell:Creating environment hook '/home/newman/vrx_ws/src/mission_windwatch/install/share/aquabot_example/hook/cmake_prefix_path.ps1'
[0.481s] INFO:colcon.colcon_core.shell:Creating environment descriptor '/home/newman/vrx_ws/src/mission_windwatch/install/share/aquabot_example/hook/cmake_prefix_path.dsv'
[0.487s] INFO:colcon.colcon_core.shell:Creating environment hook '/home/newman/vrx_ws/src/mission_windwatch/install/share/aquabot_example/hook/cmake_prefix_path.sh'
[0.488s] Level 1:colcon.colcon_core.environment:checking '/home/newman/vrx_ws/src/mission_windwatch/install/lib'
[0.488s] Level 1:colcon.colcon_core.shell:create_environment_hook('aquabot_example', 'ld_library_path_lib')
[0.488s] INFO:colcon.colcon_core.shell:Creating environment hook '/home/newman/vrx_ws/src/mission_windwatch/install/share/aquabot_example/hook/ld_library_path_lib.ps1'
[0.488s] INFO:colcon.colcon_core.shell:Creating environment descriptor '/home/newman/vrx_ws/src/mission_windwatch/install/share/aquabot_example/hook/ld_library_path_lib.dsv'
[0.489s] INFO:colcon.colcon_core.shell:Creating environment hook '/home/newman/vrx_ws/src/mission_windwatch/install/share/aquabot_example/hook/ld_library_path_lib.sh'
[0.489s] Level 1:colcon.colcon_core.environment:checking '/home/newman/vrx_ws/src/mission_windwatch/install/bin'
[0.489s] Level 1:colcon.colcon_core.environment:checking '/home/newman/vrx_ws/src/mission_windwatch/install/lib/pkgconfig/aquabot_example.pc'
[0.491s] Level 1:colcon.colcon_core.environment:checking '/home/newman/vrx_ws/src/mission_windwatch/install/lib/python3.10/site-packages'
[0.492s] Level 1:colcon.colcon_core.environment:checking '/home/newman/vrx_ws/src/mission_windwatch/install/bin'
[0.492s] INFO:colcon.colcon_core.shell:Creating package script '/home/newman/vrx_ws/src/mission_windwatch/install/share/aquabot_example/package.ps1'
[0.493s] INFO:colcon.colcon_core.shell:Creating package descriptor '/home/newman/vrx_ws/src/mission_windwatch/install/share/aquabot_example/package.dsv'
[0.493s] INFO:colcon.colcon_core.shell:Creating package script '/home/newman/vrx_ws/src/mission_windwatch/install/share/aquabot_example/package.sh'
[0.494s] INFO:colcon.colcon_core.shell:Creating package script '/home/newman/vrx_ws/src/mission_windwatch/install/share/aquabot_example/package.bash'
[0.500s] INFO:colcon.colcon_core.shell:Creating package script '/home/newman/vrx_ws/src/mission_windwatch/install/share/aquabot_example/package.zsh'
[0.500s] Level 1:colcon.colcon_core.environment:create_file_with_runtime_dependencies(/home/newman/vrx_ws/src/mission_windwatch/install/share/colcon-core/packages/aquabot_example)
[0.510s] DEBUG:colcon.colcon_core.event_handler.log_command:Invoking command in '/home/newman/vrx_ws/src/mission_windwatch/build/vrx_ros': CMAKE_PREFIX_PATH=${CMAKE_PREFIX_PATH}:/opt/ros/humble /usr/bin/cmake --install /home/newman/vrx_ws/src/mission_windwatch/build/vrx_ros
[0.515s] Level 1:colcon.colcon_core.environment:create_environment_scripts_only(my_team_package)
[0.516s] Level 1:colcon.colcon_core.environment:checking '/home/newman/vrx_ws/src/mission_windwatch/install' for CMake module files
[0.517s] Level 1:colcon.colcon_core.environment:checking '/home/newman/vrx_ws/src/mission_windwatch/install' for CMake config files
[0.517s] DEBUG:colcon.colcon_core.event_handler.log_command:Invoked command in '/home/newman/vrx_ws/src/mission_windwatch/build/my_team_package' returned '0': CMAKE_PREFIX_PATH=${CMAKE_PREFIX_PATH}:/opt/ros/humble /usr/bin/cmake --install /home/newman/vrx_ws/src/mission_windwatch/build/my_team_package
[0.518s] Level 1:colcon.colcon_core.shell:create_environment_hook('my_team_package', 'cmake_prefix_path')
[0.518s] INFO:colcon.colcon_core.shell:Creating environment hook '/home/newman/vrx_ws/src/mission_windwatch/install/share/my_team_package/hook/cmake_prefix_path.ps1'
[0.518s] INFO:colcon.colcon_core.shell:Creating environment descriptor '/home/newman/vrx_ws/src/mission_windwatch/install/share/my_team_package/hook/cmake_prefix_path.dsv'
[0.519s] INFO:colcon.colcon_core.shell:Creating environment hook '/home/newman/vrx_ws/src/mission_windwatch/install/share/my_team_package/hook/cmake_prefix_path.sh'
[0.519s] Level 1:colcon.colcon_core.environment:checking '/home/newman/vrx_ws/src/mission_windwatch/install/lib'
[0.519s] Level 1:colcon.colcon_core.shell:create_environment_hook('my_team_package', 'ld_library_path_lib')
[0.519s] INFO:colcon.colcon_core.shell:Creating environment hook '/home/newman/vrx_ws/src/mission_windwatch/install/share/my_team_package/hook/ld_library_path_lib.ps1'
[0.520s] INFO:colcon.colcon_core.shell:Creating environment descriptor '/home/newman/vrx_ws/src/mission_windwatch/install/share/my_team_package/hook/ld_library_path_lib.dsv'
[0.520s] INFO:colcon.colcon_core.shell:Creating environment hook '/home/newman/vrx_ws/src/mission_windwatch/install/share/my_team_package/hook/ld_library_path_lib.sh'
[0.520s] Level 1:colcon.colcon_core.environment:checking '/home/newman/vrx_ws/src/mission_windwatch/install/bin'
[0.520s] Level 1:colcon.colcon_core.environment:checking '/home/newman/vrx_ws/src/mission_windwatch/install/lib/pkgconfig/my_team_package.pc'
[0.524s] Level 1:colcon.colcon_core.environment:checking '/home/newman/vrx_ws/src/mission_windwatch/install/lib/python3.10/site-packages'
[0.524s] Level 1:colcon.colcon_core.environment:checking '/home/newman/vrx_ws/src/mission_windwatch/install/bin'
[0.524s] INFO:colcon.colcon_core.shell:Creating package script '/home/newman/vrx_ws/src/mission_windwatch/install/share/my_team_package/package.ps1'
[0.525s] INFO:colcon.colcon_core.shell:Creating package descriptor '/home/newman/vrx_ws/src/mission_windwatch/install/share/my_team_package/package.dsv'
[0.525s] INFO:colcon.colcon_core.shell:Creating package script '/home/newman/vrx_ws/src/mission_windwatch/install/share/my_team_package/package.sh'
[0.526s] INFO:colcon.colcon_core.shell:Creating package script '/home/newman/vrx_ws/src/mission_windwatch/install/share/my_team_package/package.bash'
[0.530s] INFO:colcon.colcon_core.shell:Creating package script '/home/newman/vrx_ws/src/mission_windwatch/install/share/my_team_package/package.zsh'
[0.531s] Level 1:colcon.colcon_core.environment:create_file_with_runtime_dependencies(/home/newman/vrx_ws/src/mission_windwatch/install/share/colcon-core/packages/my_team_package)
[0.537s] Level 1:colcon.colcon_core.environment:create_environment_scripts_only(vrx_ros)
[0.537s] Level 1:colcon.colcon_core.environment:checking '/home/newman/vrx_ws/src/mission_windwatch/install' for CMake module files
[0.537s] Level 1:colcon.colcon_core.environment:checking '/home/newman/vrx_ws/src/mission_windwatch/install' for CMake config files
[0.537s] Level 1:colcon.colcon_core.shell:create_environment_hook('vrx_ros', 'cmake_prefix_path')
[0.537s] INFO:colcon.colcon_core.shell:Creating environment hook '/home/newman/vrx_ws/src/mission_windwatch/install/share/vrx_ros/hook/cmake_prefix_path.ps1'
[0.542s] INFO:colcon.colcon_core.shell:Creating environment descriptor '/home/newman/vrx_ws/src/mission_windwatch/install/share/vrx_ros/hook/cmake_prefix_path.dsv'
[0.542s] INFO:colcon.colcon_core.shell:Creating environment hook '/home/newman/vrx_ws/src/mission_windwatch/install/share/vrx_ros/hook/cmake_prefix_path.sh'
[0.543s] Level 1:colcon.colcon_core.environment:checking '/home/newman/vrx_ws/src/mission_windwatch/install/lib'
[0.543s] Level 1:colcon.colcon_core.shell:create_environment_hook('vrx_ros', 'ld_library_path_lib')
[0.543s] INFO:colcon.colcon_core.shell:Creating environment hook '/home/newman/vrx_ws/src/mission_windwatch/install/share/vrx_ros/hook/ld_library_path_lib.ps1'
[0.543s] INFO:colcon.colcon_core.shell:Creating environment descriptor '/home/newman/vrx_ws/src/mission_windwatch/install/share/vrx_ros/hook/ld_library_path_lib.dsv'
[0.544s] DEBUG:colcon.colcon_core.event_handler.log_command:Invoked command in '/home/newman/vrx_ws/src/mission_windwatch/build/vrx_ros' returned '0': CMAKE_PREFIX_PATH=${CMAKE_PREFIX_PATH}:/opt/ros/humble /usr/bin/cmake --install /home/newman/vrx_ws/src/mission_windwatch/build/vrx_ros
[0.544s] INFO:colcon.colcon_core.shell:Creating environment hook '/home/newman/vrx_ws/src/mission_windwatch/install/share/vrx_ros/hook/ld_library_path_lib.sh'
[0.544s] Level 1:colcon.colcon_core.environment:checking '/home/newman/vrx_ws/src/mission_windwatch/install/bin'
[0.544s] Level 1:colcon.colcon_core.environment:checking '/home/newman/vrx_ws/src/mission_windwatch/install/lib/pkgconfig/vrx_ros.pc'
[0.545s] Level 1:colcon.colcon_core.environment:checking '/home/newman/vrx_ws/src/mission_windwatch/install/lib/python3.10/site-packages'
[0.545s] Level 1:colcon.colcon_core.environment:checking '/home/newman/vrx_ws/src/mission_windwatch/install/bin'
[0.545s] INFO:colcon.colcon_core.shell:Creating package script '/home/newman/vrx_ws/src/mission_windwatch/install/share/vrx_ros/package.ps1'
[0.545s] INFO:colcon.colcon_core.shell:Creating package descriptor '/home/newman/vrx_ws/src/mission_windwatch/install/share/vrx_ros/package.dsv'
[0.546s] INFO:colcon.colcon_core.shell:Creating package script '/home/newman/vrx_ws/src/mission_windwatch/install/share/vrx_ros/package.sh'
[0.550s] INFO:colcon.colcon_core.shell:Creating package script '/home/newman/vrx_ws/src/mission_windwatch/install/share/vrx_ros/package.bash'
[0.550s] INFO:colcon.colcon_core.shell:Creating package script '/home/newman/vrx_ws/src/mission_windwatch/install/share/vrx_ros/package.zsh'
[0.551s] Level 1:colcon.colcon_core.environment:create_file_with_runtime_dependencies(/home/newman/vrx_ws/src/mission_windwatch/install/share/colcon-core/packages/vrx_ros)
[0.555s] Level 1:colcon.colcon_core.environment:create_environment_scripts_only(aquabot_example)
[0.555s] Level 1:colcon.colcon_core.environment:checking '/home/newman/vrx_ws/src/mission_windwatch/install' for CMake module files
[0.556s] Level 1:colcon.colcon_core.environment:checking '/home/newman/vrx_ws/src/mission_windwatch/install' for CMake config files
[0.556s] Level 1:colcon.colcon_core.shell:create_environment_hook('aquabot_example', 'cmake_prefix_path')
[0.556s] INFO:colcon.colcon_core.shell:Creating environment hook '/home/newman/vrx_ws/src/mission_windwatch/install/share/aquabot_example/hook/cmake_prefix_path.ps1'
[0.556s] INFO:colcon.colcon_core.shell:Creating environment descriptor '/home/newman/vrx_ws/src/mission_windwatch/install/share/aquabot_example/hook/cmake_prefix_path.dsv'
[0.557s] INFO:colcon.colcon_core.shell:Creating environment hook '/home/newman/vrx_ws/src/mission_windwatch/install/share/aquabot_example/hook/cmake_prefix_path.sh'
[0.557s] Level 1:colcon.colcon_core.environment:checking '/home/newman/vrx_ws/src/mission_windwatch/install/lib'
[0.557s] Level 1:colcon.colcon_core.shell:create_environment_hook('aquabot_example', 'ld_library_path_lib')
[0.557s] INFO:colcon.colcon_core.shell:Creating environment hook '/home/newman/vrx_ws/src/mission_windwatch/install/share/aquabot_example/hook/ld_library_path_lib.ps1'
[0.558s] INFO:colcon.colcon_core.shell:Creating environment descriptor '/home/newman/vrx_ws/src/mission_windwatch/install/share/aquabot_example/hook/ld_library_path_lib.dsv'
[0.558s] INFO:colcon.colcon_core.shell:Creating environment hook '/home/newman/vrx_ws/src/mission_windwatch/install/share/aquabot_example/hook/ld_library_path_lib.sh'
[0.562s] Level 1:colcon.colcon_core.environment:checking '/home/newman/vrx_ws/src/mission_windwatch/install/bin'
[0.562s] Level 1:colcon.colcon_core.environment:checking '/home/newman/vrx_ws/src/mission_windwatch/install/lib/pkgconfig/aquabot_example.pc'
[0.562s] Level 1:colcon.colcon_core.environment:checking '/home/newman/vrx_ws/src/mission_windwatch/install/lib/python3.10/site-packages'
[0.563s] Level 1:colcon.colcon_core.environment:checking '/home/newman/vrx_ws/src/mission_windwatch/install/bin'
[0.563s] INFO:colcon.colcon_core.shell:Creating package script '/home/newman/vrx_ws/src/mission_windwatch/install/share/aquabot_example/package.ps1'
[0.564s] INFO:colcon.colcon_core.shell:Creating package descriptor '/home/newman/vrx_ws/src/mission_windwatch/install/share/aquabot_example/package.dsv'
[0.564s] INFO:colcon.colcon_core.shell:Creating package script '/home/newman/vrx_ws/src/mission_windwatch/install/share/aquabot_example/package.sh'
[0.565s] INFO:colcon.colcon_core.shell:Creating package script '/home/newman/vrx_ws/src/mission_windwatch/install/share/aquabot_example/package.bash'
[0.570s] INFO:colcon.colcon_core.shell:Creating package script '/home/newman/vrx_ws/src/mission_windwatch/install/share/aquabot_example/package.zsh'
[0.571s] Level 1:colcon.colcon_core.environment:create_file_with_runtime_dependencies(/home/newman/vrx_ws/src/mission_windwatch/install/share/colcon-core/packages/aquabot_example)
[0.574s] INFO:colcon.colcon_ros.task.ament_cmake.build:Building ROS package in '/home/newman/vrx_ws/src/mission_windwatch/src/sensors' with build type 'ament_cmake'
[0.574s] INFO:colcon.colcon_cmake.task.cmake.build:Building CMake package in '/home/newman/vrx_ws/src/mission_windwatch/src/sensors'
[0.574s] INFO:colcon.colcon_core.shell:Skip shell extension 'powershell' for command environment: Not usable outside of PowerShell
[0.574s] DEBUG:colcon.colcon_core.shell:Skip shell extension 'dsv' for command environment
[0.586s] Level 1:colcon.colcon_core.environment:create_environment_scripts_only(my_team_package)
[0.586s] Level 1:colcon.colcon_core.environment:checking '/home/newman/vrx_ws/src/mission_windwatch/install' for CMake module files
[0.586s] Level 1:colcon.colcon_core.environment:checking '/home/newman/vrx_ws/src/mission_windwatch/install' for CMake config files
[0.586s] Level 1:colcon.colcon_core.shell:create_environment_hook('my_team_package', 'cmake_prefix_path')
[0.587s] INFO:colcon.colcon_core.shell:Creating environment hook '/home/newman/vrx_ws/src/mission_windwatch/install/share/my_team_package/hook/cmake_prefix_path.ps1'
[0.587s] INFO:colcon.colcon_core.shell:Creating environment descriptor '/home/newman/vrx_ws/src/mission_windwatch/install/share/my_team_package/hook/cmake_prefix_path.dsv'
[0.587s] INFO:colcon.colcon_core.shell:Creating environment hook '/home/newman/vrx_ws/src/mission_windwatch/install/share/my_team_package/hook/cmake_prefix_path.sh'
[0.588s] Level 1:colcon.colcon_core.environment:checking '/home/newman/vrx_ws/src/mission_windwatch/install/lib'
[0.588s] Level 1:colcon.colcon_core.shell:create_environment_hook('my_team_package', 'ld_library_path_lib')
[0.588s] INFO:colcon.colcon_core.shell:Creating environment hook '/home/newman/vrx_ws/src/mission_windwatch/install/share/my_team_package/hook/ld_library_path_lib.ps1'
[0.589s] INFO:colcon.colcon_core.shell:Creating environment descriptor '/home/newman/vrx_ws/src/mission_windwatch/install/share/my_team_package/hook/ld_library_path_lib.dsv'
[0.589s] INFO:colcon.colcon_core.shell:Creating environment hook '/home/newman/vrx_ws/src/mission_windwatch/install/share/my_team_package/hook/ld_library_path_lib.sh'
[0.589s] Level 1:colcon.colcon_core.environment:checking '/home/newman/vrx_ws/src/mission_windwatch/install/bin'
[0.589s] Level 1:colcon.colcon_core.environment:checking '/home/newman/vrx_ws/src/mission_windwatch/install/lib/pkgconfig/my_team_package.pc'
[0.589s] Level 1:colcon.colcon_core.environment:checking '/home/newman/vrx_ws/src/mission_windwatch/install/lib/python3.10/site-packages'
[0.591s] Level 1:colcon.colcon_core.environment:checking '/home/newman/vrx_ws/src/mission_windwatch/install/bin'
[0.591s] INFO:colcon.colcon_core.shell:Creating package script '/home/newman/vrx_ws/src/mission_windwatch/install/share/my_team_package/package.ps1'
[0.592s] INFO:colcon.colcon_core.shell:Creating package descriptor '/home/newman/vrx_ws/src/mission_windwatch/install/share/my_team_package/package.dsv'
[0.594s] INFO:colcon.colcon_core.shell:Creating package script '/home/newman/vrx_ws/src/mission_windwatch/install/share/my_team_package/package.sh'
[0.594s] INFO:colcon.colcon_core.shell:Creating package script '/home/newman/vrx_ws/src/mission_windwatch/install/share/my_team_package/package.bash'
[0.595s] INFO:colcon.colcon_core.shell:Creating package script '/home/newman/vrx_ws/src/mission_windwatch/install/share/my_team_package/package.zsh'
[0.599s] Level 1:colcon.colcon_core.environment:create_file_with_runtime_dependencies(/home/newman/vrx_ws/src/mission_windwatch/install/share/colcon-core/packages/my_team_package)
[0.600s] INFO:colcon.colcon_ros.task.ament_cmake.build:Building ROS package in '/home/newman/vrx_ws/src/mission_windwatch/src/visualization' with build type 'ament_cmake'
[0.600s] INFO:colcon.colcon_cmake.task.cmake.build:Building CMake package in '/home/newman/vrx_ws/src/mission_windwatch/src/visualization'
[0.600s] INFO:colcon.colcon_core.shell:Skip shell extension 'powershell' for command environment: Not usable outside of PowerShell
[0.600s] DEBUG:colcon.colcon_core.shell:Skip shell extension 'dsv' for command environment
[0.617s] Level 1:colcon.colcon_core.environment:create_environment_scripts_only(vrx_ros)
[0.618s] Level 1:colcon.colcon_core.environment:checking '/home/newman/vrx_ws/src/mission_windwatch/install' for CMake module files
[0.618s] Level 1:colcon.colcon_core.environment:checking '/home/newman/vrx_ws/src/mission_windwatch/install' for CMake config files
[0.619s] DEBUG:colcon.colcon_core.event_handler.log_command:Invoking command in '/home/newman/vrx_ws/src/mission_windwatch/build/sensors': CMAKE_PREFIX_PATH=${CMAKE_PREFIX_PATH}:/opt/ros/humble /usr/bin/cmake --build /home/newman/vrx_ws/src/mission_windwatch/build/sensors -- -j9 -l9
[0.619s] Level 1:colcon.colcon_core.shell:create_environment_hook('vrx_ros', 'cmake_prefix_path')
[0.619s] INFO:colcon.colcon_core.shell:Creating environment hook '/home/newman/vrx_ws/src/mission_windwatch/install/share/vrx_ros/hook/cmake_prefix_path.ps1'
[0.619s] INFO:colcon.colcon_core.shell:Creating environment descriptor '/home/newman/vrx_ws/src/mission_windwatch/install/share/vrx_ros/hook/cmake_prefix_path.dsv'
[0.620s] INFO:colcon.colcon_core.shell:Creating environment hook '/home/newman/vrx_ws/src/mission_windwatch/install/share/vrx_ros/hook/cmake_prefix_path.sh'
[0.620s] Level 1:colcon.colcon_core.environment:checking '/home/newman/vrx_ws/src/mission_windwatch/install/lib'
[0.620s] Level 1:colcon.colcon_core.shell:create_environment_hook('vrx_ros', 'ld_library_path_lib')
[0.621s] INFO:colcon.colcon_core.shell:Creating environment hook '/home/newman/vrx_ws/src/mission_windwatch/install/share/vrx_ros/hook/ld_library_path_lib.ps1'
[0.621s] INFO:colcon.colcon_core.shell:Creating environment descriptor '/home/newman/vrx_ws/src/mission_windwatch/install/share/vrx_ros/hook/ld_library_path_lib.dsv'
[0.621s] INFO:colcon.colcon_core.shell:Creating environment hook '/home/newman/vrx_ws/src/mission_windwatch/install/share/vrx_ros/hook/ld_library_path_lib.sh'
[0.622s] Level 1:colcon.colcon_core.environment:checking '/home/newman/vrx_ws/src/mission_windwatch/install/bin'
[0.622s] Level 1:colcon.colcon_core.environment:checking '/home/newman/vrx_ws/src/mission_windwatch/install/lib/pkgconfig/vrx_ros.pc'
[0.622s] Level 1:colcon.colcon_core.environment:checking '/home/newman/vrx_ws/src/mission_windwatch/install/lib/python3.10/site-packages'
[0.622s] Level 1:colcon.colcon_core.environment:checking '/home/newman/vrx_ws/src/mission_windwatch/install/bin'
[0.622s] INFO:colcon.colcon_core.shell:Creating package script '/home/newman/vrx_ws/src/mission_windwatch/install/share/vrx_ros/package.ps1'
[0.627s] INFO:colcon.colcon_core.shell:Creating package descriptor '/home/newman/vrx_ws/src/mission_windwatch/install/share/vrx_ros/package.dsv'
[0.628s] INFO:colcon.colcon_core.shell:Creating package script '/home/newman/vrx_ws/src/mission_windwatch/install/share/vrx_ros/package.sh'
[0.628s] INFO:colcon.colcon_core.shell:Creating package script '/home/newman/vrx_ws/src/mission_windwatch/install/share/vrx_ros/package.bash'
[0.629s] INFO:colcon.colcon_core.shell:Creating package script '/home/newman/vrx_ws/src/mission_windwatch/install/share/vrx_ros/package.zsh'
[0.629s] Level 1:colcon.colcon_core.environment:create_file_with_runtime_dependencies(/home/newman/vrx_ws/src/mission_windwatch/install/share/colcon-core/packages/vrx_ros)
[0.632s] INFO:colcon.colcon_ros.task.ament_cmake.build:Building ROS package in '/home/newman/vrx_ws/src/mission_windwatch/src/vrx/vrx_gz' with build type 'ament_cmake'
[0.632s] INFO:colcon.colcon_cmake.task.cmake.build:Building CMake package in '/home/newman/vrx_ws/src/mission_windwatch/src/vrx/vrx_gz'
[0.632s] INFO:colcon.colcon_core.shell:Skip shell extension 'powershell' for command environment: Not usable outside of PowerShell
[0.632s] DEBUG:colcon.colcon_core.shell:Skip shell extension 'dsv' for command environment
[0.652s] DEBUG:colcon.colcon_core.event_handler.log_command:Invoking command in '/home/newman/vrx_ws/src/mission_windwatch/build/visualization': CMAKE_PREFIX_PATH=${CMAKE_PREFIX_PATH}:/opt/ros/humble /usr/bin/cmake --build /home/newman/vrx_ws/src/mission_windwatch/build/visualization -- -j9 -l9
[0.659s] DEBUG:colcon.colcon_core.event_handler.log_command:Invoking command in '/home/newman/vrx_ws/src/mission_windwatch/build/vrx_gz': CMAKE_PREFIX_PATH=${CMAKE_PREFIX_PATH}:/opt/ros/humble /usr/bin/cmake --build /home/newman/vrx_ws/src/mission_windwatch/build/vrx_gz -- -j9 -l9
[0.700s] DEBUG:colcon.colcon_core.event_handler.log_command:Invoked command in '/home/newman/vrx_ws/src/mission_windwatch/build/aquabot_python' returned '0': CMAKE_PREFIX_PATH=${CMAKE_PREFIX_PATH}:/opt/ros/humble /usr/bin/cmake --build /home/newman/vrx_ws/src/mission_windwatch/build/aquabot_python -- -j9 -l9
[0.768s] DEBUG:colcon.colcon_core.event_handler.log_command:Invoking command in '/home/newman/vrx_ws/src/mission_windwatch/build/aquabot_python': CMAKE_PREFIX_PATH=${CMAKE_PREFIX_PATH}:/opt/ros/humble /usr/bin/cmake --install /home/newman/vrx_ws/src/mission_windwatch/build/aquabot_python
[0.825s] DEBUG:colcon.colcon_core.event_handler.log_command:Invoked command in '/home/newman/vrx_ws/src/mission_windwatch/build/vrx_gazebo' returned '0': CMAKE_PREFIX_PATH=${CMAKE_PREFIX_PATH}:/opt/ros/humble /usr/bin/cmake --build /home/newman/vrx_ws/src/mission_windwatch/build/vrx_gazebo -- -j9 -l9
[0.845s] DEBUG:colcon.colcon_core.event_handler.log_command:Invoked command in '/home/newman/vrx_ws/src/mission_windwatch/build/opencv_example' returned '0': CMAKE_PREFIX_PATH=${CMAKE_PREFIX_PATH}:/opt/ros/humble /usr/bin/cmake --build /home/newman/vrx_ws/src/mission_windwatch/build/opencv_example -- -j9 -l9
[0.917s] DEBUG:colcon.colcon_core.event_handler.log_command:Invoking command in '/home/newman/vrx_ws/src/mission_windwatch/build/vrx_gazebo': CMAKE_PREFIX_PATH=${CMAKE_PREFIX_PATH}:/opt/ros/humble /usr/bin/cmake --install /home/newman/vrx_ws/src/mission_windwatch/build/vrx_gazebo
[0.922s] Level 1:colcon.colcon_core.environment:create_environment_scripts_only(aquabot_python)
[0.922s] Level 1:colcon.colcon_core.environment:checking '/home/newman/vrx_ws/src/mission_windwatch/install' for CMake module files
[0.923s] Level 1:colcon.colcon_core.environment:checking '/home/newman/vrx_ws/src/mission_windwatch/install' for CMake config files
[0.923s] Level 1:colcon.colcon_core.shell:create_environment_hook('aquabot_python', 'cmake_prefix_path')
[0.923s] INFO:colcon.colcon_core.shell:Creating environment hook '/home/newman/vrx_ws/src/mission_windwatch/install/share/aquabot_python/hook/cmake_prefix_path.ps1'
[0.924s] INFO:colcon.colcon_core.shell:Creating environment descriptor '/home/newman/vrx_ws/src/mission_windwatch/install/share/aquabot_python/hook/cmake_prefix_path.dsv'
[0.925s] INFO:colcon.colcon_core.shell:Creating environment hook '/home/newman/vrx_ws/src/mission_windwatch/install/share/aquabot_python/hook/cmake_prefix_path.sh'
[0.930s] DEBUG:colcon.colcon_core.event_handler.log_command:Invoked command in '/home/newman/vrx_ws/src/mission_windwatch/build/aquabot_python' returned '0': CMAKE_PREFIX_PATH=${CMAKE_PREFIX_PATH}:/opt/ros/humble /usr/bin/cmake --install /home/newman/vrx_ws/src/mission_windwatch/build/aquabot_python
[0.932s] Level 1:colcon.colcon_core.environment:checking '/home/newman/vrx_ws/src/mission_windwatch/install/lib'
[0.932s] Level 1:colcon.colcon_core.shell:create_environment_hook('aquabot_python', 'ld_library_path_lib')
[0.932s] INFO:colcon.colcon_core.shell:Creating environment hook '/home/newman/vrx_ws/src/mission_windwatch/install/share/aquabot_python/hook/ld_library_path_lib.ps1'
[0.933s] INFO:colcon.colcon_core.shell:Creating environment descriptor '/home/newman/vrx_ws/src/mission_windwatch/install/share/aquabot_python/hook/ld_library_path_lib.dsv'
[0.933s] INFO:colcon.colcon_core.shell:Creating environment hook '/home/newman/vrx_ws/src/mission_windwatch/install/share/aquabot_python/hook/ld_library_path_lib.sh'
[0.934s] Level 1:colcon.colcon_core.environment:checking '/home/newman/vrx_ws/src/mission_windwatch/install/bin'
[0.934s] Level 1:colcon.colcon_core.environment:checking '/home/newman/vrx_ws/src/mission_windwatch/install/lib/pkgconfig/aquabot_python.pc'
[0.934s] Level 1:colcon.colcon_core.environment:checking '/home/newman/vrx_ws/src/mission_windwatch/install/lib/python3.10/site-packages'
[0.934s] Level 1:colcon.colcon_core.environment:checking '/home/newman/vrx_ws/src/mission_windwatch/install/bin'
[0.934s] INFO:colcon.colcon_core.shell:Creating package script '/home/newman/vrx_ws/src/mission_windwatch/install/share/aquabot_python/package.ps1'
[0.935s] INFO:colcon.colcon_core.shell:Creating package descriptor '/home/newman/vrx_ws/src/mission_windwatch/install/share/aquabot_python/package.dsv'
[0.963s] INFO:colcon.colcon_core.shell:Creating package script '/home/newman/vrx_ws/src/mission_windwatch/install/share/aquabot_python/package.sh'
[0.967s] INFO:colcon.colcon_core.shell:Creating package script '/home/newman/vrx_ws/src/mission_windwatch/install/share/aquabot_python/package.bash'
[0.970s] INFO:colcon.colcon_core.shell:Creating package script '/home/newman/vrx_ws/src/mission_windwatch/install/share/aquabot_python/package.zsh'
[0.970s] Level 1:colcon.colcon_core.environment:create_file_with_runtime_dependencies(/home/newman/vrx_ws/src/mission_windwatch/install/share/colcon-core/packages/aquabot_python)
[0.977s] DEBUG:colcon.colcon_core.event_handler.log_command:Invoked command in '/home/newman/vrx_ws/src/mission_windwatch/build/package_example' returned '0': CMAKE_PREFIX_PATH=${CMAKE_PREFIX_PATH}:/opt/ros/humble /usr/bin/cmake --build /home/newman/vrx_ws/src/mission_windwatch/build/package_example -- -j9 -l9
[0.989s] DEBUG:colcon.colcon_core.event_handler.log_command:Invoking command in '/home/newman/vrx_ws/src/mission_windwatch/build/opencv_example': CMAKE_PREFIX_PATH=${CMAKE_PREFIX_PATH}:/opt/ros/humble /usr/bin/cmake --install /home/newman/vrx_ws/src/mission_windwatch/build/opencv_example
[1.066s] Level 1:colcon.colcon_core.environment:create_environment_scripts_only(aquabot_python)
[1.066s] Level 1:colcon.colcon_core.environment:checking '/home/newman/vrx_ws/src/mission_windwatch/install' for CMake module files
[1.073s] Level 1:colcon.colcon_core.environment:checking '/home/newman/vrx_ws/src/mission_windwatch/install' for CMake config files
[1.073s] Level 1:colcon.colcon_core.shell:create_environment_hook('aquabot_python', 'cmake_prefix_path')
[1.074s] INFO:colcon.colcon_core.shell:Creating environment hook '/home/newman/vrx_ws/src/mission_windwatch/install/share/aquabot_python/hook/cmake_prefix_path.ps1'
[1.074s] INFO:colcon.colcon_core.shell:Creating environment descriptor '/home/newman/vrx_ws/src/mission_windwatch/install/share/aquabot_python/hook/cmake_prefix_path.dsv'
[1.074s] INFO:colcon.colcon_core.shell:Creating environment hook '/home/newman/vrx_ws/src/mission_windwatch/install/share/aquabot_python/hook/cmake_prefix_path.sh'
[1.075s] Level 1:colcon.colcon_core.environment:checking '/home/newman/vrx_ws/src/mission_windwatch/install/lib'
[1.075s] Level 1:colcon.colcon_core.shell:create_environment_hook('aquabot_python', 'ld_library_path_lib')
[1.075s] INFO:colcon.colcon_core.shell:Creating environment hook '/home/newman/vrx_ws/src/mission_windwatch/install/share/aquabot_python/hook/ld_library_path_lib.ps1'
[1.075s] INFO:colcon.colcon_core.shell:Creating environment descriptor '/home/newman/vrx_ws/src/mission_windwatch/install/share/aquabot_python/hook/ld_library_path_lib.dsv'
[1.076s] INFO:colcon.colcon_core.shell:Creating environment hook '/home/newman/vrx_ws/src/mission_windwatch/install/share/aquabot_python/hook/ld_library_path_lib.sh'
[1.076s] Level 1:colcon.colcon_core.environment:checking '/home/newman/vrx_ws/src/mission_windwatch/install/bin'
[1.076s] Level 1:colcon.colcon_core.environment:checking '/home/newman/vrx_ws/src/mission_windwatch/install/lib/pkgconfig/aquabot_python.pc'
[1.076s] Level 1:colcon.colcon_core.environment:checking '/home/newman/vrx_ws/src/mission_windwatch/install/lib/python3.10/site-packages'
[1.076s] Level 1:colcon.colcon_core.environment:checking '/home/newman/vrx_ws/src/mission_windwatch/install/bin'
[1.082s] INFO:colcon.colcon_core.shell:Creating package script '/home/newman/vrx_ws/src/mission_windwatch/install/share/aquabot_python/package.ps1'
[1.083s] INFO:colcon.colcon_core.shell:Creating package descriptor '/home/newman/vrx_ws/src/mission_windwatch/install/share/aquabot_python/package.dsv'
[1.083s] INFO:colcon.colcon_core.shell:Creating package script '/home/newman/vrx_ws/src/mission_windwatch/install/share/aquabot_python/package.sh'
[1.084s] INFO:colcon.colcon_core.shell:Creating package script '/home/newman/vrx_ws/src/mission_windwatch/install/share/aquabot_python/package.bash'
[1.084s] INFO:colcon.colcon_core.shell:Creating package script '/home/newman/vrx_ws/src/mission_windwatch/install/share/aquabot_python/package.zsh'
[1.085s] Level 1:colcon.colcon_core.environment:create_file_with_runtime_dependencies(/home/newman/vrx_ws/src/mission_windwatch/install/share/colcon-core/packages/aquabot_python)
[1.088s] Level 1:colcon.colcon_core.environment:create_environment_scripts_only(vrx_gazebo)
[1.088s] Level 1:colcon.colcon_core.environment:checking '/home/newman/vrx_ws/src/mission_windwatch/install' for CMake module files
[1.089s] DEBUG:colcon.colcon_core.event_handler.log_command:Invoked command in '/home/newman/vrx_ws/src/mission_windwatch/build/vrx_gazebo' returned '0': CMAKE_PREFIX_PATH=${CMAKE_PREFIX_PATH}:/opt/ros/humble /usr/bin/cmake --install /home/newman/vrx_ws/src/mission_windwatch/build/vrx_gazebo
[1.101s] Level 1:colcon.colcon_core.environment:checking '/home/newman/vrx_ws/src/mission_windwatch/install' for CMake config files
[1.101s] Level 1:colcon.colcon_core.shell:create_environment_hook('vrx_gazebo', 'cmake_prefix_path')
[1.101s] INFO:colcon.colcon_core.shell:Creating environment hook '/home/newman/vrx_ws/src/mission_windwatch/install/share/vrx_gazebo/hook/cmake_prefix_path.ps1'
[1.102s] INFO:colcon.colcon_core.shell:Creating environment descriptor '/home/newman/vrx_ws/src/mission_windwatch/install/share/vrx_gazebo/hook/cmake_prefix_path.dsv'
[1.104s] INFO:colcon.colcon_core.shell:Creating environment hook '/home/newman/vrx_ws/src/mission_windwatch/install/share/vrx_gazebo/hook/cmake_prefix_path.sh'
[1.104s] Level 1:colcon.colcon_core.environment:checking '/home/newman/vrx_ws/src/mission_windwatch/install/lib'
[1.104s] Level 1:colcon.colcon_core.shell:create_environment_hook('vrx_gazebo', 'ld_library_path_lib')
[1.104s] INFO:colcon.colcon_core.shell:Creating environment hook '/home/newman/vrx_ws/src/mission_windwatch/install/share/vrx_gazebo/hook/ld_library_path_lib.ps1'
[1.105s] INFO:colcon.colcon_core.shell:Creating environment descriptor '/home/newman/vrx_ws/src/mission_windwatch/install/share/vrx_gazebo/hook/ld_library_path_lib.dsv'
[1.112s] INFO:colcon.colcon_core.shell:Creating environment hook '/home/newman/vrx_ws/src/mission_windwatch/install/share/vrx_gazebo/hook/ld_library_path_lib.sh'
[1.114s] Level 1:colcon.colcon_core.environment:checking '/home/newman/vrx_ws/src/mission_windwatch/install/bin'
[1.114s] Level 1:colcon.colcon_core.environment:checking '/home/newman/vrx_ws/src/mission_windwatch/install/lib/pkgconfig/vrx_gazebo.pc'
[1.115s] Level 1:colcon.colcon_core.environment:checking '/home/newman/vrx_ws/src/mission_windwatch/install/lib/python3.10/site-packages'
[1.115s] Level 1:colcon.colcon_core.environment:checking '/home/newman/vrx_ws/src/mission_windwatch/install/bin'
[1.115s] INFO:colcon.colcon_core.shell:Creating package script '/home/newman/vrx_ws/src/mission_windwatch/install/share/vrx_gazebo/package.ps1'
[1.115s] INFO:colcon.colcon_core.shell:Creating package descriptor '/home/newman/vrx_ws/src/mission_windwatch/install/share/vrx_gazebo/package.dsv'
[1.116s] INFO:colcon.colcon_core.shell:Creating package script '/home/newman/vrx_ws/src/mission_windwatch/install/share/vrx_gazebo/package.sh'
[1.116s] INFO:colcon.colcon_core.shell:Creating package script '/home/newman/vrx_ws/src/mission_windwatch/install/share/vrx_gazebo/package.bash'
[1.117s] INFO:colcon.colcon_core.shell:Creating package script '/home/newman/vrx_ws/src/mission_windwatch/install/share/vrx_gazebo/package.zsh'
[1.117s] Level 1:colcon.colcon_core.environment:create_file_with_runtime_dependencies(/home/newman/vrx_ws/src/mission_windwatch/install/share/colcon-core/packages/vrx_gazebo)
[1.144s] DEBUG:colcon.colcon_core.event_handler.log_command:Invoking command in '/home/newman/vrx_ws/src/mission_windwatch/build/package_example': CMAKE_PREFIX_PATH=${CMAKE_PREFIX_PATH}:/opt/ros/humble /usr/bin/cmake --install /home/newman/vrx_ws/src/mission_windwatch/build/package_example
[1.144s] Level 1:colcon.colcon_core.environment:create_environment_scripts_only(opencv_example)
[1.144s] Level 1:colcon.colcon_core.environment:checking '/home/newman/vrx_ws/src/mission_windwatch/install' for CMake module files
[1.145s] DEBUG:colcon.colcon_core.event_handler.log_command:Invoked command in '/home/newman/vrx_ws/src/mission_windwatch/build/opencv_example' returned '0': CMAKE_PREFIX_PATH=${CMAKE_PREFIX_PATH}:/opt/ros/humble /usr/bin/cmake --install /home/newman/vrx_ws/src/mission_windwatch/build/opencv_example
[1.145s] Level 1:colcon.colcon_core.environment:checking '/home/newman/vrx_ws/src/mission_windwatch/install' for CMake config files
[1.145s] Level 1:colcon.colcon_core.shell:create_environment_hook('opencv_example', 'cmake_prefix_path')
[1.145s] INFO:colcon.colcon_core.shell:Creating environment hook '/home/newman/vrx_ws/src/mission_windwatch/install/share/opencv_example/hook/cmake_prefix_path.ps1'
[1.146s] INFO:colcon.colcon_core.shell:Creating environment descriptor '/home/newman/vrx_ws/src/mission_windwatch/install/share/opencv_example/hook/cmake_prefix_path.dsv'
[1.146s] INFO:colcon.colcon_core.shell:Creating environment hook '/home/newman/vrx_ws/src/mission_windwatch/install/share/opencv_example/hook/cmake_prefix_path.sh'
[1.147s] Level 1:colcon.colcon_core.environment:checking '/home/newman/vrx_ws/src/mission_windwatch/install/lib'
[1.147s] Level 1:colcon.colcon_core.shell:create_environment_hook('opencv_example', 'ld_library_path_lib')
[1.147s] INFO:colcon.colcon_core.shell:Creating environment hook '/home/newman/vrx_ws/src/mission_windwatch/install/share/opencv_example/hook/ld_library_path_lib.ps1'
[1.147s] INFO:colcon.colcon_core.shell:Creating environment descriptor '/home/newman/vrx_ws/src/mission_windwatch/install/share/opencv_example/hook/ld_library_path_lib.dsv'
[1.147s] INFO:colcon.colcon_core.shell:Creating environment hook '/home/newman/vrx_ws/src/mission_windwatch/install/share/opencv_example/hook/ld_library_path_lib.sh'
[1.148s] Level 1:colcon.colcon_core.environment:checking '/home/newman/vrx_ws/src/mission_windwatch/install/bin'
[1.148s] Level 1:colcon.colcon_core.environment:checking '/home/newman/vrx_ws/src/mission_windwatch/install/lib/pkgconfig/opencv_example.pc'
[1.148s] Level 1:colcon.colcon_core.environment:checking '/home/newman/vrx_ws/src/mission_windwatch/install/lib/python3.10/site-packages'
[1.148s] Level 1:colcon.colcon_core.environment:checking '/home/newman/vrx_ws/src/mission_windwatch/install/bin'
[1.148s] INFO:colcon.colcon_core.shell:Creating package script '/home/newman/vrx_ws/src/mission_windwatch/install/share/opencv_example/package.ps1'
[1.149s] INFO:colcon.colcon_core.shell:Creating package descriptor '/home/newman/vrx_ws/src/mission_windwatch/install/share/opencv_example/package.dsv'
[1.149s] INFO:colcon.colcon_core.shell:Creating package script '/home/newman/vrx_ws/src/mission_windwatch/install/share/opencv_example/package.sh'
[1.161s] INFO:colcon.colcon_core.shell:Creating package script '/home/newman/vrx_ws/src/mission_windwatch/install/share/opencv_example/package.bash'
[1.161s] INFO:colcon.colcon_core.shell:Creating package script '/home/newman/vrx_ws/src/mission_windwatch/install/share/opencv_example/package.zsh'
[1.162s] Level 1:colcon.colcon_core.environment:create_file_with_runtime_dependencies(/home/newman/vrx_ws/src/mission_windwatch/install/share/colcon-core/packages/opencv_example)
[1.178s] Level 1:colcon.colcon_core.environment:create_environment_scripts_only(vrx_gazebo)
[1.179s] Level 1:colcon.colcon_core.environment:checking '/home/newman/vrx_ws/src/mission_windwatch/install' for CMake module files
[1.179s] Level 1:colcon.colcon_core.environment:checking '/home/newman/vrx_ws/src/mission_windwatch/install' for CMake config files
[1.179s] Level 1:colcon.colcon_core.shell:create_environment_hook('vrx_gazebo', 'cmake_prefix_path')
[1.179s] INFO:colcon.colcon_core.shell:Creating environment hook '/home/newman/vrx_ws/src/mission_windwatch/install/share/vrx_gazebo/hook/cmake_prefix_path.ps1'
[1.180s] INFO:colcon.colcon_core.shell:Creating environment descriptor '/home/newman/vrx_ws/src/mission_windwatch/install/share/vrx_gazebo/hook/cmake_prefix_path.dsv'
[1.180s] INFO:colcon.colcon_core.shell:Creating environment hook '/home/newman/vrx_ws/src/mission_windwatch/install/share/vrx_gazebo/hook/cmake_prefix_path.sh'
[1.181s] Level 1:colcon.colcon_core.environment:checking '/home/newman/vrx_ws/src/mission_windwatch/install/lib'
[1.181s] Level 1:colcon.colcon_core.shell:create_environment_hook('vrx_gazebo', 'ld_library_path_lib')
[1.181s] INFO:colcon.colcon_core.shell:Creating environment hook '/home/newman/vrx_ws/src/mission_windwatch/install/share/vrx_gazebo/hook/ld_library_path_lib.ps1'
[1.181s] INFO:colcon.colcon_core.shell:Creating environment descriptor '/home/newman/vrx_ws/src/mission_windwatch/install/share/vrx_gazebo/hook/ld_library_path_lib.dsv'
[1.192s] INFO:colcon.colcon_core.shell:Creating environment hook '/home/newman/vrx_ws/src/mission_windwatch/install/share/vrx_gazebo/hook/ld_library_path_lib.sh'
[1.192s] Level 1:colcon.colcon_core.environment:checking '/home/newman/vrx_ws/src/mission_windwatch/install/bin'
[1.192s] Level 1:colcon.colcon_core.environment:checking '/home/newman/vrx_ws/src/mission_windwatch/install/lib/pkgconfig/vrx_gazebo.pc'
[1.193s] Level 1:colcon.colcon_core.environment:checking '/home/newman/vrx_ws/src/mission_windwatch/install/lib/python3.10/site-packages'
[1.193s] Level 1:colcon.colcon_core.environment:checking '/home/newman/vrx_ws/src/mission_windwatch/install/bin'
[1.193s] INFO:colcon.colcon_core.shell:Creating package script '/home/newman/vrx_ws/src/mission_windwatch/install/share/vrx_gazebo/package.ps1'
[1.194s] INFO:colcon.colcon_core.shell:Creating package descriptor '/home/newman/vrx_ws/src/mission_windwatch/install/share/vrx_gazebo/package.dsv'
[1.194s] INFO:colcon.colcon_core.shell:Creating package script '/home/newman/vrx_ws/src/mission_windwatch/install/share/vrx_gazebo/package.sh'
[1.194s] INFO:colcon.colcon_core.shell:Creating package script '/home/newman/vrx_ws/src/mission_windwatch/install/share/vrx_gazebo/package.bash'
[1.195s] INFO:colcon.colcon_core.shell:Creating package script '/home/newman/vrx_ws/src/mission_windwatch/install/share/vrx_gazebo/package.zsh'
[1.195s] Level 1:colcon.colcon_core.environment:create_file_with_runtime_dependencies(/home/newman/vrx_ws/src/mission_windwatch/install/share/colcon-core/packages/vrx_gazebo)
[1.203s] INFO:colcon.colcon_ros.task.ament_cmake.build:Building ROS package in '/home/newman/vrx_ws/src/mission_windwatch/src/vrx/vrx_urdf/wamv_description' with build type 'ament_cmake'
[1.203s] INFO:colcon.colcon_cmake.task.cmake.build:Building CMake package in '/home/newman/vrx_ws/src/mission_windwatch/src/vrx/vrx_urdf/wamv_description'
[1.203s] INFO:colcon.colcon_core.shell:Skip shell extension 'powershell' for command environment: Not usable outside of PowerShell
[1.203s] DEBUG:colcon.colcon_core.shell:Skip shell extension 'dsv' for command environment
[1.215s] INFO:colcon.colcon_ros.task.ament_cmake.build:Building ROS package in '/home/newman/vrx_ws/src/mission_windwatch/src/aquabot/aquabot_urdf/aquabot_description' with build type 'ament_cmake'
[1.215s] INFO:colcon.colcon_cmake.task.cmake.build:Building CMake package in '/home/newman/vrx_ws/src/mission_windwatch/src/aquabot/aquabot_urdf/aquabot_description'
[1.215s] INFO:colcon.colcon_core.shell:Skip shell extension 'powershell' for command environment: Not usable outside of PowerShell
[1.215s] DEBUG:colcon.colcon_core.shell:Skip shell extension 'dsv' for command environment
[1.225s] Level 1:colcon.colcon_core.environment:create_environment_scripts_only(opencv_example)
[1.225s] Level 1:colcon.colcon_core.environment:checking '/home/newman/vrx_ws/src/mission_windwatch/install' for CMake module files
[1.229s] Level 1:colcon.colcon_core.environment:checking '/home/newman/vrx_ws/src/mission_windwatch/install' for CMake config files
[1.235s] DEBUG:colcon.colcon_core.event_handler.log_command:Invoking command in '/home/newman/vrx_ws/src/mission_windwatch/build/wamv_description': CMAKE_PREFIX_PATH=${CMAKE_PREFIX_PATH}:/opt/ros/humble GZ_SIM_RESOURCE_PATH=/home/newman/vrx_ws/src/mission_windwatch/install/share:${GZ_SIM_RESOURCE_PATH} /usr/bin/cmake --build /home/newman/vrx_ws/src/mission_windwatch/build/wamv_description -- -j9 -l9
[1.235s] Level 1:colcon.colcon_core.shell:create_environment_hook('opencv_example', 'cmake_prefix_path')
[1.235s] INFO:colcon.colcon_core.shell:Creating environment hook '/home/newman/vrx_ws/src/mission_windwatch/install/share/opencv_example/hook/cmake_prefix_path.ps1'
[1.237s] INFO:colcon.colcon_core.shell:Creating environment descriptor '/home/newman/vrx_ws/src/mission_windwatch/install/share/opencv_example/hook/cmake_prefix_path.dsv'
[1.238s] INFO:colcon.colcon_core.shell:Creating environment hook '/home/newman/vrx_ws/src/mission_windwatch/install/share/opencv_example/hook/cmake_prefix_path.sh'
[1.238s] Level 1:colcon.colcon_core.environment:checking '/home/newman/vrx_ws/src/mission_windwatch/install/lib'
[1.239s] Level 1:colcon.colcon_core.shell:create_environment_hook('opencv_example', 'ld_library_path_lib')
[1.239s] INFO:colcon.colcon_core.shell:Creating environment hook '/home/newman/vrx_ws/src/mission_windwatch/install/share/opencv_example/hook/ld_library_path_lib.ps1'
[1.239s] INFO:colcon.colcon_core.shell:Creating environment descriptor '/home/newman/vrx_ws/src/mission_windwatch/install/share/opencv_example/hook/ld_library_path_lib.dsv'
[1.239s] INFO:colcon.colcon_core.shell:Creating environment hook '/home/newman/vrx_ws/src/mission_windwatch/install/share/opencv_example/hook/ld_library_path_lib.sh'
[1.240s] Level 1:colcon.colcon_core.environment:checking '/home/newman/vrx_ws/src/mission_windwatch/install/bin'
[1.240s] Level 1:colcon.colcon_core.environment:checking '/home/newman/vrx_ws/src/mission_windwatch/install/lib/pkgconfig/opencv_example.pc'
[1.240s] Level 1:colcon.colcon_core.environment:checking '/home/newman/vrx_ws/src/mission_windwatch/install/lib/python3.10/site-packages'
[1.242s] Level 1:colcon.colcon_core.environment:checking '/home/newman/vrx_ws/src/mission_windwatch/install/bin'
[1.242s] INFO:colcon.colcon_core.shell:Creating package script '/home/newman/vrx_ws/src/mission_windwatch/install/share/opencv_example/package.ps1'
[1.243s] INFO:colcon.colcon_core.shell:Creating package descriptor '/home/newman/vrx_ws/src/mission_windwatch/install/share/opencv_example/package.dsv'
[1.244s] INFO:colcon.colcon_core.shell:Creating package script '/home/newman/vrx_ws/src/mission_windwatch/install/share/opencv_example/package.sh'
[1.244s] INFO:colcon.colcon_core.shell:Creating package script '/home/newman/vrx_ws/src/mission_windwatch/install/share/opencv_example/package.bash'
[1.245s] INFO:colcon.colcon_core.shell:Creating package script '/home/newman/vrx_ws/src/mission_windwatch/install/share/opencv_example/package.zsh'
[1.245s] Level 1:colcon.colcon_core.environment:create_file_with_runtime_dependencies(/home/newman/vrx_ws/src/mission_windwatch/install/share/colcon-core/packages/opencv_example)
[1.256s] Level 1:colcon.colcon_core.environment:create_environment_scripts_only(package_example)
[1.256s] Level 1:colcon.colcon_core.environment:checking '/home/newman/vrx_ws/src/mission_windwatch/install' for CMake module files
[1.257s] Level 1:colcon.colcon_core.environment:checking '/home/newman/vrx_ws/src/mission_windwatch/install' for CMake config files
[1.257s] Level 1:colcon.colcon_core.shell:create_environment_hook('package_example', 'cmake_prefix_path')
[1.257s] INFO:colcon.colcon_core.shell:Creating environment hook '/home/newman/vrx_ws/src/mission_windwatch/install/share/package_example/hook/cmake_prefix_path.ps1'
[1.258s] INFO:colcon.colcon_core.shell:Creating environment descriptor '/home/newman/vrx_ws/src/mission_windwatch/install/share/package_example/hook/cmake_prefix_path.dsv'
[1.258s] DEBUG:colcon.colcon_core.event_handler.log_command:Invoking command in '/home/newman/vrx_ws/src/mission_windwatch/build/aquabot_description': CMAKE_PREFIX_PATH=${CMAKE_PREFIX_PATH}:/opt/ros/humble GZ_SIM_RESOURCE_PATH=/home/newman/vrx_ws/src/mission_windwatch/install/share:${GZ_SIM_RESOURCE_PATH} /usr/bin/cmake --build /home/newman/vrx_ws/src/mission_windwatch/build/aquabot_description -- -j9 -l9
[1.259s] DEBUG:colcon.colcon_core.event_handler.log_command:Invoked command in '/home/newman/vrx_ws/src/mission_windwatch/build/package_example' returned '0': CMAKE_PREFIX_PATH=${CMAKE_PREFIX_PATH}:/opt/ros/humble /usr/bin/cmake --install /home/newman/vrx_ws/src/mission_windwatch/build/package_example
[1.261s] INFO:colcon.colcon_core.shell:Creating environment hook '/home/newman/vrx_ws/src/mission_windwatch/install/share/package_example/hook/cmake_prefix_path.sh'
[1.261s] Level 1:colcon.colcon_core.environment:checking '/home/newman/vrx_ws/src/mission_windwatch/install/lib'
[1.261s] Level 1:colcon.colcon_core.shell:create_environment_hook('package_example', 'ld_library_path_lib')
[1.262s] INFO:colcon.colcon_core.shell:Creating environment hook '/home/newman/vrx_ws/src/mission_windwatch/install/share/package_example/hook/ld_library_path_lib.ps1'
[1.266s] INFO:colcon.colcon_core.shell:Creating environment descriptor '/home/newman/vrx_ws/src/mission_windwatch/install/share/package_example/hook/ld_library_path_lib.dsv'
[1.266s] INFO:colcon.colcon_core.shell:Creating environment hook '/home/newman/vrx_ws/src/mission_windwatch/install/share/package_example/hook/ld_library_path_lib.sh'
[1.266s] Level 1:colcon.colcon_core.environment:checking '/home/newman/vrx_ws/src/mission_windwatch/install/bin'
[1.266s] Level 1:colcon.colcon_core.environment:checking '/home/newman/vrx_ws/src/mission_windwatch/install/lib/pkgconfig/package_example.pc'
[1.267s] Level 1:colcon.colcon_core.environment:checking '/home/newman/vrx_ws/src/mission_windwatch/install/lib/python3.10/site-packages'
[1.267s] Level 1:colcon.colcon_core.environment:checking '/home/newman/vrx_ws/src/mission_windwatch/install/bin'
[1.271s] INFO:colcon.colcon_core.shell:Creating package script '/home/newman/vrx_ws/src/mission_windwatch/install/share/package_example/package.ps1'
[1.271s] INFO:colcon.colcon_core.shell:Creating package descriptor '/home/newman/vrx_ws/src/mission_windwatch/install/share/package_example/package.dsv'
[1.272s] INFO:colcon.colcon_core.shell:Creating package script '/home/newman/vrx_ws/src/mission_windwatch/install/share/package_example/package.sh'
[1.272s] INFO:colcon.colcon_core.shell:Creating package script '/home/newman/vrx_ws/src/mission_windwatch/install/share/package_example/package.bash'
[1.272s] INFO:colcon.colcon_core.shell:Creating package script '/home/newman/vrx_ws/src/mission_windwatch/install/share/package_example/package.zsh'
[1.273s] Level 1:colcon.colcon_core.environment:create_file_with_runtime_dependencies(/home/newman/vrx_ws/src/mission_windwatch/install/share/colcon-core/packages/package_example)
[1.325s] DEBUG:colcon.colcon_core.event_handler.log_command:Invoked command in '/home/newman/vrx_ws/src/mission_windwatch/build/aquabot_description' returned '0': CMAKE_PREFIX_PATH=${CMAKE_PREFIX_PATH}:/opt/ros/humble GZ_SIM_RESOURCE_PATH=/home/newman/vrx_ws/src/mission_windwatch/install/share:${GZ_SIM_RESOURCE_PATH} /usr/bin/cmake --build /home/newman/vrx_ws/src/mission_windwatch/build/aquabot_description -- -j9 -l9
[1.344s] Level 1:colcon.colcon_core.environment:create_environment_scripts_only(package_example)
[1.344s] Level 1:colcon.colcon_core.environment:checking '/home/newman/vrx_ws/src/mission_windwatch/install' for CMake module files
[1.344s] Level 1:colcon.colcon_core.environment:checking '/home/newman/vrx_ws/src/mission_windwatch/install' for CMake config files
[1.345s] Level 1:colcon.colcon_core.shell:create_environment_hook('package_example', 'cmake_prefix_path')
[1.345s] INFO:colcon.colcon_core.shell:Creating environment hook '/home/newman/vrx_ws/src/mission_windwatch/install/share/package_example/hook/cmake_prefix_path.ps1'
[1.345s] INFO:colcon.colcon_core.shell:Creating environment descriptor '/home/newman/vrx_ws/src/mission_windwatch/install/share/package_example/hook/cmake_prefix_path.dsv'
[1.346s] INFO:colcon.colcon_core.shell:Creating environment hook '/home/newman/vrx_ws/src/mission_windwatch/install/share/package_example/hook/cmake_prefix_path.sh'
[1.346s] Level 1:colcon.colcon_core.environment:checking '/home/newman/vrx_ws/src/mission_windwatch/install/lib'
[1.346s] Level 1:colcon.colcon_core.shell:create_environment_hook('package_example', 'ld_library_path_lib')
[1.346s] INFO:colcon.colcon_core.shell:Creating environment hook '/home/newman/vrx_ws/src/mission_windwatch/install/share/package_example/hook/ld_library_path_lib.ps1'
[1.347s] INFO:colcon.colcon_core.shell:Creating environment descriptor '/home/newman/vrx_ws/src/mission_windwatch/install/share/package_example/hook/ld_library_path_lib.dsv'
[1.348s] INFO:colcon.colcon_core.shell:Creating environment hook '/home/newman/vrx_ws/src/mission_windwatch/install/share/package_example/hook/ld_library_path_lib.sh'
[1.348s] Level 1:colcon.colcon_core.environment:checking '/home/newman/vrx_ws/src/mission_windwatch/install/bin'
[1.348s] Level 1:colcon.colcon_core.environment:checking '/home/newman/vrx_ws/src/mission_windwatch/install/lib/pkgconfig/package_example.pc'
[1.348s] Level 1:colcon.colcon_core.environment:checking '/home/newman/vrx_ws/src/mission_windwatch/install/lib/python3.10/site-packages'
[1.348s] Level 1:colcon.colcon_core.environment:checking '/home/newman/vrx_ws/src/mission_windwatch/install/bin'
[1.349s] INFO:colcon.colcon_core.shell:Creating package script '/home/newman/vrx_ws/src/mission_windwatch/install/share/package_example/package.ps1'
[1.349s] INFO:colcon.colcon_core.shell:Creating package descriptor '/home/newman/vrx_ws/src/mission_windwatch/install/share/package_example/package.dsv'
[1.350s] INFO:colcon.colcon_core.shell:Creating package script '/home/newman/vrx_ws/src/mission_windwatch/install/share/package_example/package.sh'
[1.351s] INFO:colcon.colcon_core.shell:Creating package script '/home/newman/vrx_ws/src/mission_windwatch/install/share/package_example/package.bash'
[1.351s] INFO:colcon.colcon_core.shell:Creating package script '/home/newman/vrx_ws/src/mission_windwatch/install/share/package_example/package.zsh'
[1.352s] Level 1:colcon.colcon_core.environment:create_file_with_runtime_dependencies(/home/newman/vrx_ws/src/mission_windwatch/install/share/colcon-core/packages/package_example)
[1.357s] DEBUG:colcon.colcon_core.event_handler.log_command:Invoked command in '/home/newman/vrx_ws/src/mission_windwatch/build/wamv_description' returned '0': CMAKE_PREFIX_PATH=${CMAKE_PREFIX_PATH}:/opt/ros/humble GZ_SIM_RESOURCE_PATH=/home/newman/vrx_ws/src/mission_windwatch/install/share:${GZ_SIM_RESOURCE_PATH} /usr/bin/cmake --build /home/newman/vrx_ws/src/mission_windwatch/build/wamv_description -- -j9 -l9
[1.368s] DEBUG:colcon.colcon_core.event_handler.log_command:Invoking command in '/home/newman/vrx_ws/src/mission_windwatch/build/aquabot_description': CMAKE_PREFIX_PATH=${CMAKE_PREFIX_PATH}:/opt/ros/humble GZ_SIM_RESOURCE_PATH=/home/newman/vrx_ws/src/mission_windwatch/install/share:${GZ_SIM_RESOURCE_PATH} /usr/bin/cmake --install /home/newman/vrx_ws/src/mission_windwatch/build/aquabot_description
[1.390s] DEBUG:colcon.colcon_core.event_handler.log_command:Invoked command in '/home/newman/vrx_ws/src/mission_windwatch/build/vrx_gz' returned '0': CMAKE_PREFIX_PATH=${CMAKE_PREFIX_PATH}:/opt/ros/humble /usr/bin/cmake --build /home/newman/vrx_ws/src/mission_windwatch/build/vrx_gz -- -j9 -l9
[1.395s] Level 1:colcon.colcon_core.environment:create_environment_scripts_only(aquabot_description)
[1.395s] Level 1:colcon.colcon_core.environment:checking '/home/newman/vrx_ws/src/mission_windwatch/install' for CMake module files
[1.396s] DEBUG:colcon.colcon_core.event_handler.log_command:Invoked command in '/home/newman/vrx_ws/src/mission_windwatch/build/aquabot_description' returned '0': CMAKE_PREFIX_PATH=${CMAKE_PREFIX_PATH}:/opt/ros/humble GZ_SIM_RESOURCE_PATH=/home/newman/vrx_ws/src/mission_windwatch/install/share:${GZ_SIM_RESOURCE_PATH} /usr/bin/cmake --install /home/newman/vrx_ws/src/mission_windwatch/build/aquabot_description
[1.396s] Level 1:colcon.colcon_core.environment:checking '/home/newman/vrx_ws/src/mission_windwatch/install' for CMake config files
[1.396s] Level 1:colcon.colcon_core.shell:create_environment_hook('aquabot_description', 'cmake_prefix_path')
[1.396s] INFO:colcon.colcon_core.shell:Creating environment hook '/home/newman/vrx_ws/src/mission_windwatch/install/share/aquabot_description/hook/cmake_prefix_path.ps1'
[1.397s] INFO:colcon.colcon_core.shell:Creating environment descriptor '/home/newman/vrx_ws/src/mission_windwatch/install/share/aquabot_description/hook/cmake_prefix_path.dsv'
[1.397s] INFO:colcon.colcon_core.shell:Creating environment hook '/home/newman/vrx_ws/src/mission_windwatch/install/share/aquabot_description/hook/cmake_prefix_path.sh'
[1.398s] Level 1:colcon.colcon_core.environment:checking '/home/newman/vrx_ws/src/mission_windwatch/install/lib'
[1.398s] Level 1:colcon.colcon_core.shell:create_environment_hook('aquabot_description', 'ld_library_path_lib')
[1.398s] INFO:colcon.colcon_core.shell:Creating environment hook '/home/newman/vrx_ws/src/mission_windwatch/install/share/aquabot_description/hook/ld_library_path_lib.ps1'
[1.398s] INFO:colcon.colcon_core.shell:Creating environment descriptor '/home/newman/vrx_ws/src/mission_windwatch/install/share/aquabot_description/hook/ld_library_path_lib.dsv'
[1.399s] INFO:colcon.colcon_core.shell:Creating environment hook '/home/newman/vrx_ws/src/mission_windwatch/install/share/aquabot_description/hook/ld_library_path_lib.sh'
[1.399s] Level 1:colcon.colcon_core.environment:checking '/home/newman/vrx_ws/src/mission_windwatch/install/bin'
[1.399s] Level 1:colcon.colcon_core.environment:checking '/home/newman/vrx_ws/src/mission_windwatch/install/lib/pkgconfig/aquabot_description.pc'
[1.399s] Level 1:colcon.colcon_core.environment:checking '/home/newman/vrx_ws/src/mission_windwatch/install/lib/python3.10/site-packages'
[1.402s] Level 1:colcon.colcon_core.environment:checking '/home/newman/vrx_ws/src/mission_windwatch/install/bin'
[1.403s] INFO:colcon.colcon_core.shell:Creating package script '/home/newman/vrx_ws/src/mission_windwatch/install/share/aquabot_description/package.ps1'
[1.404s] INFO:colcon.colcon_core.shell:Creating package descriptor '/home/newman/vrx_ws/src/mission_windwatch/install/share/aquabot_description/package.dsv'
[1.405s] INFO:colcon.colcon_core.shell:Creating package script '/home/newman/vrx_ws/src/mission_windwatch/install/share/aquabot_description/package.sh'
[1.406s] INFO:colcon.colcon_core.shell:Creating package script '/home/newman/vrx_ws/src/mission_windwatch/install/share/aquabot_description/package.bash'
[1.407s] INFO:colcon.colcon_core.shell:Creating package script '/home/newman/vrx_ws/src/mission_windwatch/install/share/aquabot_description/package.zsh'
[1.408s] Level 1:colcon.colcon_core.environment:create_file_with_runtime_dependencies(/home/newman/vrx_ws/src/mission_windwatch/install/share/colcon-core/packages/aquabot_description)
[1.417s] DEBUG:colcon.colcon_core.event_handler.log_command:Invoking command in '/home/newman/vrx_ws/src/mission_windwatch/build/wamv_description': CMAKE_PREFIX_PATH=${CMAKE_PREFIX_PATH}:/opt/ros/humble GZ_SIM_RESOURCE_PATH=/home/newman/vrx_ws/src/mission_windwatch/install/share:${GZ_SIM_RESOURCE_PATH} /usr/bin/cmake --install /home/newman/vrx_ws/src/mission_windwatch/build/wamv_description
[1.434s] Level 1:colcon.colcon_core.environment:create_environment_scripts_only(wamv_description)
[1.435s] Level 1:colcon.colcon_core.environment:checking '/home/newman/vrx_ws/src/mission_windwatch/install' for CMake module files
[1.437s] Level 1:colcon.colcon_core.environment:checking '/home/newman/vrx_ws/src/mission_windwatch/install' for CMake config files
[1.438s] Level 1:colcon.colcon_core.shell:create_environment_hook('wamv_description', 'cmake_prefix_path')
[1.438s] INFO:colcon.colcon_core.shell:Creating environment hook '/home/newman/vrx_ws/src/mission_windwatch/install/share/wamv_description/hook/cmake_prefix_path.ps1'
[1.440s] DEBUG:colcon.colcon_core.event_handler.log_command:Invoked command in '/home/newman/vrx_ws/src/mission_windwatch/build/wamv_description' returned '0': CMAKE_PREFIX_PATH=${CMAKE_PREFIX_PATH}:/opt/ros/humble GZ_SIM_RESOURCE_PATH=/home/newman/vrx_ws/src/mission_windwatch/install/share:${GZ_SIM_RESOURCE_PATH} /usr/bin/cmake --install /home/newman/vrx_ws/src/mission_windwatch/build/wamv_description
[1.441s] INFO:colcon.colcon_core.shell:Creating environment descriptor '/home/newman/vrx_ws/src/mission_windwatch/install/share/wamv_description/hook/cmake_prefix_path.dsv'
[1.441s] INFO:colcon.colcon_core.shell:Creating environment hook '/home/newman/vrx_ws/src/mission_windwatch/install/share/wamv_description/hook/cmake_prefix_path.sh'
[1.442s] Level 1:colcon.colcon_core.environment:checking '/home/newman/vrx_ws/src/mission_windwatch/install/lib'
[1.442s] Level 1:colcon.colcon_core.shell:create_environment_hook('wamv_description', 'ld_library_path_lib')
[1.442s] INFO:colcon.colcon_core.shell:Creating environment hook '/home/newman/vrx_ws/src/mission_windwatch/install/share/wamv_description/hook/ld_library_path_lib.ps1'
[1.442s] INFO:colcon.colcon_core.shell:Creating environment descriptor '/home/newman/vrx_ws/src/mission_windwatch/install/share/wamv_description/hook/ld_library_path_lib.dsv'
[1.443s] INFO:colcon.colcon_core.shell:Creating environment hook '/home/newman/vrx_ws/src/mission_windwatch/install/share/wamv_description/hook/ld_library_path_lib.sh'
[1.444s] Level 1:colcon.colcon_core.environment:checking '/home/newman/vrx_ws/src/mission_windwatch/install/bin'
[1.444s] Level 1:colcon.colcon_core.environment:checking '/home/newman/vrx_ws/src/mission_windwatch/install/lib/pkgconfig/wamv_description.pc'
[1.444s] Level 1:colcon.colcon_core.environment:checking '/home/newman/vrx_ws/src/mission_windwatch/install/lib/python3.10/site-packages'
[1.445s] Level 1:colcon.colcon_core.environment:checking '/home/newman/vrx_ws/src/mission_windwatch/install/bin'
[1.445s] INFO:colcon.colcon_core.shell:Creating package script '/home/newman/vrx_ws/src/mission_windwatch/install/share/wamv_description/package.ps1'
[1.445s] INFO:colcon.colcon_core.shell:Creating package descriptor '/home/newman/vrx_ws/src/mission_windwatch/install/share/wamv_description/package.dsv'
[1.446s] INFO:colcon.colcon_core.shell:Creating package script '/home/newman/vrx_ws/src/mission_windwatch/install/share/wamv_description/package.sh'
[1.447s] INFO:colcon.colcon_core.shell:Creating package script '/home/newman/vrx_ws/src/mission_windwatch/install/share/wamv_description/package.bash'
[1.447s] INFO:colcon.colcon_core.shell:Creating package script '/home/newman/vrx_ws/src/mission_windwatch/install/share/wamv_description/package.zsh'
[1.447s] Level 1:colcon.colcon_core.environment:create_file_with_runtime_dependencies(/home/newman/vrx_ws/src/mission_windwatch/install/share/colcon-core/packages/wamv_description)
[1.452s] Level 1:colcon.colcon_core.environment:create_environment_scripts_only(aquabot_description)
[1.452s] Level 1:colcon.colcon_core.environment:checking '/home/newman/vrx_ws/src/mission_windwatch/install' for CMake module files
[1.453s] Level 1:colcon.colcon_core.environment:checking '/home/newman/vrx_ws/src/mission_windwatch/install' for CMake config files
[1.453s] Level 1:colcon.colcon_core.shell:create_environment_hook('aquabot_description', 'cmake_prefix_path')
[1.454s] INFO:colcon.colcon_core.shell:Creating environment hook '/home/newman/vrx_ws/src/mission_windwatch/install/share/aquabot_description/hook/cmake_prefix_path.ps1'
[1.454s] INFO:colcon.colcon_core.shell:Creating environment descriptor '/home/newman/vrx_ws/src/mission_windwatch/install/share/aquabot_description/hook/cmake_prefix_path.dsv'
[1.455s] INFO:colcon.colcon_core.shell:Creating environment hook '/home/newman/vrx_ws/src/mission_windwatch/install/share/aquabot_description/hook/cmake_prefix_path.sh'
[1.455s] Level 1:colcon.colcon_core.environment:checking '/home/newman/vrx_ws/src/mission_windwatch/install/lib'
[1.455s] Level 1:colcon.colcon_core.shell:create_environment_hook('aquabot_description', 'ld_library_path_lib')
[1.457s] INFO:colcon.colcon_core.shell:Creating environment hook '/home/newman/vrx_ws/src/mission_windwatch/install/share/aquabot_description/hook/ld_library_path_lib.ps1'
[1.458s] INFO:colcon.colcon_core.shell:Creating environment descriptor '/home/newman/vrx_ws/src/mission_windwatch/install/share/aquabot_description/hook/ld_library_path_lib.dsv'
[1.458s] INFO:colcon.colcon_core.shell:Creating environment hook '/home/newman/vrx_ws/src/mission_windwatch/install/share/aquabot_description/hook/ld_library_path_lib.sh'
[1.459s] Level 1:colcon.colcon_core.environment:checking '/home/newman/vrx_ws/src/mission_windwatch/install/bin'
[1.459s] Level 1:colcon.colcon_core.environment:checking '/home/newman/vrx_ws/src/mission_windwatch/install/lib/pkgconfig/aquabot_description.pc'
[1.459s] Level 1:colcon.colcon_core.environment:checking '/home/newman/vrx_ws/src/mission_windwatch/install/lib/python3.10/site-packages'
[1.459s] Level 1:colcon.colcon_core.environment:checking '/home/newman/vrx_ws/src/mission_windwatch/install/bin'
[1.459s] INFO:colcon.colcon_core.shell:Creating package script '/home/newman/vrx_ws/src/mission_windwatch/install/share/aquabot_description/package.ps1'
[1.460s] INFO:colcon.colcon_core.shell:Creating package descriptor '/home/newman/vrx_ws/src/mission_windwatch/install/share/aquabot_description/package.dsv'
[1.460s] INFO:colcon.colcon_core.shell:Creating package script '/home/newman/vrx_ws/src/mission_windwatch/install/share/aquabot_description/package.sh'
[1.461s] INFO:colcon.colcon_core.shell:Creating package script '/home/newman/vrx_ws/src/mission_windwatch/install/share/aquabot_description/package.bash'
[1.462s] INFO:colcon.colcon_core.shell:Creating package script '/home/newman/vrx_ws/src/mission_windwatch/install/share/aquabot_description/package.zsh'
[1.462s] Level 1:colcon.colcon_core.environment:create_file_with_runtime_dependencies(/home/newman/vrx_ws/src/mission_windwatch/install/share/colcon-core/packages/aquabot_description)
[1.489s] Level 1:colcon.colcon_core.environment:create_environment_scripts_only(wamv_description)
[1.489s] Level 1:colcon.colcon_core.environment:checking '/home/newman/vrx_ws/src/mission_windwatch/install' for CMake module files
[1.490s] Level 1:colcon.colcon_core.environment:checking '/home/newman/vrx_ws/src/mission_windwatch/install' for CMake config files
[1.490s] Level 1:colcon.colcon_core.shell:create_environment_hook('wamv_description', 'cmake_prefix_path')
[1.490s] INFO:colcon.colcon_core.shell:Creating environment hook '/home/newman/vrx_ws/src/mission_windwatch/install/share/wamv_description/hook/cmake_prefix_path.ps1'
[1.491s] INFO:colcon.colcon_core.shell:Creating environment descriptor '/home/newman/vrx_ws/src/mission_windwatch/install/share/wamv_description/hook/cmake_prefix_path.dsv'
[1.491s] INFO:colcon.colcon_core.shell:Creating environment hook '/home/newman/vrx_ws/src/mission_windwatch/install/share/wamv_description/hook/cmake_prefix_path.sh'
[1.492s] Level 1:colcon.colcon_core.environment:checking '/home/newman/vrx_ws/src/mission_windwatch/install/lib'
[1.492s] Level 1:colcon.colcon_core.shell:create_environment_hook('wamv_description', 'ld_library_path_lib')
[1.492s] INFO:colcon.colcon_core.shell:Creating environment hook '/home/newman/vrx_ws/src/mission_windwatch/install/share/wamv_description/hook/ld_library_path_lib.ps1'
[1.493s] INFO:colcon.colcon_core.shell:Creating environment descriptor '/home/newman/vrx_ws/src/mission_windwatch/install/share/wamv_description/hook/ld_library_path_lib.dsv'
[1.493s] INFO:colcon.colcon_core.shell:Creating environment hook '/home/newman/vrx_ws/src/mission_windwatch/install/share/wamv_description/hook/ld_library_path_lib.sh'
[1.493s] Level 1:colcon.colcon_core.environment:checking '/home/newman/vrx_ws/src/mission_windwatch/install/bin'
[1.494s] Level 1:colcon.colcon_core.environment:checking '/home/newman/vrx_ws/src/mission_windwatch/install/lib/pkgconfig/wamv_description.pc'
[1.494s] Level 1:colcon.colcon_core.environment:checking '/home/newman/vrx_ws/src/mission_windwatch/install/lib/python3.10/site-packages'
[1.494s] Level 1:colcon.colcon_core.environment:checking '/home/newman/vrx_ws/src/mission_windwatch/install/bin'
[1.494s] INFO:colcon.colcon_core.shell:Creating package script '/home/newman/vrx_ws/src/mission_windwatch/install/share/wamv_description/package.ps1'
[1.495s] INFO:colcon.colcon_core.shell:Creating package descriptor '/home/newman/vrx_ws/src/mission_windwatch/install/share/wamv_description/package.dsv'
[1.495s] INFO:colcon.colcon_core.shell:Creating package script '/home/newman/vrx_ws/src/mission_windwatch/install/share/wamv_description/package.sh'
[1.496s] INFO:colcon.colcon_core.shell:Creating package script '/home/newman/vrx_ws/src/mission_windwatch/install/share/wamv_description/package.bash'
[1.496s] INFO:colcon.colcon_core.shell:Creating package script '/home/newman/vrx_ws/src/mission_windwatch/install/share/wamv_description/package.zsh'
[1.496s] Level 1:colcon.colcon_core.environment:create_file_with_runtime_dependencies(/home/newman/vrx_ws/src/mission_windwatch/install/share/colcon-core/packages/wamv_description)
[1.497s] INFO:colcon.colcon_ros.task.ament_cmake.build:Building ROS package in '/home/newman/vrx_ws/src/mission_windwatch/src/vrx/vrx_urdf/wamv_gazebo' with build type 'ament_cmake'
[1.497s] INFO:colcon.colcon_cmake.task.cmake.build:Building CMake package in '/home/newman/vrx_ws/src/mission_windwatch/src/vrx/vrx_urdf/wamv_gazebo'
[1.497s] INFO:colcon.colcon_core.shell:Skip shell extension 'powershell' for command environment: Not usable outside of PowerShell
[1.497s] DEBUG:colcon.colcon_core.shell:Skip shell extension 'dsv' for command environment
[1.520s] DEBUG:colcon.colcon_core.event_handler.log_command:Invoking command in '/home/newman/vrx_ws/src/mission_windwatch/build/wamv_gazebo': CMAKE_PREFIX_PATH=${CMAKE_PREFIX_PATH}:/opt/ros/humble GZ_SIM_RESOURCE_PATH=/home/newman/vrx_ws/src/mission_windwatch/install/share:${GZ_SIM_RESOURCE_PATH} /usr/bin/cmake --build /home/newman/vrx_ws/src/mission_windwatch/build/wamv_gazebo -- -j9 -l9
[1.587s] DEBUG:colcon.colcon_core.event_handler.log_command:Invoked command in '/home/newman/vrx_ws/src/mission_windwatch/build/wamv_gazebo' returned '0': CMAKE_PREFIX_PATH=${CMAKE_PREFIX_PATH}:/opt/ros/humble GZ_SIM_RESOURCE_PATH=/home/newman/vrx_ws/src/mission_windwatch/install/share:${GZ_SIM_RESOURCE_PATH} /usr/bin/cmake --build /home/newman/vrx_ws/src/mission_windwatch/build/wamv_gazebo -- -j9 -l9
[1.592s] DEBUG:colcon.colcon_core.event_handler.log_command:Invoking command in '/home/newman/vrx_ws/src/mission_windwatch/build/vrx_gz': CMAKE_PREFIX_PATH=${CMAKE_PREFIX_PATH}:/opt/ros/humble /usr/bin/cmake --install /home/newman/vrx_ws/src/mission_windwatch/build/vrx_gz
[1.648s] DEBUG:colcon.colcon_core.event_handler.log_command:Invoking command in '/home/newman/vrx_ws/src/mission_windwatch/build/wamv_gazebo': CMAKE_PREFIX_PATH=${CMAKE_PREFIX_PATH}:/opt/ros/humble GZ_SIM_RESOURCE_PATH=/home/newman/vrx_ws/src/mission_windwatch/install/share:${GZ_SIM_RESOURCE_PATH} /usr/bin/cmake --install /home/newman/vrx_ws/src/mission_windwatch/build/wamv_gazebo
[1.666s] Level 1:colcon.colcon_core.environment:create_environment_scripts_only(wamv_gazebo)
[1.666s] Level 1:colcon.colcon_core.environment:checking '/home/newman/vrx_ws/src/mission_windwatch/install' for CMake module files
[1.667s] DEBUG:colcon.colcon_core.event_handler.log_command:Invoked command in '/home/newman/vrx_ws/src/mission_windwatch/build/wamv_gazebo' returned '0': CMAKE_PREFIX_PATH=${CMAKE_PREFIX_PATH}:/opt/ros/humble GZ_SIM_RESOURCE_PATH=/home/newman/vrx_ws/src/mission_windwatch/install/share:${GZ_SIM_RESOURCE_PATH} /usr/bin/cmake --install /home/newman/vrx_ws/src/mission_windwatch/build/wamv_gazebo
[1.667s] Level 1:colcon.colcon_core.environment:checking '/home/newman/vrx_ws/src/mission_windwatch/install' for CMake config files
[1.667s] Level 1:colcon.colcon_core.shell:create_environment_hook('wamv_gazebo', 'cmake_prefix_path')
[1.667s] INFO:colcon.colcon_core.shell:Creating environment hook '/home/newman/vrx_ws/src/mission_windwatch/install/share/wamv_gazebo/hook/cmake_prefix_path.ps1'
[1.668s] INFO:colcon.colcon_core.shell:Creating environment descriptor '/home/newman/vrx_ws/src/mission_windwatch/install/share/wamv_gazebo/hook/cmake_prefix_path.dsv'
[1.668s] INFO:colcon.colcon_core.shell:Creating environment hook '/home/newman/vrx_ws/src/mission_windwatch/install/share/wamv_gazebo/hook/cmake_prefix_path.sh'
[1.669s] Level 1:colcon.colcon_core.environment:checking '/home/newman/vrx_ws/src/mission_windwatch/install/lib'
[1.669s] Level 1:colcon.colcon_core.shell:create_environment_hook('wamv_gazebo', 'ld_library_path_lib')
[1.669s] INFO:colcon.colcon_core.shell:Creating environment hook '/home/newman/vrx_ws/src/mission_windwatch/install/share/wamv_gazebo/hook/ld_library_path_lib.ps1'
[1.669s] INFO:colcon.colcon_core.shell:Creating environment descriptor '/home/newman/vrx_ws/src/mission_windwatch/install/share/wamv_gazebo/hook/ld_library_path_lib.dsv'
[1.670s] INFO:colcon.colcon_core.shell:Creating environment hook '/home/newman/vrx_ws/src/mission_windwatch/install/share/wamv_gazebo/hook/ld_library_path_lib.sh'
[1.670s] Level 1:colcon.colcon_core.environment:checking '/home/newman/vrx_ws/src/mission_windwatch/install/bin'
[1.670s] Level 1:colcon.colcon_core.environment:checking '/home/newman/vrx_ws/src/mission_windwatch/install/lib/pkgconfig/wamv_gazebo.pc'
[1.670s] Level 1:colcon.colcon_core.environment:checking '/home/newman/vrx_ws/src/mission_windwatch/install/lib/python3.10/site-packages'
[1.671s] Level 1:colcon.colcon_core.environment:checking '/home/newman/vrx_ws/src/mission_windwatch/install/bin'
[1.672s] INFO:colcon.colcon_core.shell:Creating package script '/home/newman/vrx_ws/src/mission_windwatch/install/share/wamv_gazebo/package.ps1'
[1.672s] INFO:colcon.colcon_core.shell:Creating package descriptor '/home/newman/vrx_ws/src/mission_windwatch/install/share/wamv_gazebo/package.dsv'
[1.673s] INFO:colcon.colcon_core.shell:Creating package script '/home/newman/vrx_ws/src/mission_windwatch/install/share/wamv_gazebo/package.sh'
[1.673s] INFO:colcon.colcon_core.shell:Creating package script '/home/newman/vrx_ws/src/mission_windwatch/install/share/wamv_gazebo/package.bash'
[1.673s] INFO:colcon.colcon_core.shell:Creating package script '/home/newman/vrx_ws/src/mission_windwatch/install/share/wamv_gazebo/package.zsh'
[1.674s] Level 1:colcon.colcon_core.environment:create_file_with_runtime_dependencies(/home/newman/vrx_ws/src/mission_windwatch/install/share/colcon-core/packages/wamv_gazebo)
[1.723s] Level 1:colcon.colcon_core.environment:create_environment_scripts_only(wamv_gazebo)
[1.724s] Level 1:colcon.colcon_core.environment:checking '/home/newman/vrx_ws/src/mission_windwatch/install' for CMake module files
[1.727s] Level 1:colcon.colcon_core.environment:checking '/home/newman/vrx_ws/src/mission_windwatch/install' for CMake config files
[1.728s] Level 1:colcon.colcon_core.shell:create_environment_hook('wamv_gazebo', 'cmake_prefix_path')
[1.728s] INFO:colcon.colcon_core.shell:Creating environment hook '/home/newman/vrx_ws/src/mission_windwatch/install/share/wamv_gazebo/hook/cmake_prefix_path.ps1'
[1.728s] INFO:colcon.colcon_core.shell:Creating environment descriptor '/home/newman/vrx_ws/src/mission_windwatch/install/share/wamv_gazebo/hook/cmake_prefix_path.dsv'
[1.729s] INFO:colcon.colcon_core.shell:Creating environment hook '/home/newman/vrx_ws/src/mission_windwatch/install/share/wamv_gazebo/hook/cmake_prefix_path.sh'
[1.729s] Level 1:colcon.colcon_core.environment:checking '/home/newman/vrx_ws/src/mission_windwatch/install/lib'
[1.729s] Level 1:colcon.colcon_core.shell:create_environment_hook('wamv_gazebo', 'ld_library_path_lib')
[1.730s] INFO:colcon.colcon_core.shell:Creating environment hook '/home/newman/vrx_ws/src/mission_windwatch/install/share/wamv_gazebo/hook/ld_library_path_lib.ps1'
[1.730s] INFO:colcon.colcon_core.shell:Creating environment descriptor '/home/newman/vrx_ws/src/mission_windwatch/install/share/wamv_gazebo/hook/ld_library_path_lib.dsv'
[1.730s] INFO:colcon.colcon_core.shell:Creating environment hook '/home/newman/vrx_ws/src/mission_windwatch/install/share/wamv_gazebo/hook/ld_library_path_lib.sh'
[1.742s] Level 1:colcon.colcon_core.environment:checking '/home/newman/vrx_ws/src/mission_windwatch/install/bin'
[1.742s] Level 1:colcon.colcon_core.environment:checking '/home/newman/vrx_ws/src/mission_windwatch/install/lib/pkgconfig/wamv_gazebo.pc'
[1.742s] Level 1:colcon.colcon_core.environment:checking '/home/newman/vrx_ws/src/mission_windwatch/install/lib/python3.10/site-packages'
[1.742s] Level 1:colcon.colcon_core.environment:checking '/home/newman/vrx_ws/src/mission_windwatch/install/bin'
[1.743s] INFO:colcon.colcon_core.shell:Creating package script '/home/newman/vrx_ws/src/mission_windwatch/install/share/wamv_gazebo/package.ps1'
[1.743s] INFO:colcon.colcon_core.shell:Creating package descriptor '/home/newman/vrx_ws/src/mission_windwatch/install/share/wamv_gazebo/package.dsv'
[1.744s] INFO:colcon.colcon_core.shell:Creating package script '/home/newman/vrx_ws/src/mission_windwatch/install/share/wamv_gazebo/package.sh'
[1.744s] INFO:colcon.colcon_core.shell:Creating package script '/home/newman/vrx_ws/src/mission_windwatch/install/share/wamv_gazebo/package.bash'
[1.744s] INFO:colcon.colcon_core.shell:Creating package script '/home/newman/vrx_ws/src/mission_windwatch/install/share/wamv_gazebo/package.zsh'
[1.749s] Level 1:colcon.colcon_core.environment:create_file_with_runtime_dependencies(/home/newman/vrx_ws/src/mission_windwatch/install/share/colcon-core/packages/wamv_gazebo)
[1.749s] Level 1:colcon.colcon_core.environment:create_environment_scripts_only(vrx_gz)
[1.750s] Level 1:colcon.colcon_core.environment:checking '/home/newman/vrx_ws/src/mission_windwatch/install' for CMake module files
[1.751s] DEBUG:colcon.colcon_core.event_handler.log_command:Invoked command in '/home/newman/vrx_ws/src/mission_windwatch/build/vrx_gz' returned '0': CMAKE_PREFIX_PATH=${CMAKE_PREFIX_PATH}:/opt/ros/humble /usr/bin/cmake --install /home/newman/vrx_ws/src/mission_windwatch/build/vrx_gz
[1.751s] Level 1:colcon.colcon_core.environment:checking '/home/newman/vrx_ws/src/mission_windwatch/install' for CMake config files
[1.752s] Level 1:colcon.colcon_core.shell:create_environment_hook('vrx_gz', 'cmake_prefix_path')
[1.752s] INFO:colcon.colcon_core.shell:Creating environment hook '/home/newman/vrx_ws/src/mission_windwatch/install/share/vrx_gz/hook/cmake_prefix_path.ps1'
[1.755s] INFO:colcon.colcon_core.shell:Creating environment descriptor '/home/newman/vrx_ws/src/mission_windwatch/install/share/vrx_gz/hook/cmake_prefix_path.dsv'
[1.756s] INFO:colcon.colcon_core.shell:Creating environment hook '/home/newman/vrx_ws/src/mission_windwatch/install/share/vrx_gz/hook/cmake_prefix_path.sh'
[1.757s] Level 1:colcon.colcon_core.environment:checking '/home/newman/vrx_ws/src/mission_windwatch/install/lib'
[1.757s] Level 1:colcon.colcon_core.shell:create_environment_hook('vrx_gz', 'ld_library_path_lib')
[1.757s] INFO:colcon.colcon_core.shell:Creating environment hook '/home/newman/vrx_ws/src/mission_windwatch/install/share/vrx_gz/hook/ld_library_path_lib.ps1'
[1.759s] INFO:colcon.colcon_core.shell:Creating environment descriptor '/home/newman/vrx_ws/src/mission_windwatch/install/share/vrx_gz/hook/ld_library_path_lib.dsv'
[1.759s] INFO:colcon.colcon_core.shell:Creating environment hook '/home/newman/vrx_ws/src/mission_windwatch/install/share/vrx_gz/hook/ld_library_path_lib.sh'
[1.759s] Level 1:colcon.colcon_core.environment:checking '/home/newman/vrx_ws/src/mission_windwatch/install/bin'
[1.759s] Level 1:colcon.colcon_core.environment:checking '/home/newman/vrx_ws/src/mission_windwatch/install/lib/pkgconfig/vrx_gz.pc'
[1.760s] Level 1:colcon.colcon_core.environment:checking '/home/newman/vrx_ws/src/mission_windwatch/install/lib/python3.10/site-packages'
[1.760s] Level 1:colcon.colcon_core.environment:checking '/home/newman/vrx_ws/src/mission_windwatch/install/bin'
[1.760s] INFO:colcon.colcon_core.shell:Creating package script '/home/newman/vrx_ws/src/mission_windwatch/install/share/vrx_gz/package.ps1'
[1.760s] INFO:colcon.colcon_core.shell:Creating package descriptor '/home/newman/vrx_ws/src/mission_windwatch/install/share/vrx_gz/package.dsv'
[1.761s] INFO:colcon.colcon_core.shell:Creating package script '/home/newman/vrx_ws/src/mission_windwatch/install/share/vrx_gz/package.sh'
[1.761s] INFO:colcon.colcon_core.shell:Creating package script '/home/newman/vrx_ws/src/mission_windwatch/install/share/vrx_gz/package.bash'
[1.766s] INFO:colcon.colcon_core.shell:Creating package script '/home/newman/vrx_ws/src/mission_windwatch/install/share/vrx_gz/package.zsh'
[1.766s] Level 1:colcon.colcon_core.environment:create_file_with_runtime_dependencies(/home/newman/vrx_ws/src/mission_windwatch/install/share/colcon-core/packages/vrx_gz)
[2.014s] Level 1:colcon.colcon_core.environment:create_environment_scripts_only(vrx_gz)
[2.015s] Level 1:colcon.colcon_core.environment:checking '/home/newman/vrx_ws/src/mission_windwatch/install' for CMake module files
[2.015s] Level 1:colcon.colcon_core.environment:checking '/home/newman/vrx_ws/src/mission_windwatch/install' for CMake config files
[2.015s] Level 1:colcon.colcon_core.shell:create_environment_hook('vrx_gz', 'cmake_prefix_path')
[2.015s] INFO:colcon.colcon_core.shell:Creating environment hook '/home/newman/vrx_ws/src/mission_windwatch/install/share/vrx_gz/hook/cmake_prefix_path.ps1'
[2.016s] INFO:colcon.colcon_core.shell:Creating environment descriptor '/home/newman/vrx_ws/src/mission_windwatch/install/share/vrx_gz/hook/cmake_prefix_path.dsv'
[2.016s] INFO:colcon.colcon_core.shell:Creating environment hook '/home/newman/vrx_ws/src/mission_windwatch/install/share/vrx_gz/hook/cmake_prefix_path.sh'
[2.017s] Level 1:colcon.colcon_core.environment:checking '/home/newman/vrx_ws/src/mission_windwatch/install/lib'
[2.017s] Level 1:colcon.colcon_core.shell:create_environment_hook('vrx_gz', 'ld_library_path_lib')
[2.017s] INFO:colcon.colcon_core.shell:Creating environment hook '/home/newman/vrx_ws/src/mission_windwatch/install/share/vrx_gz/hook/ld_library_path_lib.ps1'
[2.020s] INFO:colcon.colcon_core.shell:Creating environment descriptor '/home/newman/vrx_ws/src/mission_windwatch/install/share/vrx_gz/hook/ld_library_path_lib.dsv'
[2.020s] INFO:colcon.colcon_core.shell:Creating environment hook '/home/newman/vrx_ws/src/mission_windwatch/install/share/vrx_gz/hook/ld_library_path_lib.sh'
[2.021s] Level 1:colcon.colcon_core.environment:checking '/home/newman/vrx_ws/src/mission_windwatch/install/bin'
[2.021s] Level 1:colcon.colcon_core.environment:checking '/home/newman/vrx_ws/src/mission_windwatch/install/lib/pkgconfig/vrx_gz.pc'
[2.021s] Level 1:colcon.colcon_core.environment:checking '/home/newman/vrx_ws/src/mission_windwatch/install/lib/python3.10/site-packages'
[2.021s] Level 1:colcon.colcon_core.environment:checking '/home/newman/vrx_ws/src/mission_windwatch/install/bin'
[2.022s] INFO:colcon.colcon_core.shell:Creating package script '/home/newman/vrx_ws/src/mission_windwatch/install/share/vrx_gz/package.ps1'
[2.022s] INFO:colcon.colcon_core.shell:Creating package descriptor '/home/newman/vrx_ws/src/mission_windwatch/install/share/vrx_gz/package.dsv'
[2.028s] INFO:colcon.colcon_core.shell:Creating package script '/home/newman/vrx_ws/src/mission_windwatch/install/share/vrx_gz/package.sh'
[2.029s] INFO:colcon.colcon_core.shell:Creating package script '/home/newman/vrx_ws/src/mission_windwatch/install/share/vrx_gz/package.bash'
[2.031s] INFO:colcon.colcon_core.shell:Creating package script '/home/newman/vrx_ws/src/mission_windwatch/install/share/vrx_gz/package.zsh'
[2.035s] Level 1:colcon.colcon_core.environment:create_file_with_runtime_dependencies(/home/newman/vrx_ws/src/mission_windwatch/install/share/colcon-core/packages/vrx_gz)
[2.040s] INFO:colcon.colcon_ros.task.ament_cmake.build:Building ROS package in '/home/newman/vrx_ws/src/mission_windwatch/src/aquabot/aquabot_gz' with build type 'ament_cmake'
[2.040s] INFO:colcon.colcon_cmake.task.cmake.build:Building CMake package in '/home/newman/vrx_ws/src/mission_windwatch/src/aquabot/aquabot_gz'
[2.040s] INFO:colcon.colcon_core.shell:Skip shell extension 'powershell' for command environment: Not usable outside of PowerShell
[2.040s] DEBUG:colcon.colcon_core.shell:Skip shell extension 'dsv' for command environment
[2.059s] DEBUG:colcon.colcon_core.event_handler.log_command:Invoking command in '/home/newman/vrx_ws/src/mission_windwatch/build/aquabot_gz': CMAKE_PREFIX_PATH=${CMAKE_PREFIX_PATH}:/opt/ros/humble /usr/bin/cmake --build /home/newman/vrx_ws/src/mission_windwatch/build/aquabot_gz -- -j9 -l9
[2.606s] DEBUG:colcon.colcon_core.event_handler.log_command:Invoked command in '/home/newman/vrx_ws/src/mission_windwatch/build/aquabot_gz' returned '0': CMAKE_PREFIX_PATH=${CMAKE_PREFIX_PATH}:/opt/ros/humble /usr/bin/cmake --build /home/newman/vrx_ws/src/mission_windwatch/build/aquabot_gz -- -j9 -l9
[2.666s] DEBUG:colcon.colcon_core.event_handler.log_command:Invoking command in '/home/newman/vrx_ws/src/mission_windwatch/build/aquabot_gz': CMAKE_PREFIX_PATH=${CMAKE_PREFIX_PATH}:/opt/ros/humble /usr/bin/cmake --install /home/newman/vrx_ws/src/mission_windwatch/build/aquabot_gz
[2.775s] Level 1:colcon.colcon_core.environment:create_environment_scripts_only(aquabot_gz)
[2.775s] Level 1:colcon.colcon_core.environment:checking '/home/newman/vrx_ws/src/mission_windwatch/install' for CMake module files
[2.785s] Level 1:colcon.colcon_core.environment:checking '/home/newman/vrx_ws/src/mission_windwatch/install' for CMake config files
[2.785s] Level 1:colcon.colcon_core.shell:create_environment_hook('aquabot_gz', 'cmake_prefix_path')
[2.785s] INFO:colcon.colcon_core.shell:Creating environment hook '/home/newman/vrx_ws/src/mission_windwatch/install/share/aquabot_gz/hook/cmake_prefix_path.ps1'
[2.785s] INFO:colcon.colcon_core.shell:Creating environment descriptor '/home/newman/vrx_ws/src/mission_windwatch/install/share/aquabot_gz/hook/cmake_prefix_path.dsv'
[2.786s] INFO:colcon.colcon_core.shell:Creating environment hook '/home/newman/vrx_ws/src/mission_windwatch/install/share/aquabot_gz/hook/cmake_prefix_path.sh'
[2.786s] Level 1:colcon.colcon_core.environment:checking '/home/newman/vrx_ws/src/mission_windwatch/install/lib'
[2.786s] Level 1:colcon.colcon_core.shell:create_environment_hook('aquabot_gz', 'ld_library_path_lib')
[2.787s] INFO:colcon.colcon_core.shell:Creating environment hook '/home/newman/vrx_ws/src/mission_windwatch/install/share/aquabot_gz/hook/ld_library_path_lib.ps1'
[2.794s] DEBUG:colcon.colcon_core.event_handler.log_command:Invoked command in '/home/newman/vrx_ws/src/mission_windwatch/build/aquabot_gz' returned '0': CMAKE_PREFIX_PATH=${CMAKE_PREFIX_PATH}:/opt/ros/humble /usr/bin/cmake --install /home/newman/vrx_ws/src/mission_windwatch/build/aquabot_gz
[2.799s] INFO:colcon.colcon_core.shell:Creating environment descriptor '/home/newman/vrx_ws/src/mission_windwatch/install/share/aquabot_gz/hook/ld_library_path_lib.dsv'
[2.799s] INFO:colcon.colcon_core.shell:Creating environment hook '/home/newman/vrx_ws/src/mission_windwatch/install/share/aquabot_gz/hook/ld_library_path_lib.sh'
[2.800s] Level 1:colcon.colcon_core.environment:checking '/home/newman/vrx_ws/src/mission_windwatch/install/bin'
[2.800s] Level 1:colcon.colcon_core.environment:checking '/home/newman/vrx_ws/src/mission_windwatch/install/lib/pkgconfig/aquabot_gz.pc'
[2.800s] Level 1:colcon.colcon_core.environment:checking '/home/newman/vrx_ws/src/mission_windwatch/install/lib/python3.10/site-packages'
[2.800s] Level 1:colcon.colcon_core.environment:checking '/home/newman/vrx_ws/src/mission_windwatch/install/bin'
[2.800s] INFO:colcon.colcon_core.shell:Creating package script '/home/newman/vrx_ws/src/mission_windwatch/install/share/aquabot_gz/package.ps1'
[2.801s] INFO:colcon.colcon_core.shell:Creating package descriptor '/home/newman/vrx_ws/src/mission_windwatch/install/share/aquabot_gz/package.dsv'
[2.801s] INFO:colcon.colcon_core.shell:Creating package script '/home/newman/vrx_ws/src/mission_windwatch/install/share/aquabot_gz/package.sh'
[2.801s] INFO:colcon.colcon_core.shell:Creating package script '/home/newman/vrx_ws/src/mission_windwatch/install/share/aquabot_gz/package.bash'
[2.802s] INFO:colcon.colcon_core.shell:Creating package script '/home/newman/vrx_ws/src/mission_windwatch/install/share/aquabot_gz/package.zsh'
[2.802s] Level 1:colcon.colcon_core.environment:create_file_with_runtime_dependencies(/home/newman/vrx_ws/src/mission_windwatch/install/share/colcon-core/packages/aquabot_gz)
[2.854s] Level 1:colcon.colcon_core.environment:create_environment_scripts_only(aquabot_gz)
[2.855s] Level 1:colcon.colcon_core.environment:checking '/home/newman/vrx_ws/src/mission_windwatch/install' for CMake module files
[2.855s] Level 1:colcon.colcon_core.environment:checking '/home/newman/vrx_ws/src/mission_windwatch/install' for CMake config files
[2.855s] Level 1:colcon.colcon_core.shell:create_environment_hook('aquabot_gz', 'cmake_prefix_path')
[2.856s] INFO:colcon.colcon_core.shell:Creating environment hook '/home/newman/vrx_ws/src/mission_windwatch/install/share/aquabot_gz/hook/cmake_prefix_path.ps1'
[2.856s] INFO:colcon.colcon_core.shell:Creating environment descriptor '/home/newman/vrx_ws/src/mission_windwatch/install/share/aquabot_gz/hook/cmake_prefix_path.dsv'
[2.867s] INFO:colcon.colcon_core.shell:Creating environment hook '/home/newman/vrx_ws/src/mission_windwatch/install/share/aquabot_gz/hook/cmake_prefix_path.sh'
[2.867s] Level 1:colcon.colcon_core.environment:checking '/home/newman/vrx_ws/src/mission_windwatch/install/lib'
[2.868s] Level 1:colcon.colcon_core.shell:create_environment_hook('aquabot_gz', 'ld_library_path_lib')
[2.868s] INFO:colcon.colcon_core.shell:Creating environment hook '/home/newman/vrx_ws/src/mission_windwatch/install/share/aquabot_gz/hook/ld_library_path_lib.ps1'
[2.868s] INFO:colcon.colcon_core.shell:Creating environment descriptor '/home/newman/vrx_ws/src/mission_windwatch/install/share/aquabot_gz/hook/ld_library_path_lib.dsv'
[2.868s] INFO:colcon.colcon_core.shell:Creating environment hook '/home/newman/vrx_ws/src/mission_windwatch/install/share/aquabot_gz/hook/ld_library_path_lib.sh'
[2.869s] Level 1:colcon.colcon_core.environment:checking '/home/newman/vrx_ws/src/mission_windwatch/install/bin'
[2.869s] Level 1:colcon.colcon_core.environment:checking '/home/newman/vrx_ws/src/mission_windwatch/install/lib/pkgconfig/aquabot_gz.pc'
[2.869s] Level 1:colcon.colcon_core.environment:checking '/home/newman/vrx_ws/src/mission_windwatch/install/lib/python3.10/site-packages'
[2.869s] Level 1:colcon.colcon_core.environment:checking '/home/newman/vrx_ws/src/mission_windwatch/install/bin'
[2.869s] INFO:colcon.colcon_core.shell:Creating package script '/home/newman/vrx_ws/src/mission_windwatch/install/share/aquabot_gz/package.ps1'
[2.876s] INFO:colcon.colcon_core.shell:Creating package descriptor '/home/newman/vrx_ws/src/mission_windwatch/install/share/aquabot_gz/package.dsv'
[2.876s] INFO:colcon.colcon_core.shell:Creating package script '/home/newman/vrx_ws/src/mission_windwatch/install/share/aquabot_gz/package.sh'
[2.876s] INFO:colcon.colcon_core.shell:Creating package script '/home/newman/vrx_ws/src/mission_windwatch/install/share/aquabot_gz/package.bash'
[2.877s] INFO:colcon.colcon_core.shell:Creating package script '/home/newman/vrx_ws/src/mission_windwatch/install/share/aquabot_gz/package.zsh'
[2.877s] Level 1:colcon.colcon_core.environment:create_file_with_runtime_dependencies(/home/newman/vrx_ws/src/mission_windwatch/install/share/colcon-core/packages/aquabot_gz)
[3.941s] DEBUG:colcon.colcon_core.event_handler.log_command:Invoked command in '/home/newman/vrx_ws/src/mission_windwatch/build/navigation' returned '2': CMAKE_PREFIX_PATH=${CMAKE_PREFIX_PATH}:/opt/ros/humble /usr/bin/cmake --build /home/newman/vrx_ws/src/mission_windwatch/build/navigation -- -j9 -l9
[3.960s] Level 1:colcon.colcon_core.environment:create_environment_scripts_only(navigation)
[3.962s] Level 1:colcon.colcon_core.environment:checking '/home/newman/vrx_ws/src/mission_windwatch/install' for CMake module files
[3.962s] Level 1:colcon.colcon_core.environment:checking '/home/newman/vrx_ws/src/mission_windwatch/install' for CMake config files
[3.962s] Level 1:colcon.colcon_core.shell:create_environment_hook('navigation', 'cmake_prefix_path')
[3.962s] INFO:colcon.colcon_core.shell:Creating environment hook '/home/newman/vrx_ws/src/mission_windwatch/install/share/navigation/hook/cmake_prefix_path.ps1'
[3.963s] INFO:colcon.colcon_core.shell:Creating environment descriptor '/home/newman/vrx_ws/src/mission_windwatch/install/share/navigation/hook/cmake_prefix_path.dsv'
[3.963s] INFO:colcon.colcon_core.shell:Creating environment hook '/home/newman/vrx_ws/src/mission_windwatch/install/share/navigation/hook/cmake_prefix_path.sh'
[3.964s] Level 1:colcon.colcon_core.environment:checking '/home/newman/vrx_ws/src/mission_windwatch/install/lib'
[3.964s] Level 1:colcon.colcon_core.shell:create_environment_hook('navigation', 'ld_library_path_lib')
[3.964s] INFO:colcon.colcon_core.shell:Creating environment hook '/home/newman/vrx_ws/src/mission_windwatch/install/share/navigation/hook/ld_library_path_lib.ps1'
[3.965s] INFO:colcon.colcon_core.shell:Creating environment descriptor '/home/newman/vrx_ws/src/mission_windwatch/install/share/navigation/hook/ld_library_path_lib.dsv'
[3.965s] INFO:colcon.colcon_core.shell:Creating environment hook '/home/newman/vrx_ws/src/mission_windwatch/install/share/navigation/hook/ld_library_path_lib.sh'
[3.965s] Level 1:colcon.colcon_core.environment:checking '/home/newman/vrx_ws/src/mission_windwatch/install/bin'
[3.966s] Level 1:colcon.colcon_core.environment:checking '/home/newman/vrx_ws/src/mission_windwatch/install/lib/pkgconfig/navigation.pc'
[3.966s] Level 1:colcon.colcon_core.environment:checking '/home/newman/vrx_ws/src/mission_windwatch/install/lib/python3.10/site-packages'
[3.966s] Level 1:colcon.colcon_core.environment:checking '/home/newman/vrx_ws/src/mission_windwatch/install/bin'
[3.966s] INFO:colcon.colcon_core.shell:Creating package script '/home/newman/vrx_ws/src/mission_windwatch/install/share/navigation/package.ps1'
[3.967s] INFO:colcon.colcon_core.shell:Creating package descriptor '/home/newman/vrx_ws/src/mission_windwatch/install/share/navigation/package.dsv'
[3.967s] INFO:colcon.colcon_core.shell:Creating package script '/home/newman/vrx_ws/src/mission_windwatch/install/share/navigation/package.sh'
[3.968s] INFO:colcon.colcon_core.shell:Creating package script '/home/newman/vrx_ws/src/mission_windwatch/install/share/navigation/package.bash'
[3.968s] INFO:colcon.colcon_core.shell:Creating package script '/home/newman/vrx_ws/src/mission_windwatch/install/share/navigation/package.zsh'
[3.969s] Level 1:colcon.colcon_core.environment:create_file_with_runtime_dependencies(/home/newman/vrx_ws/src/mission_windwatch/install/share/colcon-core/packages/navigation)
[4.549s] DEBUG:colcon.colcon_parallel_executor.executor.parallel:closing loop
[4.549s] DEBUG:colcon.colcon_parallel_executor.executor.parallel:loop closed
[4.549s] DEBUG:colcon.colcon_parallel_executor.executor.parallel:run_until_complete finished with '2'
[4.549s] DEBUG:colcon.colcon_core.event_reactor:joining thread
[4.554s] INFO:colcon.colcon_core.plugin_system:Skipping extension 'colcon_notification.desktop_notification.terminal_notifier': Not used on non-Darwin systems
[4.555s] INFO:colcon.colcon_core.plugin_system:Skipping extension 'colcon_notification.desktop_notification.win32': Not used on non-Windows systems
[4.555s] INFO:colcon.colcon_notification.desktop_notification:Sending desktop notification using 'notify2'
[4.564s] DEBUG:colcon.colcon_core.event_reactor:joined thread
[4.564s] INFO:colcon.colcon_core.shell:Creating prefix script '/home/newman/vrx_ws/src/mission_windwatch/install/local_setup.ps1'
[4.565s] INFO:colcon.colcon_core.shell:Creating prefix util module '/home/newman/vrx_ws/src/mission_windwatch/install/_local_setup_util_ps1.py'
[4.566s] INFO:colcon.colcon_core.shell:Creating prefix chain script '/home/newman/vrx_ws/src/mission_windwatch/install/setup.ps1'
[4.567s] INFO:colcon.colcon_core.shell:Creating prefix script '/home/newman/vrx_ws/src/mission_windwatch/install/local_setup.sh'
[4.567s] INFO:colcon.colcon_core.shell:Creating prefix util module '/home/newman/vrx_ws/src/mission_windwatch/install/_local_setup_util_sh.py'
[4.568s] INFO:colcon.colcon_core.shell:Creating prefix chain script '/home/newman/vrx_ws/src/mission_windwatch/install/setup.sh'
[4.569s] INFO:colcon.colcon_core.shell:Creating prefix script '/home/newman/vrx_ws/src/mission_windwatch/install/local_setup.bash'
[4.569s] INFO:colcon.colcon_core.shell:Creating prefix chain script '/home/newman/vrx_ws/src/mission_windwatch/install/setup.bash'
[4.570s] INFO:colcon.colcon_core.shell:Creating prefix script '/home/newman/vrx_ws/src/mission_windwatch/install/local_setup.zsh'
[4.570s] INFO:colcon.colcon_core.shell:Creating prefix chain script '/home/newman/vrx_ws/src/mission_windwatch/install/setup.zsh'
