[0.082s] DEBUG:colcon:Command line arguments: ['/usr/bin/colcon', 'build', '--merge-install']
[0.082s] DEBUG:colcon:Parsed command line arguments: Namespace(log_base=None, log_level=None, verb_name='build', build_base='build', install_base='install', merge_install=True, symlink_install=False, test_result_base=None, continue_on_error=False, executor='parallel', parallel_workers=9, event_handlers=None, ignore_user_meta=False, metas=['./colcon.meta'], base_paths=['.'], packages_ignore=None, packages_ignore_regex=None, paths=None, packages_up_to=None, packages_up_to_regex=None, packages_above=None, packages_above_and_dependencies=None, packages_above_depth=None, packages_select_by_dep=None, packages_skip_by_dep=None, packages_skip_up_to=None, packages_select_build_failed=False, packages_skip_build_finished=False, packages_select_test_failures=False, packages_skip_test_passed=False, packages_select=None, packages_skip=None, packages_select_regex=None, packages_skip_regex=None, packages_start=None, packages_end=None, allow_overriding=[], cmake_args=None, cmake_target=None, cmake_target_skip_unavailable=False, cmake_clean_cache=False, cmake_clean_first=False, cmake_force_configure=False, ament_cmake_args=None, catkin_cmake_args=None, catkin_skip_building_tests=False, verb_parser=<colcon_defaults.argument_parser.defaults.DefaultArgumentsDecorator object at 0x76872cb54130>, verb_extension=<colcon_core.verb.build.BuildVerb object at 0x76872cb1bca0>, main=<bound method BuildVerb.main of <colcon_core.verb.build.BuildVerb object at 0x76872cb1bca0>>)
[0.206s] Level 1:colcon.colcon_core.package_discovery:discover_packages(colcon_meta) check parameters
[0.207s] Level 1:colcon.colcon_core.package_discovery:discover_packages(recursive) check parameters
[0.207s] Level 1:colcon.colcon_core.package_discovery:discover_packages(ignore) check parameters
[0.207s] Level 1:colcon.colcon_core.package_discovery:discover_packages(path) check parameters
[0.207s] Level 1:colcon.colcon_core.package_discovery:discover_packages(colcon_meta) discover
[0.207s] Level 1:colcon.colcon_core.package_discovery:discover_packages(recursive) discover
[0.207s] INFO:colcon.colcon_core.package_discovery:Crawling recursively for packages in '/home/newman/vrx_ws/src/mission_windwatch'
[0.207s] Level 1:colcon.colcon_core.package_identification:_identify(.) by extensions ['ignore', 'ignore_ament_install']
[0.207s] Level 1:colcon.colcon_core.package_identification:_identify(.) by extension 'ignore'
[0.207s] Level 1:colcon.colcon_core.package_identification:_identify(.) by extension 'ignore_ament_install'
[0.207s] Level 1:colcon.colcon_core.package_identification:_identify(.) by extensions ['colcon_pkg']
[0.207s] Level 1:colcon.colcon_core.package_identification:_identify(.) by extension 'colcon_pkg'
[0.207s] Level 1:colcon.colcon_core.package_identification:_identify(.) by extensions ['colcon_meta']
[0.207s] Level 1:colcon.colcon_core.package_identification:_identify(.) by extension 'colcon_meta'
[0.207s] Level 1:colcon.colcon_core.package_identification:_identify(.) by extensions ['ros']
[0.207s] Level 1:colcon.colcon_core.package_identification:_identify(.) by extension 'ros'
[0.215s] Level 1:colcon.colcon_core.package_identification:_identify(.) by extensions ['cmake', 'python']
[0.215s] Level 1:colcon.colcon_core.package_identification:_identify(.) by extension 'cmake'
[0.215s] Level 1:colcon.colcon_core.package_identification:_identify(.) by extension 'python'
[0.215s] Level 1:colcon.colcon_core.package_identification:_identify(.) by extensions ['python_setup_py']
[0.215s] Level 1:colcon.colcon_core.package_identification:_identify(.) by extension 'python_setup_py'
[0.216s] Level 1:colcon.colcon_core.package_identification:_identify(assets) by extensions ['ignore', 'ignore_ament_install']
[0.216s] Level 1:colcon.colcon_core.package_identification:_identify(assets) by extension 'ignore'
[0.216s] Level 1:colcon.colcon_core.package_identification:_identify(assets) by extension 'ignore_ament_install'
[0.216s] Level 1:colcon.colcon_core.package_identification:_identify(assets) by extensions ['colcon_pkg']
[0.216s] Level 1:colcon.colcon_core.package_identification:_identify(assets) by extension 'colcon_pkg'
[0.216s] Level 1:colcon.colcon_core.package_identification:_identify(assets) by extensions ['colcon_meta']
[0.216s] Level 1:colcon.colcon_core.package_identification:_identify(assets) by extension 'colcon_meta'
[0.216s] Level 1:colcon.colcon_core.package_identification:_identify(assets) by extensions ['ros']
[0.216s] Level 1:colcon.colcon_core.package_identification:_identify(assets) by extension 'ros'
[0.216s] Level 1:colcon.colcon_core.package_identification:_identify(assets) by extensions ['cmake', 'python']
[0.216s] Level 1:colcon.colcon_core.package_identification:_identify(assets) by extension 'cmake'
[0.216s] Level 1:colcon.colcon_core.package_identification:_identify(assets) by extension 'python'
[0.216s] Level 1:colcon.colcon_core.package_identification:_identify(assets) by extensions ['python_setup_py']
[0.216s] Level 1:colcon.colcon_core.package_identification:_identify(assets) by extension 'python_setup_py'
[0.216s] Level 1:colcon.colcon_core.package_identification:_identify(build) by extensions ['ignore', 'ignore_ament_install']
[0.216s] Level 1:colcon.colcon_core.package_identification:_identify(build) by extension 'ignore'
[0.216s] Level 1:colcon.colcon_core.package_identification:_identify(build) ignored
[0.216s] Level 1:colcon.colcon_core.package_identification:_identify(install) by extensions ['ignore', 'ignore_ament_install']
[0.216s] Level 1:colcon.colcon_core.package_identification:_identify(install) by extension 'ignore'
[0.216s] Level 1:colcon.colcon_core.package_identification:_identify(install) ignored
[0.216s] Level 1:colcon.colcon_core.package_identification:_identify(log) by extensions ['ignore', 'ignore_ament_install']
[0.217s] Level 1:colcon.colcon_core.package_identification:_identify(log) by extension 'ignore'
[0.217s] Level 1:colcon.colcon_core.package_identification:_identify(log) ignored
[0.217s] Level 1:colcon.colcon_core.package_identification:_identify(src) by extensions ['ignore', 'ignore_ament_install']
[0.217s] Level 1:colcon.colcon_core.package_identification:_identify(src) by extension 'ignore'
[0.217s] Level 1:colcon.colcon_core.package_identification:_identify(src) by extension 'ignore_ament_install'
[0.217s] Level 1:colcon.colcon_core.package_identification:_identify(src) by extensions ['colcon_pkg']
[0.217s] Level 1:colcon.colcon_core.package_identification:_identify(src) by extension 'colcon_pkg'
[0.217s] Level 1:colcon.colcon_core.package_identification:_identify(src) by extensions ['colcon_meta']
[0.217s] Level 1:colcon.colcon_core.package_identification:_identify(src) by extension 'colcon_meta'
[0.217s] Level 1:colcon.colcon_core.package_identification:_identify(src) by extensions ['ros']
[0.217s] Level 1:colcon.colcon_core.package_identification:_identify(src) by extension 'ros'
[0.217s] Level 1:colcon.colcon_core.package_identification:_identify(src) by extensions ['cmake', 'python']
[0.217s] Level 1:colcon.colcon_core.package_identification:_identify(src) by extension 'cmake'
[0.217s] Level 1:colcon.colcon_core.package_identification:_identify(src) by extension 'python'
[0.217s] Level 1:colcon.colcon_core.package_identification:_identify(src) by extensions ['python_setup_py']
[0.217s] Level 1:colcon.colcon_core.package_identification:_identify(src) by extension 'python_setup_py'
[0.217s] Level 1:colcon.colcon_core.package_identification:_identify(src/aquabot) by extensions ['ignore', 'ignore_ament_install']
[0.217s] Level 1:colcon.colcon_core.package_identification:_identify(src/aquabot) by extension 'ignore'
[0.217s] Level 1:colcon.colcon_core.package_identification:_identify(src/aquabot) by extension 'ignore_ament_install'
[0.217s] Level 1:colcon.colcon_core.package_identification:_identify(src/aquabot) by extensions ['colcon_pkg']
[0.217s] Level 1:colcon.colcon_core.package_identification:_identify(src/aquabot) by extension 'colcon_pkg'
[0.217s] Level 1:colcon.colcon_core.package_identification:_identify(src/aquabot) by extensions ['colcon_meta']
[0.217s] Level 1:colcon.colcon_core.package_identification:_identify(src/aquabot) by extension 'colcon_meta'
[0.217s] Level 1:colcon.colcon_core.package_identification:_identify(src/aquabot) by extensions ['ros']
[0.217s] Level 1:colcon.colcon_core.package_identification:_identify(src/aquabot) by extension 'ros'
[0.218s] Level 1:colcon.colcon_core.package_identification:_identify(src/aquabot) by extensions ['cmake', 'python']
[0.218s] Level 1:colcon.colcon_core.package_identification:_identify(src/aquabot) by extension 'cmake'
[0.218s] Level 1:colcon.colcon_core.package_identification:_identify(src/aquabot) by extension 'python'
[0.218s] Level 1:colcon.colcon_core.package_identification:_identify(src/aquabot) by extensions ['python_setup_py']
[0.218s] Level 1:colcon.colcon_core.package_identification:_identify(src/aquabot) by extension 'python_setup_py'
[0.218s] Level 1:colcon.colcon_core.package_identification:_identify(src/aquabot/aquabot_gz) by extensions ['ignore', 'ignore_ament_install']
[0.218s] Level 1:colcon.colcon_core.package_identification:_identify(src/aquabot/aquabot_gz) by extension 'ignore'
[0.218s] Level 1:colcon.colcon_core.package_identification:_identify(src/aquabot/aquabot_gz) by extension 'ignore_ament_install'
[0.218s] Level 1:colcon.colcon_core.package_identification:_identify(src/aquabot/aquabot_gz) by extensions ['colcon_pkg']
[0.218s] Level 1:colcon.colcon_core.package_identification:_identify(src/aquabot/aquabot_gz) by extension 'colcon_pkg'
[0.218s] Level 1:colcon.colcon_core.package_identification:_identify(src/aquabot/aquabot_gz) by extensions ['colcon_meta']
[0.218s] Level 1:colcon.colcon_core.package_identification:_identify(src/aquabot/aquabot_gz) by extension 'colcon_meta'
[0.218s] Level 1:colcon.colcon_core.package_identification:_identify(src/aquabot/aquabot_gz) by extensions ['ros']
[0.218s] Level 1:colcon.colcon_core.package_identification:_identify(src/aquabot/aquabot_gz) by extension 'ros'
[0.220s] DEBUG:colcon.colcon_core.package_identification:Package 'src/aquabot/aquabot_gz' with type 'ros.ament_cmake' and name 'aquabot_gz'
[0.220s] Level 1:colcon.colcon_core.package_identification:_identify(src/aquabot/aquabot_python) by extensions ['ignore', 'ignore_ament_install']
[0.220s] Level 1:colcon.colcon_core.package_identification:_identify(src/aquabot/aquabot_python) by extension 'ignore'
[0.220s] Level 1:colcon.colcon_core.package_identification:_identify(src/aquabot/aquabot_python) by extension 'ignore_ament_install'
[0.220s] Level 1:colcon.colcon_core.package_identification:_identify(src/aquabot/aquabot_python) by extensions ['colcon_pkg']
[0.220s] Level 1:colcon.colcon_core.package_identification:_identify(src/aquabot/aquabot_python) by extension 'colcon_pkg'
[0.220s] Level 1:colcon.colcon_core.package_identification:_identify(src/aquabot/aquabot_python) by extensions ['colcon_meta']
[0.220s] Level 1:colcon.colcon_core.package_identification:_identify(src/aquabot/aquabot_python) by extension 'colcon_meta'
[0.220s] Level 1:colcon.colcon_core.package_identification:_identify(src/aquabot/aquabot_python) by extensions ['ros']
[0.220s] Level 1:colcon.colcon_core.package_identification:_identify(src/aquabot/aquabot_python) by extension 'ros'
[0.221s] DEBUG:colcon.colcon_core.package_identification:Package 'src/aquabot/aquabot_python' with type 'ros.ament_cmake' and name 'aquabot_python'
[0.221s] Level 1:colcon.colcon_core.package_identification:_identify(src/aquabot/aquabot_urdf) by extensions ['ignore', 'ignore_ament_install']
[0.221s] Level 1:colcon.colcon_core.package_identification:_identify(src/aquabot/aquabot_urdf) by extension 'ignore'
[0.221s] Level 1:colcon.colcon_core.package_identification:_identify(src/aquabot/aquabot_urdf) by extension 'ignore_ament_install'
[0.221s] Level 1:colcon.colcon_core.package_identification:_identify(src/aquabot/aquabot_urdf) by extensions ['colcon_pkg']
[0.221s] Level 1:colcon.colcon_core.package_identification:_identify(src/aquabot/aquabot_urdf) by extension 'colcon_pkg'
[0.221s] Level 1:colcon.colcon_core.package_identification:_identify(src/aquabot/aquabot_urdf) by extensions ['colcon_meta']
[0.221s] Level 1:colcon.colcon_core.package_identification:_identify(src/aquabot/aquabot_urdf) by extension 'colcon_meta'
[0.221s] Level 1:colcon.colcon_core.package_identification:_identify(src/aquabot/aquabot_urdf) by extensions ['ros']
[0.221s] Level 1:colcon.colcon_core.package_identification:_identify(src/aquabot/aquabot_urdf) by extension 'ros'
[0.221s] Level 1:colcon.colcon_core.package_identification:_identify(src/aquabot/aquabot_urdf) by extensions ['cmake', 'python']
[0.221s] Level 1:colcon.colcon_core.package_identification:_identify(src/aquabot/aquabot_urdf) by extension 'cmake'
[0.221s] Level 1:colcon.colcon_core.package_identification:_identify(src/aquabot/aquabot_urdf) by extension 'python'
[0.221s] Level 1:colcon.colcon_core.package_identification:_identify(src/aquabot/aquabot_urdf) by extensions ['python_setup_py']
[0.221s] Level 1:colcon.colcon_core.package_identification:_identify(src/aquabot/aquabot_urdf) by extension 'python_setup_py'
[0.221s] Level 1:colcon.colcon_core.package_identification:_identify(src/aquabot/aquabot_urdf/aquabot_description) by extensions ['ignore', 'ignore_ament_install']
[0.221s] Level 1:colcon.colcon_core.package_identification:_identify(src/aquabot/aquabot_urdf/aquabot_description) by extension 'ignore'
[0.221s] Level 1:colcon.colcon_core.package_identification:_identify(src/aquabot/aquabot_urdf/aquabot_description) by extension 'ignore_ament_install'
[0.221s] Level 1:colcon.colcon_core.package_identification:_identify(src/aquabot/aquabot_urdf/aquabot_description) by extensions ['colcon_pkg']
[0.221s] Level 1:colcon.colcon_core.package_identification:_identify(src/aquabot/aquabot_urdf/aquabot_description) by extension 'colcon_pkg'
[0.222s] Level 1:colcon.colcon_core.package_identification:_identify(src/aquabot/aquabot_urdf/aquabot_description) by extensions ['colcon_meta']
[0.222s] Level 1:colcon.colcon_core.package_identification:_identify(src/aquabot/aquabot_urdf/aquabot_description) by extension 'colcon_meta'
[0.222s] Level 1:colcon.colcon_core.package_identification:_identify(src/aquabot/aquabot_urdf/aquabot_description) by extensions ['ros']
[0.222s] Level 1:colcon.colcon_core.package_identification:_identify(src/aquabot/aquabot_urdf/aquabot_description) by extension 'ros'
[0.222s] DEBUG:colcon.colcon_core.package_identification:Package 'src/aquabot/aquabot_urdf/aquabot_description' with type 'ros.ament_cmake' and name 'aquabot_description'
[0.222s] Level 1:colcon.colcon_core.package_identification:_identify(src/aquabot_competitor) by extensions ['ignore', 'ignore_ament_install']
[0.222s] Level 1:colcon.colcon_core.package_identification:_identify(src/aquabot_competitor) by extension 'ignore'
[0.222s] Level 1:colcon.colcon_core.package_identification:_identify(src/aquabot_competitor) by extension 'ignore_ament_install'
[0.222s] Level 1:colcon.colcon_core.package_identification:_identify(src/aquabot_competitor) by extensions ['colcon_pkg']
[0.222s] Level 1:colcon.colcon_core.package_identification:_identify(src/aquabot_competitor) by extension 'colcon_pkg'
[0.222s] Level 1:colcon.colcon_core.package_identification:_identify(src/aquabot_competitor) by extensions ['colcon_meta']
[0.222s] Level 1:colcon.colcon_core.package_identification:_identify(src/aquabot_competitor) by extension 'colcon_meta'
[0.222s] Level 1:colcon.colcon_core.package_identification:_identify(src/aquabot_competitor) by extensions ['ros']
[0.222s] Level 1:colcon.colcon_core.package_identification:_identify(src/aquabot_competitor) by extension 'ros'
[0.222s] Level 1:colcon.colcon_core.package_identification:_identify(src/aquabot_competitor) by extensions ['cmake', 'python']
[0.223s] Level 1:colcon.colcon_core.package_identification:_identify(src/aquabot_competitor) by extension 'cmake'
[0.223s] Level 1:colcon.colcon_core.package_identification:_identify(src/aquabot_competitor) by extension 'python'
[0.223s] Level 1:colcon.colcon_core.package_identification:_identify(src/aquabot_competitor) by extensions ['python_setup_py']
[0.223s] Level 1:colcon.colcon_core.package_identification:_identify(src/aquabot_competitor) by extension 'python_setup_py'
[0.223s] Level 1:colcon.colcon_core.package_identification:_identify(src/aquabot_competitor/aquabot_examples) by extensions ['ignore', 'ignore_ament_install']
[0.223s] Level 1:colcon.colcon_core.package_identification:_identify(src/aquabot_competitor/aquabot_examples) by extension 'ignore'
[0.223s] Level 1:colcon.colcon_core.package_identification:_identify(src/aquabot_competitor/aquabot_examples) by extension 'ignore_ament_install'
[0.223s] Level 1:colcon.colcon_core.package_identification:_identify(src/aquabot_competitor/aquabot_examples) by extensions ['colcon_pkg']
[0.223s] Level 1:colcon.colcon_core.package_identification:_identify(src/aquabot_competitor/aquabot_examples) by extension 'colcon_pkg'
[0.223s] Level 1:colcon.colcon_core.package_identification:_identify(src/aquabot_competitor/aquabot_examples) by extensions ['colcon_meta']
[0.223s] Level 1:colcon.colcon_core.package_identification:_identify(src/aquabot_competitor/aquabot_examples) by extension 'colcon_meta'
[0.223s] Level 1:colcon.colcon_core.package_identification:_identify(src/aquabot_competitor/aquabot_examples) by extensions ['ros']
[0.223s] Level 1:colcon.colcon_core.package_identification:_identify(src/aquabot_competitor/aquabot_examples) by extension 'ros'
[0.223s] Level 1:colcon.colcon_core.package_identification:_identify(src/aquabot_competitor/aquabot_examples) by extensions ['cmake', 'python']
[0.223s] Level 1:colcon.colcon_core.package_identification:_identify(src/aquabot_competitor/aquabot_examples) by extension 'cmake'
[0.223s] Level 1:colcon.colcon_core.package_identification:_identify(src/aquabot_competitor/aquabot_examples) by extension 'python'
[0.223s] Level 1:colcon.colcon_core.package_identification:_identify(src/aquabot_competitor/aquabot_examples) by extensions ['python_setup_py']
[0.223s] Level 1:colcon.colcon_core.package_identification:_identify(src/aquabot_competitor/aquabot_examples) by extension 'python_setup_py'
[0.223s] Level 1:colcon.colcon_core.package_identification:_identify(src/aquabot_competitor/aquabot_examples/aquabot_example) by extensions ['ignore', 'ignore_ament_install']
[0.223s] Level 1:colcon.colcon_core.package_identification:_identify(src/aquabot_competitor/aquabot_examples/aquabot_example) by extension 'ignore'
[0.223s] Level 1:colcon.colcon_core.package_identification:_identify(src/aquabot_competitor/aquabot_examples/aquabot_example) by extension 'ignore_ament_install'
[0.223s] Level 1:colcon.colcon_core.package_identification:_identify(src/aquabot_competitor/aquabot_examples/aquabot_example) by extensions ['colcon_pkg']
[0.223s] Level 1:colcon.colcon_core.package_identification:_identify(src/aquabot_competitor/aquabot_examples/aquabot_example) by extension 'colcon_pkg'
[0.223s] Level 1:colcon.colcon_core.package_identification:_identify(src/aquabot_competitor/aquabot_examples/aquabot_example) by extensions ['colcon_meta']
[0.223s] Level 1:colcon.colcon_core.package_identification:_identify(src/aquabot_competitor/aquabot_examples/aquabot_example) by extension 'colcon_meta'
[0.223s] Level 1:colcon.colcon_core.package_identification:_identify(src/aquabot_competitor/aquabot_examples/aquabot_example) by extensions ['ros']
[0.224s] Level 1:colcon.colcon_core.package_identification:_identify(src/aquabot_competitor/aquabot_examples/aquabot_example) by extension 'ros'
[0.224s] DEBUG:colcon.colcon_core.package_identification:Package 'src/aquabot_competitor/aquabot_examples/aquabot_example' with type 'ros.ament_cmake' and name 'aquabot_example'
[0.224s] Level 1:colcon.colcon_core.package_identification:_identify(src/aquabot_competitor/aquabot_examples/opencv_example) by extensions ['ignore', 'ignore_ament_install']
[0.224s] Level 1:colcon.colcon_core.package_identification:_identify(src/aquabot_competitor/aquabot_examples/opencv_example) by extension 'ignore'
[0.224s] Level 1:colcon.colcon_core.package_identification:_identify(src/aquabot_competitor/aquabot_examples/opencv_example) by extension 'ignore_ament_install'
[0.224s] Level 1:colcon.colcon_core.package_identification:_identify(src/aquabot_competitor/aquabot_examples/opencv_example) by extensions ['colcon_pkg']
[0.224s] Level 1:colcon.colcon_core.package_identification:_identify(src/aquabot_competitor/aquabot_examples/opencv_example) by extension 'colcon_pkg'
[0.224s] Level 1:colcon.colcon_core.package_identification:_identify(src/aquabot_competitor/aquabot_examples/opencv_example) by extensions ['colcon_meta']
[0.224s] Level 1:colcon.colcon_core.package_identification:_identify(src/aquabot_competitor/aquabot_examples/opencv_example) by extension 'colcon_meta'
[0.224s] Level 1:colcon.colcon_core.package_identification:_identify(src/aquabot_competitor/aquabot_examples/opencv_example) by extensions ['ros']
[0.225s] Level 1:colcon.colcon_core.package_identification:_identify(src/aquabot_competitor/aquabot_examples/opencv_example) by extension 'ros'
[0.225s] DEBUG:colcon.colcon_core.package_identification:Package 'src/aquabot_competitor/aquabot_examples/opencv_example' with type 'ros.ament_cmake' and name 'opencv_example'
[0.225s] Level 1:colcon.colcon_core.package_identification:_identify(src/aquabot_competitor/aquabot_examples/package_example) by extensions ['ignore', 'ignore_ament_install']
[0.225s] Level 1:colcon.colcon_core.package_identification:_identify(src/aquabot_competitor/aquabot_examples/package_example) by extension 'ignore'
[0.225s] Level 1:colcon.colcon_core.package_identification:_identify(src/aquabot_competitor/aquabot_examples/package_example) by extension 'ignore_ament_install'
[0.225s] Level 1:colcon.colcon_core.package_identification:_identify(src/aquabot_competitor/aquabot_examples/package_example) by extensions ['colcon_pkg']
[0.225s] Level 1:colcon.colcon_core.package_identification:_identify(src/aquabot_competitor/aquabot_examples/package_example) by extension 'colcon_pkg'
[0.225s] Level 1:colcon.colcon_core.package_identification:_identify(src/aquabot_competitor/aquabot_examples/package_example) by extensions ['colcon_meta']
[0.225s] Level 1:colcon.colcon_core.package_identification:_identify(src/aquabot_competitor/aquabot_examples/package_example) by extension 'colcon_meta'
[0.226s] Level 1:colcon.colcon_core.package_identification:_identify(src/aquabot_competitor/aquabot_examples/package_example) by extensions ['ros']
[0.226s] Level 1:colcon.colcon_core.package_identification:_identify(src/aquabot_competitor/aquabot_examples/package_example) by extension 'ros'
[0.226s] DEBUG:colcon.colcon_core.package_identification:Package 'src/aquabot_competitor/aquabot_examples/package_example' with type 'ros.ament_cmake' and name 'package_example'
[0.226s] Level 1:colcon.colcon_core.package_identification:_identify(src/aquabot_competitor/my_team_package) by extensions ['ignore', 'ignore_ament_install']
[0.226s] Level 1:colcon.colcon_core.package_identification:_identify(src/aquabot_competitor/my_team_package) by extension 'ignore'
[0.226s] Level 1:colcon.colcon_core.package_identification:_identify(src/aquabot_competitor/my_team_package) by extension 'ignore_ament_install'
[0.226s] Level 1:colcon.colcon_core.package_identification:_identify(src/aquabot_competitor/my_team_package) by extensions ['colcon_pkg']
[0.226s] Level 1:colcon.colcon_core.package_identification:_identify(src/aquabot_competitor/my_team_package) by extension 'colcon_pkg'
[0.226s] Level 1:colcon.colcon_core.package_identification:_identify(src/aquabot_competitor/my_team_package) by extensions ['colcon_meta']
[0.226s] Level 1:colcon.colcon_core.package_identification:_identify(src/aquabot_competitor/my_team_package) by extension 'colcon_meta'
[0.226s] Level 1:colcon.colcon_core.package_identification:_identify(src/aquabot_competitor/my_team_package) by extensions ['ros']
[0.226s] Level 1:colcon.colcon_core.package_identification:_identify(src/aquabot_competitor/my_team_package) by extension 'ros'
[0.227s] DEBUG:colcon.colcon_core.package_identification:Package 'src/aquabot_competitor/my_team_package' with type 'ros.ament_cmake' and name 'my_team_package'
[0.227s] Level 1:colcon.colcon_core.package_identification:_identify(src/mission_manager) by extensions ['ignore', 'ignore_ament_install']
[0.227s] Level 1:colcon.colcon_core.package_identification:_identify(src/mission_manager) by extension 'ignore'
[0.227s] Level 1:colcon.colcon_core.package_identification:_identify(src/mission_manager) by extension 'ignore_ament_install'
[0.227s] Level 1:colcon.colcon_core.package_identification:_identify(src/mission_manager) by extensions ['colcon_pkg']
[0.227s] Level 1:colcon.colcon_core.package_identification:_identify(src/mission_manager) by extension 'colcon_pkg'
[0.227s] Level 1:colcon.colcon_core.package_identification:_identify(src/mission_manager) by extensions ['colcon_meta']
[0.227s] Level 1:colcon.colcon_core.package_identification:_identify(src/mission_manager) by extension 'colcon_meta'
[0.227s] Level 1:colcon.colcon_core.package_identification:_identify(src/mission_manager) by extensions ['ros']
[0.227s] Level 1:colcon.colcon_core.package_identification:_identify(src/mission_manager) by extension 'ros'
[0.228s] DEBUG:colcon.colcon_core.package_identification:Package 'src/mission_manager' with type 'ros.ament_cmake' and name 'mission_manager'
[0.228s] Level 1:colcon.colcon_core.package_identification:_identify(src/navigation) by extensions ['ignore', 'ignore_ament_install']
[0.228s] Level 1:colcon.colcon_core.package_identification:_identify(src/navigation) by extension 'ignore'
[0.228s] Level 1:colcon.colcon_core.package_identification:_identify(src/navigation) by extension 'ignore_ament_install'
[0.228s] Level 1:colcon.colcon_core.package_identification:_identify(src/navigation) by extensions ['colcon_pkg']
[0.228s] Level 1:colcon.colcon_core.package_identification:_identify(src/navigation) by extension 'colcon_pkg'
[0.228s] Level 1:colcon.colcon_core.package_identification:_identify(src/navigation) by extensions ['colcon_meta']
[0.228s] Level 1:colcon.colcon_core.package_identification:_identify(src/navigation) by extension 'colcon_meta'
[0.228s] Level 1:colcon.colcon_core.package_identification:_identify(src/navigation) by extensions ['ros']
[0.228s] Level 1:colcon.colcon_core.package_identification:_identify(src/navigation) by extension 'ros'
[0.229s] DEBUG:colcon.colcon_core.package_identification:Package 'src/navigation' with type 'ros.ament_cmake' and name 'navigation'
[0.229s] Level 1:colcon.colcon_core.package_identification:_identify(src/sensors) by extensions ['ignore', 'ignore_ament_install']
[0.229s] Level 1:colcon.colcon_core.package_identification:_identify(src/sensors) by extension 'ignore'
[0.229s] Level 1:colcon.colcon_core.package_identification:_identify(src/sensors) by extension 'ignore_ament_install'
[0.229s] Level 1:colcon.colcon_core.package_identification:_identify(src/sensors) by extensions ['colcon_pkg']
[0.229s] Level 1:colcon.colcon_core.package_identification:_identify(src/sensors) by extension 'colcon_pkg'
[0.229s] Level 1:colcon.colcon_core.package_identification:_identify(src/sensors) by extensions ['colcon_meta']
[0.229s] Level 1:colcon.colcon_core.package_identification:_identify(src/sensors) by extension 'colcon_meta'
[0.229s] Level 1:colcon.colcon_core.package_identification:_identify(src/sensors) by extensions ['ros']
[0.229s] Level 1:colcon.colcon_core.package_identification:_identify(src/sensors) by extension 'ros'
[0.230s] DEBUG:colcon.colcon_core.package_identification:Package 'src/sensors' with type 'ros.ament_cmake' and name 'sensors'
[0.230s] Level 1:colcon.colcon_core.package_identification:_identify(src/visualization) by extensions ['ignore', 'ignore_ament_install']
[0.230s] Level 1:colcon.colcon_core.package_identification:_identify(src/visualization) by extension 'ignore'
[0.230s] Level 1:colcon.colcon_core.package_identification:_identify(src/visualization) by extension 'ignore_ament_install'
[0.230s] Level 1:colcon.colcon_core.package_identification:_identify(src/visualization) by extensions ['colcon_pkg']
[0.230s] Level 1:colcon.colcon_core.package_identification:_identify(src/visualization) by extension 'colcon_pkg'
[0.230s] Level 1:colcon.colcon_core.package_identification:_identify(src/visualization) by extensions ['colcon_meta']
[0.230s] Level 1:colcon.colcon_core.package_identification:_identify(src/visualization) by extension 'colcon_meta'
[0.230s] Level 1:colcon.colcon_core.package_identification:_identify(src/visualization) by extensions ['ros']
[0.230s] Level 1:colcon.colcon_core.package_identification:_identify(src/visualization) by extension 'ros'
[0.230s] DEBUG:colcon.colcon_core.package_identification:Package 'src/visualization' with type 'ros.ament_cmake' and name 'visualization'
[0.230s] Level 1:colcon.colcon_core.package_identification:_identify(src/vrx) by extensions ['ignore', 'ignore_ament_install']
[0.231s] Level 1:colcon.colcon_core.package_identification:_identify(src/vrx) by extension 'ignore'
[0.231s] Level 1:colcon.colcon_core.package_identification:_identify(src/vrx) by extension 'ignore_ament_install'
[0.231s] Level 1:colcon.colcon_core.package_identification:_identify(src/vrx) by extensions ['colcon_pkg']
[0.231s] Level 1:colcon.colcon_core.package_identification:_identify(src/vrx) by extension 'colcon_pkg'
[0.231s] Level 1:colcon.colcon_core.package_identification:_identify(src/vrx) by extensions ['colcon_meta']
[0.231s] Level 1:colcon.colcon_core.package_identification:_identify(src/vrx) by extension 'colcon_meta'
[0.231s] Level 1:colcon.colcon_core.package_identification:_identify(src/vrx) by extensions ['ros']
[0.231s] Level 1:colcon.colcon_core.package_identification:_identify(src/vrx) by extension 'ros'
[0.231s] Level 1:colcon.colcon_core.package_identification:_identify(src/vrx) by extensions ['cmake', 'python']
[0.231s] Level 1:colcon.colcon_core.package_identification:_identify(src/vrx) by extension 'cmake'
[0.231s] Level 1:colcon.colcon_core.package_identification:_identify(src/vrx) by extension 'python'
[0.231s] Level 1:colcon.colcon_core.package_identification:_identify(src/vrx) by extensions ['python_setup_py']
[0.231s] Level 1:colcon.colcon_core.package_identification:_identify(src/vrx) by extension 'python_setup_py'
[0.231s] Level 1:colcon.colcon_core.package_identification:_identify(src/vrx/images) by extensions ['ignore', 'ignore_ament_install']
[0.231s] Level 1:colcon.colcon_core.package_identification:_identify(src/vrx/images) by extension 'ignore'
[0.231s] Level 1:colcon.colcon_core.package_identification:_identify(src/vrx/images) by extension 'ignore_ament_install'
[0.231s] Level 1:colcon.colcon_core.package_identification:_identify(src/vrx/images) by extensions ['colcon_pkg']
[0.231s] Level 1:colcon.colcon_core.package_identification:_identify(src/vrx/images) by extension 'colcon_pkg'
[0.231s] Level 1:colcon.colcon_core.package_identification:_identify(src/vrx/images) by extensions ['colcon_meta']
[0.231s] Level 1:colcon.colcon_core.package_identification:_identify(src/vrx/images) by extension 'colcon_meta'
[0.231s] Level 1:colcon.colcon_core.package_identification:_identify(src/vrx/images) by extensions ['ros']
[0.231s] Level 1:colcon.colcon_core.package_identification:_identify(src/vrx/images) by extension 'ros'
[0.231s] Level 1:colcon.colcon_core.package_identification:_identify(src/vrx/images) by extensions ['cmake', 'python']
[0.231s] Level 1:colcon.colcon_core.package_identification:_identify(src/vrx/images) by extension 'cmake'
[0.231s] Level 1:colcon.colcon_core.package_identification:_identify(src/vrx/images) by extension 'python'
[0.232s] Level 1:colcon.colcon_core.package_identification:_identify(src/vrx/images) by extensions ['python_setup_py']
[0.232s] Level 1:colcon.colcon_core.package_identification:_identify(src/vrx/images) by extension 'python_setup_py'
[0.232s] Level 1:colcon.colcon_core.package_identification:_identify(src/vrx/vrx_gz) by extensions ['ignore', 'ignore_ament_install']
[0.232s] Level 1:colcon.colcon_core.package_identification:_identify(src/vrx/vrx_gz) by extension 'ignore'
[0.232s] Level 1:colcon.colcon_core.package_identification:_identify(src/vrx/vrx_gz) by extension 'ignore_ament_install'
[0.232s] Level 1:colcon.colcon_core.package_identification:_identify(src/vrx/vrx_gz) by extensions ['colcon_pkg']
[0.232s] Level 1:colcon.colcon_core.package_identification:_identify(src/vrx/vrx_gz) by extension 'colcon_pkg'
[0.232s] Level 1:colcon.colcon_core.package_identification:_identify(src/vrx/vrx_gz) by extensions ['colcon_meta']
[0.232s] Level 1:colcon.colcon_core.package_identification:_identify(src/vrx/vrx_gz) by extension 'colcon_meta'
[0.232s] Level 1:colcon.colcon_core.package_identification:_identify(src/vrx/vrx_gz) by extensions ['ros']
[0.232s] Level 1:colcon.colcon_core.package_identification:_identify(src/vrx/vrx_gz) by extension 'ros'
[0.232s] DEBUG:colcon.colcon_core.package_identification:Package 'src/vrx/vrx_gz' with type 'ros.ament_cmake' and name 'vrx_gz'
[0.232s] Level 1:colcon.colcon_core.package_identification:_identify(src/vrx/vrx_ros) by extensions ['ignore', 'ignore_ament_install']
[0.233s] Level 1:colcon.colcon_core.package_identification:_identify(src/vrx/vrx_ros) by extension 'ignore'
[0.233s] Level 1:colcon.colcon_core.package_identification:_identify(src/vrx/vrx_ros) by extension 'ignore_ament_install'
[0.233s] Level 1:colcon.colcon_core.package_identification:_identify(src/vrx/vrx_ros) by extensions ['colcon_pkg']
[0.233s] Level 1:colcon.colcon_core.package_identification:_identify(src/vrx/vrx_ros) by extension 'colcon_pkg'
[0.233s] Level 1:colcon.colcon_core.package_identification:_identify(src/vrx/vrx_ros) by extensions ['colcon_meta']
[0.233s] Level 1:colcon.colcon_core.package_identification:_identify(src/vrx/vrx_ros) by extension 'colcon_meta'
[0.233s] Level 1:colcon.colcon_core.package_identification:_identify(src/vrx/vrx_ros) by extensions ['ros']
[0.233s] Level 1:colcon.colcon_core.package_identification:_identify(src/vrx/vrx_ros) by extension 'ros'
[0.233s] DEBUG:colcon.colcon_core.package_identification:Package 'src/vrx/vrx_ros' with type 'ros.ament_cmake' and name 'vrx_ros'
[0.234s] Level 1:colcon.colcon_core.package_identification:_identify(src/vrx/vrx_urdf) by extensions ['ignore', 'ignore_ament_install']
[0.234s] Level 1:colcon.colcon_core.package_identification:_identify(src/vrx/vrx_urdf) by extension 'ignore'
[0.234s] Level 1:colcon.colcon_core.package_identification:_identify(src/vrx/vrx_urdf) by extension 'ignore_ament_install'
[0.234s] Level 1:colcon.colcon_core.package_identification:_identify(src/vrx/vrx_urdf) by extensions ['colcon_pkg']
[0.234s] Level 1:colcon.colcon_core.package_identification:_identify(src/vrx/vrx_urdf) by extension 'colcon_pkg'
[0.234s] Level 1:colcon.colcon_core.package_identification:_identify(src/vrx/vrx_urdf) by extensions ['colcon_meta']
[0.234s] Level 1:colcon.colcon_core.package_identification:_identify(src/vrx/vrx_urdf) by extension 'colcon_meta'
[0.234s] Level 1:colcon.colcon_core.package_identification:_identify(src/vrx/vrx_urdf) by extensions ['ros']
[0.234s] Level 1:colcon.colcon_core.package_identification:_identify(src/vrx/vrx_urdf) by extension 'ros'
[0.234s] Level 1:colcon.colcon_core.package_identification:_identify(src/vrx/vrx_urdf) by extensions ['cmake', 'python']
[0.234s] Level 1:colcon.colcon_core.package_identification:_identify(src/vrx/vrx_urdf) by extension 'cmake'
[0.234s] Level 1:colcon.colcon_core.package_identification:_identify(src/vrx/vrx_urdf) by extension 'python'
[0.234s] Level 1:colcon.colcon_core.package_identification:_identify(src/vrx/vrx_urdf) by extensions ['python_setup_py']
[0.234s] Level 1:colcon.colcon_core.package_identification:_identify(src/vrx/vrx_urdf) by extension 'python_setup_py'
[0.234s] Level 1:colcon.colcon_core.package_identification:_identify(src/vrx/vrx_urdf/vrx_gazebo) by extensions ['ignore', 'ignore_ament_install']
[0.234s] Level 1:colcon.colcon_core.package_identification:_identify(src/vrx/vrx_urdf/vrx_gazebo) by extension 'ignore'
[0.234s] Level 1:colcon.colcon_core.package_identification:_identify(src/vrx/vrx_urdf/vrx_gazebo) by extension 'ignore_ament_install'
[0.234s] Level 1:colcon.colcon_core.package_identification:_identify(src/vrx/vrx_urdf/vrx_gazebo) by extensions ['colcon_pkg']
[0.234s] Level 1:colcon.colcon_core.package_identification:_identify(src/vrx/vrx_urdf/vrx_gazebo) by extension 'colcon_pkg'
[0.234s] Level 1:colcon.colcon_core.package_identification:_identify(src/vrx/vrx_urdf/vrx_gazebo) by extensions ['colcon_meta']
[0.234s] Level 1:colcon.colcon_core.package_identification:_identify(src/vrx/vrx_urdf/vrx_gazebo) by extension 'colcon_meta'
[0.234s] Level 1:colcon.colcon_core.package_identification:_identify(src/vrx/vrx_urdf/vrx_gazebo) by extensions ['ros']
[0.234s] Level 1:colcon.colcon_core.package_identification:_identify(src/vrx/vrx_urdf/vrx_gazebo) by extension 'ros'
[0.235s] DEBUG:colcon.colcon_core.package_identification:Package 'src/vrx/vrx_urdf/vrx_gazebo' with type 'ros.ament_cmake' and name 'vrx_gazebo'
[0.235s] Level 1:colcon.colcon_core.package_identification:_identify(src/vrx/vrx_urdf/wamv_description) by extensions ['ignore', 'ignore_ament_install']
[0.235s] Level 1:colcon.colcon_core.package_identification:_identify(src/vrx/vrx_urdf/wamv_description) by extension 'ignore'
[0.235s] Level 1:colcon.colcon_core.package_identification:_identify(src/vrx/vrx_urdf/wamv_description) by extension 'ignore_ament_install'
[0.235s] Level 1:colcon.colcon_core.package_identification:_identify(src/vrx/vrx_urdf/wamv_description) by extensions ['colcon_pkg']
[0.235s] Level 1:colcon.colcon_core.package_identification:_identify(src/vrx/vrx_urdf/wamv_description) by extension 'colcon_pkg'
[0.235s] Level 1:colcon.colcon_core.package_identification:_identify(src/vrx/vrx_urdf/wamv_description) by extensions ['colcon_meta']
[0.235s] Level 1:colcon.colcon_core.package_identification:_identify(src/vrx/vrx_urdf/wamv_description) by extension 'colcon_meta'
[0.235s] Level 1:colcon.colcon_core.package_identification:_identify(src/vrx/vrx_urdf/wamv_description) by extensions ['ros']
[0.235s] Level 1:colcon.colcon_core.package_identification:_identify(src/vrx/vrx_urdf/wamv_description) by extension 'ros'
[0.236s] DEBUG:colcon.colcon_core.package_identification:Package 'src/vrx/vrx_urdf/wamv_description' with type 'ros.ament_cmake' and name 'wamv_description'
[0.236s] Level 1:colcon.colcon_core.package_identification:_identify(src/vrx/vrx_urdf/wamv_gazebo) by extensions ['ignore', 'ignore_ament_install']
[0.236s] Level 1:colcon.colcon_core.package_identification:_identify(src/vrx/vrx_urdf/wamv_gazebo) by extension 'ignore'
[0.236s] Level 1:colcon.colcon_core.package_identification:_identify(src/vrx/vrx_urdf/wamv_gazebo) by extension 'ignore_ament_install'
[0.236s] Level 1:colcon.colcon_core.package_identification:_identify(src/vrx/vrx_urdf/wamv_gazebo) by extensions ['colcon_pkg']
[0.236s] Level 1:colcon.colcon_core.package_identification:_identify(src/vrx/vrx_urdf/wamv_gazebo) by extension 'colcon_pkg'
[0.236s] Level 1:colcon.colcon_core.package_identification:_identify(src/vrx/vrx_urdf/wamv_gazebo) by extensions ['colcon_meta']
[0.236s] Level 1:colcon.colcon_core.package_identification:_identify(src/vrx/vrx_urdf/wamv_gazebo) by extension 'colcon_meta'
[0.236s] Level 1:colcon.colcon_core.package_identification:_identify(src/vrx/vrx_urdf/wamv_gazebo) by extensions ['ros']
[0.236s] Level 1:colcon.colcon_core.package_identification:_identify(src/vrx/vrx_urdf/wamv_gazebo) by extension 'ros'
[0.237s] DEBUG:colcon.colcon_core.package_identification:Package 'src/vrx/vrx_urdf/wamv_gazebo' with type 'ros.ament_cmake' and name 'wamv_gazebo'
[0.237s] Level 1:colcon.colcon_core.package_discovery:discover_packages(recursive) using defaults
[0.237s] Level 1:colcon.colcon_core.package_discovery:discover_packages(ignore) discover
[0.237s] Level 1:colcon.colcon_core.package_discovery:discover_packages(ignore) using defaults
[0.237s] Level 1:colcon.colcon_core.package_discovery:discover_packages(path) discover
[0.237s] Level 1:colcon.colcon_core.package_discovery:discover_packages(path) using defaults
[0.259s] Level 1:colcon.colcon_core.package_discovery:discover_packages(prefix_path) check parameters
[0.259s] Level 1:colcon.colcon_core.package_discovery:discover_packages(prefix_path) discover
[0.261s] DEBUG:colcon.colcon_installed_package_information.package_discovery:Found 16 installed packages in /home/newman/vrx_ws/src/mission_windwatch/install
[0.262s] DEBUG:colcon.colcon_installed_package_information.package_discovery:Found 283 installed packages in /opt/ros/humble
[0.262s] Level 1:colcon.colcon_core.package_discovery:discover_packages(prefix_path) using defaults
[0.291s] Level 5:colcon.colcon_core.verb:set package 'aquabot_example' build argument 'cmake_args' from command line to 'None'
[0.291s] Level 5:colcon.colcon_core.verb:set package 'aquabot_example' build argument 'cmake_target' from command line to 'None'
[0.291s] Level 5:colcon.colcon_core.verb:set package 'aquabot_example' build argument 'cmake_target_skip_unavailable' from command line to 'False'
[0.291s] Level 5:colcon.colcon_core.verb:set package 'aquabot_example' build argument 'cmake_clean_cache' from command line to 'False'
[0.291s] Level 5:colcon.colcon_core.verb:set package 'aquabot_example' build argument 'cmake_clean_first' from command line to 'False'
[0.291s] Level 5:colcon.colcon_core.verb:set package 'aquabot_example' build argument 'cmake_force_configure' from command line to 'False'
[0.291s] Level 5:colcon.colcon_core.verb:set package 'aquabot_example' build argument 'ament_cmake_args' from command line to 'None'
[0.291s] Level 5:colcon.colcon_core.verb:set package 'aquabot_example' build argument 'catkin_cmake_args' from command line to 'None'
[0.291s] Level 5:colcon.colcon_core.verb:set package 'aquabot_example' build argument 'catkin_skip_building_tests' from command line to 'False'
[0.291s] DEBUG:colcon.colcon_core.verb:Building package 'aquabot_example' with the following arguments: {'ament_cmake_args': None, 'build_base': '/home/newman/vrx_ws/src/mission_windwatch/build/aquabot_example', 'catkin_cmake_args': None, 'catkin_skip_building_tests': False, 'cmake_args': None, 'cmake_clean_cache': False, 'cmake_clean_first': False, 'cmake_force_configure': False, 'cmake_target': None, 'cmake_target_skip_unavailable': False, 'install_base': '/home/newman/vrx_ws/src/mission_windwatch/install', 'merge_install': True, 'path': '/home/newman/vrx_ws/src/mission_windwatch/src/aquabot_competitor/aquabot_examples/aquabot_example', 'symlink_install': False, 'test_result_base': None}
[0.291s] Level 5:colcon.colcon_core.verb:set package 'aquabot_python' build argument 'cmake_args' from command line to 'None'
[0.291s] Level 5:colcon.colcon_core.verb:set package 'aquabot_python' build argument 'cmake_target' from command line to 'None'
[0.291s] Level 5:colcon.colcon_core.verb:set package 'aquabot_python' build argument 'cmake_target_skip_unavailable' from command line to 'False'
[0.291s] Level 5:colcon.colcon_core.verb:set package 'aquabot_python' build argument 'cmake_clean_cache' from command line to 'False'
[0.291s] Level 5:colcon.colcon_core.verb:set package 'aquabot_python' build argument 'cmake_clean_first' from command line to 'False'
[0.291s] Level 5:colcon.colcon_core.verb:set package 'aquabot_python' build argument 'cmake_force_configure' from command line to 'False'
[0.291s] Level 5:colcon.colcon_core.verb:set package 'aquabot_python' build argument 'ament_cmake_args' from command line to 'None'
[0.291s] Level 5:colcon.colcon_core.verb:set package 'aquabot_python' build argument 'catkin_cmake_args' from command line to 'None'
[0.291s] Level 5:colcon.colcon_core.verb:set package 'aquabot_python' build argument 'catkin_skip_building_tests' from command line to 'False'
[0.291s] DEBUG:colcon.colcon_core.verb:Building package 'aquabot_python' with the following arguments: {'ament_cmake_args': None, 'build_base': '/home/newman/vrx_ws/src/mission_windwatch/build/aquabot_python', 'catkin_cmake_args': None, 'catkin_skip_building_tests': False, 'cmake_args': None, 'cmake_clean_cache': False, 'cmake_clean_first': False, 'cmake_force_configure': False, 'cmake_target': None, 'cmake_target_skip_unavailable': False, 'install_base': '/home/newman/vrx_ws/src/mission_windwatch/install', 'merge_install': True, 'path': '/home/newman/vrx_ws/src/mission_windwatch/src/aquabot/aquabot_python', 'symlink_install': False, 'test_result_base': None}
[0.292s] Level 5:colcon.colcon_core.verb:set package 'mission_manager' build argument 'cmake_args' from command line to 'None'
[0.292s] Level 5:colcon.colcon_core.verb:set package 'mission_manager' build argument 'cmake_target' from command line to 'None'
[0.292s] Level 5:colcon.colcon_core.verb:set package 'mission_manager' build argument 'cmake_target_skip_unavailable' from command line to 'False'
[0.292s] Level 5:colcon.colcon_core.verb:set package 'mission_manager' build argument 'cmake_clean_cache' from command line to 'False'
[0.292s] Level 5:colcon.colcon_core.verb:set package 'mission_manager' build argument 'cmake_clean_first' from command line to 'False'
[0.292s] Level 5:colcon.colcon_core.verb:set package 'mission_manager' build argument 'cmake_force_configure' from command line to 'False'
[0.292s] Level 5:colcon.colcon_core.verb:set package 'mission_manager' build argument 'ament_cmake_args' from command line to 'None'
[0.292s] Level 5:colcon.colcon_core.verb:set package 'mission_manager' build argument 'catkin_cmake_args' from command line to 'None'
[0.292s] Level 5:colcon.colcon_core.verb:set package 'mission_manager' build argument 'catkin_skip_building_tests' from command line to 'False'
[0.292s] DEBUG:colcon.colcon_core.verb:Building package 'mission_manager' with the following arguments: {'ament_cmake_args': None, 'build_base': '/home/newman/vrx_ws/src/mission_windwatch/build/mission_manager', 'catkin_cmake_args': None, 'catkin_skip_building_tests': False, 'cmake_args': None, 'cmake_clean_cache': False, 'cmake_clean_first': False, 'cmake_force_configure': False, 'cmake_target': None, 'cmake_target_skip_unavailable': False, 'install_base': '/home/newman/vrx_ws/src/mission_windwatch/install', 'merge_install': True, 'path': '/home/newman/vrx_ws/src/mission_windwatch/src/mission_manager', 'symlink_install': False, 'test_result_base': None}
[0.292s] Level 5:colcon.colcon_core.verb:set package 'my_team_package' build argument 'cmake_args' from command line to 'None'
[0.292s] Level 5:colcon.colcon_core.verb:set package 'my_team_package' build argument 'cmake_target' from command line to 'None'
[0.292s] Level 5:colcon.colcon_core.verb:set package 'my_team_package' build argument 'cmake_target_skip_unavailable' from command line to 'False'
[0.292s] Level 5:colcon.colcon_core.verb:set package 'my_team_package' build argument 'cmake_clean_cache' from command line to 'False'
[0.292s] Level 5:colcon.colcon_core.verb:set package 'my_team_package' build argument 'cmake_clean_first' from command line to 'False'
[0.292s] Level 5:colcon.colcon_core.verb:set package 'my_team_package' build argument 'cmake_force_configure' from command line to 'False'
[0.292s] Level 5:colcon.colcon_core.verb:set package 'my_team_package' build argument 'ament_cmake_args' from command line to 'None'
[0.292s] Level 5:colcon.colcon_core.verb:set package 'my_team_package' build argument 'catkin_cmake_args' from command line to 'None'
[0.292s] Level 5:colcon.colcon_core.verb:set package 'my_team_package' build argument 'catkin_skip_building_tests' from command line to 'False'
[0.292s] DEBUG:colcon.colcon_core.verb:Building package 'my_team_package' with the following arguments: {'ament_cmake_args': None, 'build_base': '/home/newman/vrx_ws/src/mission_windwatch/build/my_team_package', 'catkin_cmake_args': None, 'catkin_skip_building_tests': False, 'cmake_args': None, 'cmake_clean_cache': False, 'cmake_clean_first': False, 'cmake_force_configure': False, 'cmake_target': None, 'cmake_target_skip_unavailable': False, 'install_base': '/home/newman/vrx_ws/src/mission_windwatch/install', 'merge_install': True, 'path': '/home/newman/vrx_ws/src/mission_windwatch/src/aquabot_competitor/my_team_package', 'symlink_install': False, 'test_result_base': None}
[0.292s] Level 5:colcon.colcon_core.verb:set package 'navigation' build argument 'cmake_args' from command line to 'None'
[0.293s] Level 5:colcon.colcon_core.verb:set package 'navigation' build argument 'cmake_target' from command line to 'None'
[0.293s] Level 5:colcon.colcon_core.verb:set package 'navigation' build argument 'cmake_target_skip_unavailable' from command line to 'False'
[0.293s] Level 5:colcon.colcon_core.verb:set package 'navigation' build argument 'cmake_clean_cache' from command line to 'False'
[0.293s] Level 5:colcon.colcon_core.verb:set package 'navigation' build argument 'cmake_clean_first' from command line to 'False'
[0.293s] Level 5:colcon.colcon_core.verb:set package 'navigation' build argument 'cmake_force_configure' from command line to 'False'
[0.293s] Level 5:colcon.colcon_core.verb:set package 'navigation' build argument 'ament_cmake_args' from command line to 'None'
[0.293s] Level 5:colcon.colcon_core.verb:set package 'navigation' build argument 'catkin_cmake_args' from command line to 'None'
[0.293s] Level 5:colcon.colcon_core.verb:set package 'navigation' build argument 'catkin_skip_building_tests' from command line to 'False'
[0.293s] DEBUG:colcon.colcon_core.verb:Building package 'navigation' with the following arguments: {'ament_cmake_args': None, 'build_base': '/home/newman/vrx_ws/src/mission_windwatch/build/navigation', 'catkin_cmake_args': None, 'catkin_skip_building_tests': False, 'cmake_args': None, 'cmake_clean_cache': False, 'cmake_clean_first': False, 'cmake_force_configure': False, 'cmake_target': None, 'cmake_target_skip_unavailable': False, 'install_base': '/home/newman/vrx_ws/src/mission_windwatch/install', 'merge_install': True, 'path': '/home/newman/vrx_ws/src/mission_windwatch/src/navigation', 'symlink_install': False, 'test_result_base': None}
[0.293s] Level 5:colcon.colcon_core.verb:set package 'opencv_example' build argument 'cmake_args' from command line to 'None'
[0.293s] Level 5:colcon.colcon_core.verb:set package 'opencv_example' build argument 'cmake_target' from command line to 'None'
[0.293s] Level 5:colcon.colcon_core.verb:set package 'opencv_example' build argument 'cmake_target_skip_unavailable' from command line to 'False'
[0.293s] Level 5:colcon.colcon_core.verb:set package 'opencv_example' build argument 'cmake_clean_cache' from command line to 'False'
[0.293s] Level 5:colcon.colcon_core.verb:set package 'opencv_example' build argument 'cmake_clean_first' from command line to 'False'
[0.293s] Level 5:colcon.colcon_core.verb:set package 'opencv_example' build argument 'cmake_force_configure' from command line to 'False'
[0.293s] Level 5:colcon.colcon_core.verb:set package 'opencv_example' build argument 'ament_cmake_args' from command line to 'None'
[0.293s] Level 5:colcon.colcon_core.verb:set package 'opencv_example' build argument 'catkin_cmake_args' from command line to 'None'
[0.293s] Level 5:colcon.colcon_core.verb:set package 'opencv_example' build argument 'catkin_skip_building_tests' from command line to 'False'
[0.293s] DEBUG:colcon.colcon_core.verb:Building package 'opencv_example' with the following arguments: {'ament_cmake_args': None, 'build_base': '/home/newman/vrx_ws/src/mission_windwatch/build/opencv_example', 'catkin_cmake_args': None, 'catkin_skip_building_tests': False, 'cmake_args': None, 'cmake_clean_cache': False, 'cmake_clean_first': False, 'cmake_force_configure': False, 'cmake_target': None, 'cmake_target_skip_unavailable': False, 'install_base': '/home/newman/vrx_ws/src/mission_windwatch/install', 'merge_install': True, 'path': '/home/newman/vrx_ws/src/mission_windwatch/src/aquabot_competitor/aquabot_examples/opencv_example', 'symlink_install': False, 'test_result_base': None}
[0.293s] Level 5:colcon.colcon_core.verb:set package 'package_example' build argument 'cmake_args' from command line to 'None'
[0.293s] Level 5:colcon.colcon_core.verb:set package 'package_example' build argument 'cmake_target' from command line to 'None'
[0.293s] Level 5:colcon.colcon_core.verb:set package 'package_example' build argument 'cmake_target_skip_unavailable' from command line to 'False'
[0.293s] Level 5:colcon.colcon_core.verb:set package 'package_example' build argument 'cmake_clean_cache' from command line to 'False'
[0.293s] Level 5:colcon.colcon_core.verb:set package 'package_example' build argument 'cmake_clean_first' from command line to 'False'
[0.293s] Level 5:colcon.colcon_core.verb:set package 'package_example' build argument 'cmake_force_configure' from command line to 'False'
[0.293s] Level 5:colcon.colcon_core.verb:set package 'package_example' build argument 'ament_cmake_args' from command line to 'None'
[0.293s] Level 5:colcon.colcon_core.verb:set package 'package_example' build argument 'catkin_cmake_args' from command line to 'None'
[0.294s] Level 5:colcon.colcon_core.verb:set package 'package_example' build argument 'catkin_skip_building_tests' from command line to 'False'
[0.294s] DEBUG:colcon.colcon_core.verb:Building package 'package_example' with the following arguments: {'ament_cmake_args': None, 'build_base': '/home/newman/vrx_ws/src/mission_windwatch/build/package_example', 'catkin_cmake_args': None, 'catkin_skip_building_tests': False, 'cmake_args': None, 'cmake_clean_cache': False, 'cmake_clean_first': False, 'cmake_force_configure': False, 'cmake_target': None, 'cmake_target_skip_unavailable': False, 'install_base': '/home/newman/vrx_ws/src/mission_windwatch/install', 'merge_install': True, 'path': '/home/newman/vrx_ws/src/mission_windwatch/src/aquabot_competitor/aquabot_examples/package_example', 'symlink_install': False, 'test_result_base': None}
[0.294s] Level 5:colcon.colcon_core.verb:set package 'sensors' build argument 'cmake_args' from command line to 'None'
[0.294s] Level 5:colcon.colcon_core.verb:set package 'sensors' build argument 'cmake_target' from command line to 'None'
[0.294s] Level 5:colcon.colcon_core.verb:set package 'sensors' build argument 'cmake_target_skip_unavailable' from command line to 'False'
[0.294s] Level 5:colcon.colcon_core.verb:set package 'sensors' build argument 'cmake_clean_cache' from command line to 'False'
[0.294s] Level 5:colcon.colcon_core.verb:set package 'sensors' build argument 'cmake_clean_first' from command line to 'False'
[0.294s] Level 5:colcon.colcon_core.verb:set package 'sensors' build argument 'cmake_force_configure' from command line to 'False'
[0.294s] Level 5:colcon.colcon_core.verb:set package 'sensors' build argument 'ament_cmake_args' from command line to 'None'
[0.294s] Level 5:colcon.colcon_core.verb:set package 'sensors' build argument 'catkin_cmake_args' from command line to 'None'
[0.294s] Level 5:colcon.colcon_core.verb:set package 'sensors' build argument 'catkin_skip_building_tests' from command line to 'False'
[0.294s] DEBUG:colcon.colcon_core.verb:Building package 'sensors' with the following arguments: {'ament_cmake_args': None, 'build_base': '/home/newman/vrx_ws/src/mission_windwatch/build/sensors', 'catkin_cmake_args': None, 'catkin_skip_building_tests': False, 'cmake_args': None, 'cmake_clean_cache': False, 'cmake_clean_first': False, 'cmake_force_configure': False, 'cmake_target': None, 'cmake_target_skip_unavailable': False, 'install_base': '/home/newman/vrx_ws/src/mission_windwatch/install', 'merge_install': True, 'path': '/home/newman/vrx_ws/src/mission_windwatch/src/sensors', 'symlink_install': False, 'test_result_base': None}
[0.294s] Level 5:colcon.colcon_core.verb:set package 'visualization' build argument 'cmake_args' from command line to 'None'
[0.294s] Level 5:colcon.colcon_core.verb:set package 'visualization' build argument 'cmake_target' from command line to 'None'
[0.294s] Level 5:colcon.colcon_core.verb:set package 'visualization' build argument 'cmake_target_skip_unavailable' from command line to 'False'
[0.294s] Level 5:colcon.colcon_core.verb:set package 'visualization' build argument 'cmake_clean_cache' from command line to 'False'
[0.294s] Level 5:colcon.colcon_core.verb:set package 'visualization' build argument 'cmake_clean_first' from command line to 'False'
[0.294s] Level 5:colcon.colcon_core.verb:set package 'visualization' build argument 'cmake_force_configure' from command line to 'False'
[0.294s] Level 5:colcon.colcon_core.verb:set package 'visualization' build argument 'ament_cmake_args' from command line to 'None'
[0.294s] Level 5:colcon.colcon_core.verb:set package 'visualization' build argument 'catkin_cmake_args' from command line to 'None'
[0.294s] Level 5:colcon.colcon_core.verb:set package 'visualization' build argument 'catkin_skip_building_tests' from command line to 'False'
[0.294s] DEBUG:colcon.colcon_core.verb:Building package 'visualization' with the following arguments: {'ament_cmake_args': None, 'build_base': '/home/newman/vrx_ws/src/mission_windwatch/build/visualization', 'catkin_cmake_args': None, 'catkin_skip_building_tests': False, 'cmake_args': None, 'cmake_clean_cache': False, 'cmake_clean_first': False, 'cmake_force_configure': False, 'cmake_target': None, 'cmake_target_skip_unavailable': False, 'install_base': '/home/newman/vrx_ws/src/mission_windwatch/install', 'merge_install': True, 'path': '/home/newman/vrx_ws/src/mission_windwatch/src/visualization', 'symlink_install': False, 'test_result_base': None}
[0.295s] Level 5:colcon.colcon_core.verb:set package 'vrx_gazebo' build argument 'cmake_args' from command line to 'None'
[0.295s] Level 5:colcon.colcon_core.verb:set package 'vrx_gazebo' build argument 'cmake_target' from command line to 'None'
[0.295s] Level 5:colcon.colcon_core.verb:set package 'vrx_gazebo' build argument 'cmake_target_skip_unavailable' from command line to 'False'
[0.295s] Level 5:colcon.colcon_core.verb:set package 'vrx_gazebo' build argument 'cmake_clean_cache' from command line to 'False'
[0.295s] Level 5:colcon.colcon_core.verb:set package 'vrx_gazebo' build argument 'cmake_clean_first' from command line to 'False'
[0.295s] Level 5:colcon.colcon_core.verb:set package 'vrx_gazebo' build argument 'cmake_force_configure' from command line to 'False'
[0.295s] Level 5:colcon.colcon_core.verb:set package 'vrx_gazebo' build argument 'ament_cmake_args' from command line to 'None'
[0.295s] Level 5:colcon.colcon_core.verb:set package 'vrx_gazebo' build argument 'catkin_cmake_args' from command line to 'None'
[0.295s] Level 5:colcon.colcon_core.verb:set package 'vrx_gazebo' build argument 'catkin_skip_building_tests' from command line to 'False'
[0.295s] DEBUG:colcon.colcon_core.verb:Building package 'vrx_gazebo' with the following arguments: {'ament_cmake_args': None, 'build_base': '/home/newman/vrx_ws/src/mission_windwatch/build/vrx_gazebo', 'catkin_cmake_args': None, 'catkin_skip_building_tests': False, 'cmake_args': None, 'cmake_clean_cache': False, 'cmake_clean_first': False, 'cmake_force_configure': False, 'cmake_target': None, 'cmake_target_skip_unavailable': False, 'install_base': '/home/newman/vrx_ws/src/mission_windwatch/install', 'merge_install': True, 'path': '/home/newman/vrx_ws/src/mission_windwatch/src/vrx/vrx_urdf/vrx_gazebo', 'symlink_install': False, 'test_result_base': None}
[0.295s] Level 5:colcon.colcon_core.verb:set package 'vrx_ros' build argument 'cmake_args' from command line to 'None'
[0.295s] Level 5:colcon.colcon_core.verb:set package 'vrx_ros' build argument 'cmake_target' from command line to 'None'
[0.295s] Level 5:colcon.colcon_core.verb:set package 'vrx_ros' build argument 'cmake_target_skip_unavailable' from command line to 'False'
[0.295s] Level 5:colcon.colcon_core.verb:set package 'vrx_ros' build argument 'cmake_clean_cache' from command line to 'False'
[0.295s] Level 5:colcon.colcon_core.verb:set package 'vrx_ros' build argument 'cmake_clean_first' from command line to 'False'
[0.295s] Level 5:colcon.colcon_core.verb:set package 'vrx_ros' build argument 'cmake_force_configure' from command line to 'False'
[0.295s] Level 5:colcon.colcon_core.verb:set package 'vrx_ros' build argument 'ament_cmake_args' from command line to 'None'
[0.295s] Level 5:colcon.colcon_core.verb:set package 'vrx_ros' build argument 'catkin_cmake_args' from command line to 'None'
[0.295s] Level 5:colcon.colcon_core.verb:set package 'vrx_ros' build argument 'catkin_skip_building_tests' from command line to 'False'
[0.295s] DEBUG:colcon.colcon_core.verb:Building package 'vrx_ros' with the following arguments: {'ament_cmake_args': None, 'build_base': '/home/newman/vrx_ws/src/mission_windwatch/build/vrx_ros', 'catkin_cmake_args': None, 'catkin_skip_building_tests': False, 'cmake_args': None, 'cmake_clean_cache': False, 'cmake_clean_first': False, 'cmake_force_configure': False, 'cmake_target': None, 'cmake_target_skip_unavailable': False, 'install_base': '/home/newman/vrx_ws/src/mission_windwatch/install', 'merge_install': True, 'path': '/home/newman/vrx_ws/src/mission_windwatch/src/vrx/vrx_ros', 'symlink_install': False, 'test_result_base': None}
[0.296s] Level 5:colcon.colcon_core.verb:set package 'aquabot_description' build argument 'cmake_args' from command line to 'None'
[0.296s] Level 5:colcon.colcon_core.verb:set package 'aquabot_description' build argument 'cmake_target' from command line to 'None'
[0.296s] Level 5:colcon.colcon_core.verb:set package 'aquabot_description' build argument 'cmake_target_skip_unavailable' from command line to 'False'
[0.296s] Level 5:colcon.colcon_core.verb:set package 'aquabot_description' build argument 'cmake_clean_cache' from command line to 'False'
[0.296s] Level 5:colcon.colcon_core.verb:set package 'aquabot_description' build argument 'cmake_clean_first' from command line to 'False'
[0.296s] Level 5:colcon.colcon_core.verb:set package 'aquabot_description' build argument 'cmake_force_configure' from command line to 'False'
[0.296s] Level 5:colcon.colcon_core.verb:set package 'aquabot_description' build argument 'ament_cmake_args' from command line to 'None'
[0.296s] Level 5:colcon.colcon_core.verb:set package 'aquabot_description' build argument 'catkin_cmake_args' from command line to 'None'
[0.296s] Level 5:colcon.colcon_core.verb:set package 'aquabot_description' build argument 'catkin_skip_building_tests' from command line to 'False'
[0.296s] DEBUG:colcon.colcon_core.verb:Building package 'aquabot_description' with the following arguments: {'ament_cmake_args': None, 'build_base': '/home/newman/vrx_ws/src/mission_windwatch/build/aquabot_description', 'catkin_cmake_args': None, 'catkin_skip_building_tests': False, 'cmake_args': None, 'cmake_clean_cache': False, 'cmake_clean_first': False, 'cmake_force_configure': False, 'cmake_target': None, 'cmake_target_skip_unavailable': False, 'install_base': '/home/newman/vrx_ws/src/mission_windwatch/install', 'merge_install': True, 'path': '/home/newman/vrx_ws/src/mission_windwatch/src/aquabot/aquabot_urdf/aquabot_description', 'symlink_install': False, 'test_result_base': None}
[0.296s] Level 5:colcon.colcon_core.verb:set package 'vrx_gz' build argument 'cmake_args' from command line to 'None'
[0.296s] Level 5:colcon.colcon_core.verb:set package 'vrx_gz' build argument 'cmake_target' from command line to 'None'
[0.296s] Level 5:colcon.colcon_core.verb:set package 'vrx_gz' build argument 'cmake_target_skip_unavailable' from command line to 'False'
[0.296s] Level 5:colcon.colcon_core.verb:set package 'vrx_gz' build argument 'cmake_clean_cache' from command line to 'False'
[0.296s] Level 5:colcon.colcon_core.verb:set package 'vrx_gz' build argument 'cmake_clean_first' from command line to 'False'
[0.296s] Level 5:colcon.colcon_core.verb:set package 'vrx_gz' build argument 'cmake_force_configure' from command line to 'False'
[0.296s] Level 5:colcon.colcon_core.verb:set package 'vrx_gz' build argument 'ament_cmake_args' from command line to 'None'
[0.296s] Level 5:colcon.colcon_core.verb:set package 'vrx_gz' build argument 'catkin_cmake_args' from command line to 'None'
[0.296s] Level 5:colcon.colcon_core.verb:set package 'vrx_gz' build argument 'catkin_skip_building_tests' from command line to 'False'
[0.296s] DEBUG:colcon.colcon_core.verb:Building package 'vrx_gz' with the following arguments: {'ament_cmake_args': None, 'build_base': '/home/newman/vrx_ws/src/mission_windwatch/build/vrx_gz', 'catkin_cmake_args': None, 'catkin_skip_building_tests': False, 'cmake_args': None, 'cmake_clean_cache': False, 'cmake_clean_first': False, 'cmake_force_configure': False, 'cmake_target': None, 'cmake_target_skip_unavailable': False, 'install_base': '/home/newman/vrx_ws/src/mission_windwatch/install', 'merge_install': True, 'path': '/home/newman/vrx_ws/src/mission_windwatch/src/vrx/vrx_gz', 'symlink_install': False, 'test_result_base': None}
[0.296s] Level 5:colcon.colcon_core.verb:set package 'wamv_description' build argument 'cmake_args' from command line to 'None'
[0.296s] Level 5:colcon.colcon_core.verb:set package 'wamv_description' build argument 'cmake_target' from command line to 'None'
[0.296s] Level 5:colcon.colcon_core.verb:set package 'wamv_description' build argument 'cmake_target_skip_unavailable' from command line to 'False'
[0.296s] Level 5:colcon.colcon_core.verb:set package 'wamv_description' build argument 'cmake_clean_cache' from command line to 'False'
[0.296s] Level 5:colcon.colcon_core.verb:set package 'wamv_description' build argument 'cmake_clean_first' from command line to 'False'
[0.297s] Level 5:colcon.colcon_core.verb:set package 'wamv_description' build argument 'cmake_force_configure' from command line to 'False'
[0.297s] Level 5:colcon.colcon_core.verb:set package 'wamv_description' build argument 'ament_cmake_args' from command line to 'None'
[0.297s] Level 5:colcon.colcon_core.verb:set package 'wamv_description' build argument 'catkin_cmake_args' from command line to 'None'
[0.297s] Level 5:colcon.colcon_core.verb:set package 'wamv_description' build argument 'catkin_skip_building_tests' from command line to 'False'
[0.297s] DEBUG:colcon.colcon_core.verb:Building package 'wamv_description' with the following arguments: {'ament_cmake_args': None, 'build_base': '/home/newman/vrx_ws/src/mission_windwatch/build/wamv_description', 'catkin_cmake_args': None, 'catkin_skip_building_tests': False, 'cmake_args': None, 'cmake_clean_cache': False, 'cmake_clean_first': False, 'cmake_force_configure': False, 'cmake_target': None, 'cmake_target_skip_unavailable': False, 'install_base': '/home/newman/vrx_ws/src/mission_windwatch/install', 'merge_install': True, 'path': '/home/newman/vrx_ws/src/mission_windwatch/src/vrx/vrx_urdf/wamv_description', 'symlink_install': False, 'test_result_base': None}
[0.297s] Level 5:colcon.colcon_core.verb:set package 'aquabot_gz' build argument 'cmake_args' from command line to 'None'
[0.297s] Level 5:colcon.colcon_core.verb:set package 'aquabot_gz' build argument 'cmake_target' from command line to 'None'
[0.297s] Level 5:colcon.colcon_core.verb:set package 'aquabot_gz' build argument 'cmake_target_skip_unavailable' from command line to 'False'
[0.297s] Level 5:colcon.colcon_core.verb:set package 'aquabot_gz' build argument 'cmake_clean_cache' from command line to 'False'
[0.297s] Level 5:colcon.colcon_core.verb:set package 'aquabot_gz' build argument 'cmake_clean_first' from command line to 'False'
[0.297s] Level 5:colcon.colcon_core.verb:set package 'aquabot_gz' build argument 'cmake_force_configure' from command line to 'False'
[0.297s] Level 5:colcon.colcon_core.verb:set package 'aquabot_gz' build argument 'ament_cmake_args' from command line to 'None'
[0.297s] Level 5:colcon.colcon_core.verb:set package 'aquabot_gz' build argument 'catkin_cmake_args' from command line to 'None'
[0.297s] Level 5:colcon.colcon_core.verb:set package 'aquabot_gz' build argument 'catkin_skip_building_tests' from command line to 'False'
[0.297s] DEBUG:colcon.colcon_core.verb:Building package 'aquabot_gz' with the following arguments: {'ament_cmake_args': None, 'build_base': '/home/newman/vrx_ws/src/mission_windwatch/build/aquabot_gz', 'catkin_cmake_args': None, 'catkin_skip_building_tests': False, 'cmake_args': None, 'cmake_clean_cache': False, 'cmake_clean_first': False, 'cmake_force_configure': False, 'cmake_target': None, 'cmake_target_skip_unavailable': False, 'install_base': '/home/newman/vrx_ws/src/mission_windwatch/install', 'merge_install': True, 'path': '/home/newman/vrx_ws/src/mission_windwatch/src/aquabot/aquabot_gz', 'symlink_install': False, 'test_result_base': None}
[0.297s] Level 5:colcon.colcon_core.verb:set package 'wamv_gazebo' build argument 'cmake_args' from command line to 'None'
[0.297s] Level 5:colcon.colcon_core.verb:set package 'wamv_gazebo' build argument 'cmake_target' from command line to 'None'
[0.297s] Level 5:colcon.colcon_core.verb:set package 'wamv_gazebo' build argument 'cmake_target_skip_unavailable' from command line to 'False'
[0.297s] Level 5:colcon.colcon_core.verb:set package 'wamv_gazebo' build argument 'cmake_clean_cache' from command line to 'False'
[0.297s] Level 5:colcon.colcon_core.verb:set package 'wamv_gazebo' build argument 'cmake_clean_first' from command line to 'False'
[0.297s] Level 5:colcon.colcon_core.verb:set package 'wamv_gazebo' build argument 'cmake_force_configure' from command line to 'False'
[0.297s] Level 5:colcon.colcon_core.verb:set package 'wamv_gazebo' build argument 'ament_cmake_args' from command line to 'None'
[0.297s] Level 5:colcon.colcon_core.verb:set package 'wamv_gazebo' build argument 'catkin_cmake_args' from command line to 'None'
[0.297s] Level 5:colcon.colcon_core.verb:set package 'wamv_gazebo' build argument 'catkin_skip_building_tests' from command line to 'False'
[0.297s] DEBUG:colcon.colcon_core.verb:Building package 'wamv_gazebo' with the following arguments: {'ament_cmake_args': None, 'build_base': '/home/newman/vrx_ws/src/mission_windwatch/build/wamv_gazebo', 'catkin_cmake_args': None, 'catkin_skip_building_tests': False, 'cmake_args': None, 'cmake_clean_cache': False, 'cmake_clean_first': False, 'cmake_force_configure': False, 'cmake_target': None, 'cmake_target_skip_unavailable': False, 'install_base': '/home/newman/vrx_ws/src/mission_windwatch/install', 'merge_install': True, 'path': '/home/newman/vrx_ws/src/mission_windwatch/src/vrx/vrx_urdf/wamv_gazebo', 'symlink_install': False, 'test_result_base': None}
[0.298s] INFO:colcon.colcon_core.executor:Executing jobs using 'parallel' executor
[0.298s] DEBUG:colcon.colcon_parallel_executor.executor.parallel:run_until_complete
[0.299s] INFO:colcon.colcon_ros.task.ament_cmake.build:Building ROS package in '/home/newman/vrx_ws/src/mission_windwatch/src/vrx/vrx_urdf/vrx_gazebo' with build type 'ament_cmake'
[0.299s] INFO:colcon.colcon_cmake.task.cmake.build:Building CMake package in '/home/newman/vrx_ws/src/mission_windwatch/src/vrx/vrx_urdf/vrx_gazebo'
[0.301s] INFO:colcon.colcon_core.plugin_system:Skipping extension 'colcon_core.shell.bat': Not used on non-Windows systems
[0.301s] INFO:colcon.colcon_core.shell:Skip shell extension 'powershell' for command environment: Not usable outside of PowerShell
[0.301s] DEBUG:colcon.colcon_core.shell:Skip shell extension 'dsv' for command environment
[0.303s] INFO:colcon.colcon_ros.task.ament_cmake.build:Building ROS package in '/home/newman/vrx_ws/src/mission_windwatch/src/vrx/vrx_ros' with build type 'ament_cmake'
[0.303s] INFO:colcon.colcon_cmake.task.cmake.build:Building CMake package in '/home/newman/vrx_ws/src/mission_windwatch/src/vrx/vrx_ros'
[0.304s] INFO:colcon.colcon_core.shell:Skip shell extension 'powershell' for command environment: Not usable outside of PowerShell
[0.304s] DEBUG:colcon.colcon_core.shell:Skip shell extension 'dsv' for command environment
[0.306s] INFO:colcon.colcon_ros.task.ament_cmake.build:Building ROS package in '/home/newman/vrx_ws/src/mission_windwatch/src/aquabot_competitor/aquabot_examples/aquabot_example' with build type 'ament_cmake'
[0.306s] INFO:colcon.colcon_cmake.task.cmake.build:Building CMake package in '/home/newman/vrx_ws/src/mission_windwatch/src/aquabot_competitor/aquabot_examples/aquabot_example'
[0.307s] INFO:colcon.colcon_core.shell:Skip shell extension 'powershell' for command environment: Not usable outside of PowerShell
[0.307s] DEBUG:colcon.colcon_core.shell:Skip shell extension 'dsv' for command environment
[0.309s] INFO:colcon.colcon_ros.task.ament_cmake.build:Building ROS package in '/home/newman/vrx_ws/src/mission_windwatch/src/aquabot/aquabot_python' with build type 'ament_cmake'
[0.309s] INFO:colcon.colcon_cmake.task.cmake.build:Building CMake package in '/home/newman/vrx_ws/src/mission_windwatch/src/aquabot/aquabot_python'
[0.309s] INFO:colcon.colcon_core.shell:Skip shell extension 'powershell' for command environment: Not usable outside of PowerShell
[0.309s] DEBUG:colcon.colcon_core.shell:Skip shell extension 'dsv' for command environment
[0.312s] INFO:colcon.colcon_ros.task.ament_cmake.build:Building ROS package in '/home/newman/vrx_ws/src/mission_windwatch/src/mission_manager' with build type 'ament_cmake'
[0.312s] INFO:colcon.colcon_cmake.task.cmake.build:Building CMake package in '/home/newman/vrx_ws/src/mission_windwatch/src/mission_manager'
[0.312s] INFO:colcon.colcon_core.shell:Skip shell extension 'powershell' for command environment: Not usable outside of PowerShell
[0.312s] DEBUG:colcon.colcon_core.shell:Skip shell extension 'dsv' for command environment
[0.315s] INFO:colcon.colcon_ros.task.ament_cmake.build:Building ROS package in '/home/newman/vrx_ws/src/mission_windwatch/src/aquabot_competitor/my_team_package' with build type 'ament_cmake'
[0.315s] INFO:colcon.colcon_cmake.task.cmake.build:Building CMake package in '/home/newman/vrx_ws/src/mission_windwatch/src/aquabot_competitor/my_team_package'
[0.315s] INFO:colcon.colcon_core.shell:Skip shell extension 'powershell' for command environment: Not usable outside of PowerShell
[0.315s] DEBUG:colcon.colcon_core.shell:Skip shell extension 'dsv' for command environment
[0.318s] INFO:colcon.colcon_ros.task.ament_cmake.build:Building ROS package in '/home/newman/vrx_ws/src/mission_windwatch/src/navigation' with build type 'ament_cmake'
[0.318s] INFO:colcon.colcon_cmake.task.cmake.build:Building CMake package in '/home/newman/vrx_ws/src/mission_windwatch/src/navigation'
[0.318s] INFO:colcon.colcon_core.shell:Skip shell extension 'powershell' for command environment: Not usable outside of PowerShell
[0.318s] DEBUG:colcon.colcon_core.shell:Skip shell extension 'dsv' for command environment
[0.320s] INFO:colcon.colcon_ros.task.ament_cmake.build:Building ROS package in '/home/newman/vrx_ws/src/mission_windwatch/src/aquabot_competitor/aquabot_examples/opencv_example' with build type 'ament_cmake'
[0.321s] INFO:colcon.colcon_cmake.task.cmake.build:Building CMake package in '/home/newman/vrx_ws/src/mission_windwatch/src/aquabot_competitor/aquabot_examples/opencv_example'
[0.321s] INFO:colcon.colcon_core.shell:Skip shell extension 'powershell' for command environment: Not usable outside of PowerShell
[0.321s] DEBUG:colcon.colcon_core.shell:Skip shell extension 'dsv' for command environment
[0.323s] INFO:colcon.colcon_ros.task.ament_cmake.build:Building ROS package in '/home/newman/vrx_ws/src/mission_windwatch/src/aquabot_competitor/aquabot_examples/package_example' with build type 'ament_cmake'
[0.323s] INFO:colcon.colcon_cmake.task.cmake.build:Building CMake package in '/home/newman/vrx_ws/src/mission_windwatch/src/aquabot_competitor/aquabot_examples/package_example'
[0.323s] INFO:colcon.colcon_core.shell:Skip shell extension 'powershell' for command environment: Not usable outside of PowerShell
[0.324s] DEBUG:colcon.colcon_core.shell:Skip shell extension 'dsv' for command environment
[0.333s] DEBUG:colcon.colcon_core.event_handler.log_command:Invoking command in '/home/newman/vrx_ws/src/mission_windwatch/build/vrx_gazebo': CMAKE_PREFIX_PATH=${CMAKE_PREFIX_PATH}:/opt/ros/humble /usr/bin/cmake --build /home/newman/vrx_ws/src/mission_windwatch/build/vrx_gazebo -- -j9 -l9
[0.337s] DEBUG:colcon.colcon_core.event_handler.log_command:Invoking command in '/home/newman/vrx_ws/src/mission_windwatch/build/vrx_ros': CMAKE_PREFIX_PATH=${CMAKE_PREFIX_PATH}:/opt/ros/humble /usr/bin/cmake --build /home/newman/vrx_ws/src/mission_windwatch/build/vrx_ros -- -j9 -l9
[0.337s] DEBUG:colcon.colcon_core.event_handler.log_command:Invoking command in '/home/newman/vrx_ws/src/mission_windwatch/build/aquabot_example': CMAKE_PREFIX_PATH=${CMAKE_PREFIX_PATH}:/opt/ros/humble /usr/bin/cmake --build /home/newman/vrx_ws/src/mission_windwatch/build/aquabot_example -- -j9 -l9
[0.341s] DEBUG:colcon.colcon_core.event_handler.log_command:Invoking command in '/home/newman/vrx_ws/src/mission_windwatch/build/aquabot_python': CMAKE_PREFIX_PATH=${CMAKE_PREFIX_PATH}:/opt/ros/humble /usr/bin/cmake --build /home/newman/vrx_ws/src/mission_windwatch/build/aquabot_python -- -j9 -l9
[0.343s] DEBUG:colcon.colcon_core.event_handler.log_command:Invoking command in '/home/newman/vrx_ws/src/mission_windwatch/build/mission_manager': CMAKE_PREFIX_PATH=${CMAKE_PREFIX_PATH}:/opt/ros/humble /usr/bin/cmake --build /home/newman/vrx_ws/src/mission_windwatch/build/mission_manager -- -j9 -l9
[0.351s] DEBUG:colcon.colcon_core.event_handler.log_command:Invoking command in '/home/newman/vrx_ws/src/mission_windwatch/build/my_team_package': CMAKE_PREFIX_PATH=${CMAKE_PREFIX_PATH}:/opt/ros/humble /usr/bin/cmake --build /home/newman/vrx_ws/src/mission_windwatch/build/my_team_package -- -j9 -l9
[0.353s] DEBUG:colcon.colcon_core.event_handler.log_command:Invoking command in '/home/newman/vrx_ws/src/mission_windwatch/build/navigation': CMAKE_PREFIX_PATH=${CMAKE_PREFIX_PATH}:/opt/ros/humble /usr/bin/cmake --build /home/newman/vrx_ws/src/mission_windwatch/build/navigation -- -j9 -l9
[0.355s] DEBUG:colcon.colcon_core.event_handler.log_command:Invoking command in '/home/newman/vrx_ws/src/mission_windwatch/build/opencv_example': CMAKE_PREFIX_PATH=${CMAKE_PREFIX_PATH}:/opt/ros/humble /usr/bin/cmake --build /home/newman/vrx_ws/src/mission_windwatch/build/opencv_example -- -j9 -l9
[0.356s] DEBUG:colcon.colcon_core.event_handler.log_command:Invoking command in '/home/newman/vrx_ws/src/mission_windwatch/build/package_example': CMAKE_PREFIX_PATH=${CMAKE_PREFIX_PATH}:/opt/ros/humble /usr/bin/cmake --build /home/newman/vrx_ws/src/mission_windwatch/build/package_example -- -j9 -l9
[0.410s] DEBUG:colcon.colcon_core.event_handler.log_command:Invoked command in '/home/newman/vrx_ws/src/mission_windwatch/build/vrx_ros' returned '0': CMAKE_PREFIX_PATH=${CMAKE_PREFIX_PATH}:/opt/ros/humble /usr/bin/cmake --build /home/newman/vrx_ws/src/mission_windwatch/build/vrx_ros -- -j9 -l9
[0.420s] DEBUG:colcon.colcon_core.event_handler.log_command:Invoked command in '/home/newman/vrx_ws/src/mission_windwatch/build/my_team_package' returned '0': CMAKE_PREFIX_PATH=${CMAKE_PREFIX_PATH}:/opt/ros/humble /usr/bin/cmake --build /home/newman/vrx_ws/src/mission_windwatch/build/my_team_package -- -j9 -l9
[0.431s] DEBUG:colcon.colcon_core.event_handler.log_command:Invoked command in '/home/newman/vrx_ws/src/mission_windwatch/build/aquabot_example' returned '0': CMAKE_PREFIX_PATH=${CMAKE_PREFIX_PATH}:/opt/ros/humble /usr/bin/cmake --build /home/newman/vrx_ws/src/mission_windwatch/build/aquabot_example -- -j9 -l9
[0.442s] DEBUG:colcon.colcon_core.event_handler.log_command:Invoked command in '/home/newman/vrx_ws/src/mission_windwatch/build/mission_manager' returned '0': CMAKE_PREFIX_PATH=${CMAKE_PREFIX_PATH}:/opt/ros/humble /usr/bin/cmake --build /home/newman/vrx_ws/src/mission_windwatch/build/mission_manager -- -j9 -l9
[0.443s] DEBUG:colcon.colcon_core.event_handler.log_command:Invoked command in '/home/newman/vrx_ws/src/mission_windwatch/build/navigation' returned '0': CMAKE_PREFIX_PATH=${CMAKE_PREFIX_PATH}:/opt/ros/humble /usr/bin/cmake --build /home/newman/vrx_ws/src/mission_windwatch/build/navigation -- -j9 -l9
[0.451s] DEBUG:colcon.colcon_core.event_handler.log_command:Invoking command in '/home/newman/vrx_ws/src/mission_windwatch/build/vrx_ros': CMAKE_PREFIX_PATH=${CMAKE_PREFIX_PATH}:/opt/ros/humble /usr/bin/cmake --install /home/newman/vrx_ws/src/mission_windwatch/build/vrx_ros
[0.456s] DEBUG:colcon.colcon_core.event_handler.log_command:Invoking command in '/home/newman/vrx_ws/src/mission_windwatch/build/my_team_package': CMAKE_PREFIX_PATH=${CMAKE_PREFIX_PATH}:/opt/ros/humble /usr/bin/cmake --install /home/newman/vrx_ws/src/mission_windwatch/build/my_team_package
[0.461s] DEBUG:colcon.colcon_core.event_handler.log_command:Invoking command in '/home/newman/vrx_ws/src/mission_windwatch/build/aquabot_example': CMAKE_PREFIX_PATH=${CMAKE_PREFIX_PATH}:/opt/ros/humble /usr/bin/cmake --install /home/newman/vrx_ws/src/mission_windwatch/build/aquabot_example
[0.473s] Level 1:colcon.colcon_core.environment:create_environment_scripts_only(my_team_package)
[0.476s] DEBUG:colcon.colcon_core.event_handler.log_command:Invoked command in '/home/newman/vrx_ws/src/mission_windwatch/build/my_team_package' returned '0': CMAKE_PREFIX_PATH=${CMAKE_PREFIX_PATH}:/opt/ros/humble /usr/bin/cmake --install /home/newman/vrx_ws/src/mission_windwatch/build/my_team_package
[0.478s] Level 1:colcon.colcon_core.environment:checking '/home/newman/vrx_ws/src/mission_windwatch/install' for CMake module files
[0.478s] Level 1:colcon.colcon_core.environment:checking '/home/newman/vrx_ws/src/mission_windwatch/install' for CMake config files
[0.478s] Level 1:colcon.colcon_core.shell:create_environment_hook('my_team_package', 'cmake_prefix_path')
[0.478s] INFO:colcon.colcon_core.shell:Creating environment hook '/home/newman/vrx_ws/src/mission_windwatch/install/share/my_team_package/hook/cmake_prefix_path.ps1'
[0.479s] INFO:colcon.colcon_core.shell:Creating environment descriptor '/home/newman/vrx_ws/src/mission_windwatch/install/share/my_team_package/hook/cmake_prefix_path.dsv'
[0.479s] INFO:colcon.colcon_core.shell:Creating environment hook '/home/newman/vrx_ws/src/mission_windwatch/install/share/my_team_package/hook/cmake_prefix_path.sh'
[0.480s] Level 1:colcon.colcon_core.environment:checking '/home/newman/vrx_ws/src/mission_windwatch/install/lib'
[0.480s] Level 1:colcon.colcon_core.shell:create_environment_hook('my_team_package', 'ld_library_path_lib')
[0.480s] INFO:colcon.colcon_core.shell:Creating environment hook '/home/newman/vrx_ws/src/mission_windwatch/install/share/my_team_package/hook/ld_library_path_lib.ps1'
[0.480s] INFO:colcon.colcon_core.shell:Creating environment descriptor '/home/newman/vrx_ws/src/mission_windwatch/install/share/my_team_package/hook/ld_library_path_lib.dsv'
[0.481s] INFO:colcon.colcon_core.shell:Creating environment hook '/home/newman/vrx_ws/src/mission_windwatch/install/share/my_team_package/hook/ld_library_path_lib.sh'
[0.481s] Level 1:colcon.colcon_core.environment:checking '/home/newman/vrx_ws/src/mission_windwatch/install/bin'
[0.481s] Level 1:colcon.colcon_core.environment:checking '/home/newman/vrx_ws/src/mission_windwatch/install/lib/pkgconfig/my_team_package.pc'
[0.481s] Level 1:colcon.colcon_core.environment:checking '/home/newman/vrx_ws/src/mission_windwatch/install/lib/python3.10/site-packages'
[0.482s] Level 1:colcon.colcon_core.environment:checking '/home/newman/vrx_ws/src/mission_windwatch/install/bin'
[0.482s] INFO:colcon.colcon_core.shell:Creating package script '/home/newman/vrx_ws/src/mission_windwatch/install/share/my_team_package/package.ps1'
[0.482s] INFO:colcon.colcon_core.shell:Creating package descriptor '/home/newman/vrx_ws/src/mission_windwatch/install/share/my_team_package/package.dsv'
[0.483s] INFO:colcon.colcon_core.shell:Creating package script '/home/newman/vrx_ws/src/mission_windwatch/install/share/my_team_package/package.sh'
[0.484s] INFO:colcon.colcon_core.shell:Creating package script '/home/newman/vrx_ws/src/mission_windwatch/install/share/my_team_package/package.bash'
[0.484s] INFO:colcon.colcon_core.shell:Creating package script '/home/newman/vrx_ws/src/mission_windwatch/install/share/my_team_package/package.zsh'
[0.485s] Level 1:colcon.colcon_core.environment:create_file_with_runtime_dependencies(/home/newman/vrx_ws/src/mission_windwatch/install/share/colcon-core/packages/my_team_package)
[0.486s] Level 1:colcon.colcon_core.environment:create_environment_scripts_only(vrx_ros)
[0.486s] DEBUG:colcon.colcon_core.event_handler.log_command:Invoked command in '/home/newman/vrx_ws/src/mission_windwatch/build/vrx_ros' returned '0': CMAKE_PREFIX_PATH=${CMAKE_PREFIX_PATH}:/opt/ros/humble /usr/bin/cmake --install /home/newman/vrx_ws/src/mission_windwatch/build/vrx_ros
[0.486s] Level 1:colcon.colcon_core.environment:checking '/home/newman/vrx_ws/src/mission_windwatch/install' for CMake module files
[0.487s] Level 1:colcon.colcon_core.environment:checking '/home/newman/vrx_ws/src/mission_windwatch/install' for CMake config files
[0.487s] Level 1:colcon.colcon_core.shell:create_environment_hook('vrx_ros', 'cmake_prefix_path')
[0.487s] INFO:colcon.colcon_core.shell:Creating environment hook '/home/newman/vrx_ws/src/mission_windwatch/install/share/vrx_ros/hook/cmake_prefix_path.ps1'
[0.488s] INFO:colcon.colcon_core.shell:Creating environment descriptor '/home/newman/vrx_ws/src/mission_windwatch/install/share/vrx_ros/hook/cmake_prefix_path.dsv'
[0.488s] INFO:colcon.colcon_core.shell:Creating environment hook '/home/newman/vrx_ws/src/mission_windwatch/install/share/vrx_ros/hook/cmake_prefix_path.sh'
[0.488s] Level 1:colcon.colcon_core.environment:checking '/home/newman/vrx_ws/src/mission_windwatch/install/lib'
[0.488s] Level 1:colcon.colcon_core.shell:create_environment_hook('vrx_ros', 'ld_library_path_lib')
[0.489s] INFO:colcon.colcon_core.shell:Creating environment hook '/home/newman/vrx_ws/src/mission_windwatch/install/share/vrx_ros/hook/ld_library_path_lib.ps1'
[0.489s] INFO:colcon.colcon_core.shell:Creating environment descriptor '/home/newman/vrx_ws/src/mission_windwatch/install/share/vrx_ros/hook/ld_library_path_lib.dsv'
[0.489s] INFO:colcon.colcon_core.shell:Creating environment hook '/home/newman/vrx_ws/src/mission_windwatch/install/share/vrx_ros/hook/ld_library_path_lib.sh'
[0.490s] Level 1:colcon.colcon_core.environment:checking '/home/newman/vrx_ws/src/mission_windwatch/install/bin'
[0.490s] Level 1:colcon.colcon_core.environment:checking '/home/newman/vrx_ws/src/mission_windwatch/install/lib/pkgconfig/vrx_ros.pc'
[0.490s] Level 1:colcon.colcon_core.environment:checking '/home/newman/vrx_ws/src/mission_windwatch/install/lib/python3.10/site-packages'
[0.490s] Level 1:colcon.colcon_core.environment:checking '/home/newman/vrx_ws/src/mission_windwatch/install/bin'
[0.490s] INFO:colcon.colcon_core.shell:Creating package script '/home/newman/vrx_ws/src/mission_windwatch/install/share/vrx_ros/package.ps1'
[0.491s] INFO:colcon.colcon_core.shell:Creating package descriptor '/home/newman/vrx_ws/src/mission_windwatch/install/share/vrx_ros/package.dsv'
[0.491s] INFO:colcon.colcon_core.shell:Creating package script '/home/newman/vrx_ws/src/mission_windwatch/install/share/vrx_ros/package.sh'
[0.491s] INFO:colcon.colcon_core.shell:Creating package script '/home/newman/vrx_ws/src/mission_windwatch/install/share/vrx_ros/package.bash'
[0.492s] INFO:colcon.colcon_core.shell:Creating package script '/home/newman/vrx_ws/src/mission_windwatch/install/share/vrx_ros/package.zsh'
[0.492s] Level 1:colcon.colcon_core.environment:create_file_with_runtime_dependencies(/home/newman/vrx_ws/src/mission_windwatch/install/share/colcon-core/packages/vrx_ros)
[0.493s] Level 1:colcon.colcon_core.environment:create_environment_scripts_only(aquabot_example)
[0.493s] Level 1:colcon.colcon_core.environment:checking '/home/newman/vrx_ws/src/mission_windwatch/install' for CMake module files
[0.494s] DEBUG:colcon.colcon_core.event_handler.log_command:Invoked command in '/home/newman/vrx_ws/src/mission_windwatch/build/aquabot_example' returned '0': CMAKE_PREFIX_PATH=${CMAKE_PREFIX_PATH}:/opt/ros/humble /usr/bin/cmake --install /home/newman/vrx_ws/src/mission_windwatch/build/aquabot_example
[0.494s] Level 1:colcon.colcon_core.environment:checking '/home/newman/vrx_ws/src/mission_windwatch/install' for CMake config files
[0.494s] Level 1:colcon.colcon_core.shell:create_environment_hook('aquabot_example', 'cmake_prefix_path')
[0.494s] INFO:colcon.colcon_core.shell:Creating environment hook '/home/newman/vrx_ws/src/mission_windwatch/install/share/aquabot_example/hook/cmake_prefix_path.ps1'
[0.495s] INFO:colcon.colcon_core.shell:Creating environment descriptor '/home/newman/vrx_ws/src/mission_windwatch/install/share/aquabot_example/hook/cmake_prefix_path.dsv'
[0.495s] INFO:colcon.colcon_core.shell:Creating environment hook '/home/newman/vrx_ws/src/mission_windwatch/install/share/aquabot_example/hook/cmake_prefix_path.sh'
[0.496s] Level 1:colcon.colcon_core.environment:checking '/home/newman/vrx_ws/src/mission_windwatch/install/lib'
[0.496s] Level 1:colcon.colcon_core.shell:create_environment_hook('aquabot_example', 'ld_library_path_lib')
[0.496s] INFO:colcon.colcon_core.shell:Creating environment hook '/home/newman/vrx_ws/src/mission_windwatch/install/share/aquabot_example/hook/ld_library_path_lib.ps1'
[0.496s] INFO:colcon.colcon_core.shell:Creating environment descriptor '/home/newman/vrx_ws/src/mission_windwatch/install/share/aquabot_example/hook/ld_library_path_lib.dsv'
[0.496s] INFO:colcon.colcon_core.shell:Creating environment hook '/home/newman/vrx_ws/src/mission_windwatch/install/share/aquabot_example/hook/ld_library_path_lib.sh'
[0.497s] Level 1:colcon.colcon_core.environment:checking '/home/newman/vrx_ws/src/mission_windwatch/install/bin'
[0.497s] Level 1:colcon.colcon_core.environment:checking '/home/newman/vrx_ws/src/mission_windwatch/install/lib/pkgconfig/aquabot_example.pc'
[0.497s] Level 1:colcon.colcon_core.environment:checking '/home/newman/vrx_ws/src/mission_windwatch/install/lib/python3.10/site-packages'
[0.497s] Level 1:colcon.colcon_core.environment:checking '/home/newman/vrx_ws/src/mission_windwatch/install/bin'
[0.497s] INFO:colcon.colcon_core.shell:Creating package script '/home/newman/vrx_ws/src/mission_windwatch/install/share/aquabot_example/package.ps1'
[0.498s] INFO:colcon.colcon_core.shell:Creating package descriptor '/home/newman/vrx_ws/src/mission_windwatch/install/share/aquabot_example/package.dsv'
[0.498s] INFO:colcon.colcon_core.shell:Creating package script '/home/newman/vrx_ws/src/mission_windwatch/install/share/aquabot_example/package.sh'
[0.499s] INFO:colcon.colcon_core.shell:Creating package script '/home/newman/vrx_ws/src/mission_windwatch/install/share/aquabot_example/package.bash'
[0.499s] INFO:colcon.colcon_core.shell:Creating package script '/home/newman/vrx_ws/src/mission_windwatch/install/share/aquabot_example/package.zsh'
[0.499s] Level 1:colcon.colcon_core.environment:create_file_with_runtime_dependencies(/home/newman/vrx_ws/src/mission_windwatch/install/share/colcon-core/packages/aquabot_example)
[0.503s] DEBUG:colcon.colcon_core.event_handler.log_command:Invoking command in '/home/newman/vrx_ws/src/mission_windwatch/build/navigation': CMAKE_PREFIX_PATH=${CMAKE_PREFIX_PATH}:/opt/ros/humble /usr/bin/cmake --install /home/newman/vrx_ws/src/mission_windwatch/build/navigation
[0.504s] Level 1:colcon.colcon_core.environment:create_environment_scripts_only(my_team_package)
[0.504s] Level 1:colcon.colcon_core.environment:checking '/home/newman/vrx_ws/src/mission_windwatch/install' for CMake module files
[0.505s] Level 1:colcon.colcon_core.environment:checking '/home/newman/vrx_ws/src/mission_windwatch/install' for CMake config files
[0.505s] Level 1:colcon.colcon_core.shell:create_environment_hook('my_team_package', 'cmake_prefix_path')
[0.505s] INFO:colcon.colcon_core.shell:Creating environment hook '/home/newman/vrx_ws/src/mission_windwatch/install/share/my_team_package/hook/cmake_prefix_path.ps1'
[0.505s] INFO:colcon.colcon_core.shell:Creating environment descriptor '/home/newman/vrx_ws/src/mission_windwatch/install/share/my_team_package/hook/cmake_prefix_path.dsv'
[0.506s] DEBUG:colcon.colcon_core.event_handler.log_command:Invoking command in '/home/newman/vrx_ws/src/mission_windwatch/build/mission_manager': CMAKE_PREFIX_PATH=${CMAKE_PREFIX_PATH}:/opt/ros/humble /usr/bin/cmake --install /home/newman/vrx_ws/src/mission_windwatch/build/mission_manager
[0.506s] INFO:colcon.colcon_core.shell:Creating environment hook '/home/newman/vrx_ws/src/mission_windwatch/install/share/my_team_package/hook/cmake_prefix_path.sh'
[0.511s] Level 1:colcon.colcon_core.environment:checking '/home/newman/vrx_ws/src/mission_windwatch/install/lib'
[0.516s] Level 1:colcon.colcon_core.shell:create_environment_hook('my_team_package', 'ld_library_path_lib')
[0.516s] INFO:colcon.colcon_core.shell:Creating environment hook '/home/newman/vrx_ws/src/mission_windwatch/install/share/my_team_package/hook/ld_library_path_lib.ps1'
[0.519s] INFO:colcon.colcon_core.shell:Creating environment descriptor '/home/newman/vrx_ws/src/mission_windwatch/install/share/my_team_package/hook/ld_library_path_lib.dsv'
[0.520s] INFO:colcon.colcon_core.shell:Creating environment hook '/home/newman/vrx_ws/src/mission_windwatch/install/share/my_team_package/hook/ld_library_path_lib.sh'
[0.520s] Level 1:colcon.colcon_core.environment:checking '/home/newman/vrx_ws/src/mission_windwatch/install/bin'
[0.520s] Level 1:colcon.colcon_core.environment:checking '/home/newman/vrx_ws/src/mission_windwatch/install/lib/pkgconfig/my_team_package.pc'
[0.520s] Level 1:colcon.colcon_core.environment:checking '/home/newman/vrx_ws/src/mission_windwatch/install/lib/python3.10/site-packages'
[0.520s] Level 1:colcon.colcon_core.environment:checking '/home/newman/vrx_ws/src/mission_windwatch/install/bin'
[0.521s] INFO:colcon.colcon_core.shell:Creating package script '/home/newman/vrx_ws/src/mission_windwatch/install/share/my_team_package/package.ps1'
[0.521s] INFO:colcon.colcon_core.shell:Creating package descriptor '/home/newman/vrx_ws/src/mission_windwatch/install/share/my_team_package/package.dsv'
[0.521s] INFO:colcon.colcon_core.shell:Creating package script '/home/newman/vrx_ws/src/mission_windwatch/install/share/my_team_package/package.sh'
[0.522s] INFO:colcon.colcon_core.shell:Creating package script '/home/newman/vrx_ws/src/mission_windwatch/install/share/my_team_package/package.bash'
[0.522s] INFO:colcon.colcon_core.shell:Creating package script '/home/newman/vrx_ws/src/mission_windwatch/install/share/my_team_package/package.zsh'
[0.522s] Level 1:colcon.colcon_core.environment:create_file_with_runtime_dependencies(/home/newman/vrx_ws/src/mission_windwatch/install/share/colcon-core/packages/my_team_package)
[0.523s] INFO:colcon.colcon_ros.task.ament_cmake.build:Building ROS package in '/home/newman/vrx_ws/src/mission_windwatch/src/sensors' with build type 'ament_cmake'
[0.523s] INFO:colcon.colcon_cmake.task.cmake.build:Building CMake package in '/home/newman/vrx_ws/src/mission_windwatch/src/sensors'
[0.523s] INFO:colcon.colcon_core.shell:Skip shell extension 'powershell' for command environment: Not usable outside of PowerShell
[0.523s] DEBUG:colcon.colcon_core.shell:Skip shell extension 'dsv' for command environment
[0.528s] Level 1:colcon.colcon_core.environment:create_environment_scripts_only(vrx_ros)
[0.528s] Level 1:colcon.colcon_core.environment:checking '/home/newman/vrx_ws/src/mission_windwatch/install' for CMake module files
[0.528s] Level 1:colcon.colcon_core.environment:checking '/home/newman/vrx_ws/src/mission_windwatch/install' for CMake config files
[0.530s] Level 1:colcon.colcon_core.shell:create_environment_hook('vrx_ros', 'cmake_prefix_path')
[0.530s] INFO:colcon.colcon_core.shell:Creating environment hook '/home/newman/vrx_ws/src/mission_windwatch/install/share/vrx_ros/hook/cmake_prefix_path.ps1'
[0.531s] INFO:colcon.colcon_core.shell:Creating environment descriptor '/home/newman/vrx_ws/src/mission_windwatch/install/share/vrx_ros/hook/cmake_prefix_path.dsv'
[0.531s] INFO:colcon.colcon_core.shell:Creating environment hook '/home/newman/vrx_ws/src/mission_windwatch/install/share/vrx_ros/hook/cmake_prefix_path.sh'
[0.532s] Level 1:colcon.colcon_core.environment:checking '/home/newman/vrx_ws/src/mission_windwatch/install/lib'
[0.532s] Level 1:colcon.colcon_core.shell:create_environment_hook('vrx_ros', 'ld_library_path_lib')
[0.532s] INFO:colcon.colcon_core.shell:Creating environment hook '/home/newman/vrx_ws/src/mission_windwatch/install/share/vrx_ros/hook/ld_library_path_lib.ps1'
[0.532s] INFO:colcon.colcon_core.shell:Creating environment descriptor '/home/newman/vrx_ws/src/mission_windwatch/install/share/vrx_ros/hook/ld_library_path_lib.dsv'
[0.532s] INFO:colcon.colcon_core.shell:Creating environment hook '/home/newman/vrx_ws/src/mission_windwatch/install/share/vrx_ros/hook/ld_library_path_lib.sh'
[0.533s] Level 1:colcon.colcon_core.environment:checking '/home/newman/vrx_ws/src/mission_windwatch/install/bin'
[0.533s] Level 1:colcon.colcon_core.environment:checking '/home/newman/vrx_ws/src/mission_windwatch/install/lib/pkgconfig/vrx_ros.pc'
[0.533s] Level 1:colcon.colcon_core.environment:checking '/home/newman/vrx_ws/src/mission_windwatch/install/lib/python3.10/site-packages'
[0.533s] Level 1:colcon.colcon_core.environment:checking '/home/newman/vrx_ws/src/mission_windwatch/install/bin'
[0.534s] INFO:colcon.colcon_core.shell:Creating package script '/home/newman/vrx_ws/src/mission_windwatch/install/share/vrx_ros/package.ps1'
[0.534s] INFO:colcon.colcon_core.shell:Creating package descriptor '/home/newman/vrx_ws/src/mission_windwatch/install/share/vrx_ros/package.dsv'
[0.535s] INFO:colcon.colcon_core.shell:Creating package script '/home/newman/vrx_ws/src/mission_windwatch/install/share/vrx_ros/package.sh'
[0.535s] INFO:colcon.colcon_core.shell:Creating package script '/home/newman/vrx_ws/src/mission_windwatch/install/share/vrx_ros/package.bash'
[0.535s] INFO:colcon.colcon_core.shell:Creating package script '/home/newman/vrx_ws/src/mission_windwatch/install/share/vrx_ros/package.zsh'
[0.536s] Level 1:colcon.colcon_core.environment:create_file_with_runtime_dependencies(/home/newman/vrx_ws/src/mission_windwatch/install/share/colcon-core/packages/vrx_ros)
[0.536s] Level 1:colcon.colcon_core.environment:create_environment_scripts_only(aquabot_example)
[0.536s] Level 1:colcon.colcon_core.environment:checking '/home/newman/vrx_ws/src/mission_windwatch/install' for CMake module files
[0.537s] Level 1:colcon.colcon_core.environment:checking '/home/newman/vrx_ws/src/mission_windwatch/install' for CMake config files
[0.537s] Level 1:colcon.colcon_core.shell:create_environment_hook('aquabot_example', 'cmake_prefix_path')
[0.537s] INFO:colcon.colcon_core.shell:Creating environment hook '/home/newman/vrx_ws/src/mission_windwatch/install/share/aquabot_example/hook/cmake_prefix_path.ps1'
[0.538s] INFO:colcon.colcon_core.shell:Creating environment descriptor '/home/newman/vrx_ws/src/mission_windwatch/install/share/aquabot_example/hook/cmake_prefix_path.dsv'
[0.538s] INFO:colcon.colcon_core.shell:Creating environment hook '/home/newman/vrx_ws/src/mission_windwatch/install/share/aquabot_example/hook/cmake_prefix_path.sh'
[0.538s] Level 1:colcon.colcon_core.environment:checking '/home/newman/vrx_ws/src/mission_windwatch/install/lib'
[0.539s] Level 1:colcon.colcon_core.shell:create_environment_hook('aquabot_example', 'ld_library_path_lib')
[0.539s] INFO:colcon.colcon_core.shell:Creating environment hook '/home/newman/vrx_ws/src/mission_windwatch/install/share/aquabot_example/hook/ld_library_path_lib.ps1'
[0.539s] INFO:colcon.colcon_core.shell:Creating environment descriptor '/home/newman/vrx_ws/src/mission_windwatch/install/share/aquabot_example/hook/ld_library_path_lib.dsv'
[0.539s] INFO:colcon.colcon_core.shell:Creating environment hook '/home/newman/vrx_ws/src/mission_windwatch/install/share/aquabot_example/hook/ld_library_path_lib.sh'
[0.540s] Level 1:colcon.colcon_core.environment:checking '/home/newman/vrx_ws/src/mission_windwatch/install/bin'
[0.540s] Level 1:colcon.colcon_core.environment:checking '/home/newman/vrx_ws/src/mission_windwatch/install/lib/pkgconfig/aquabot_example.pc'
[0.540s] Level 1:colcon.colcon_core.environment:checking '/home/newman/vrx_ws/src/mission_windwatch/install/lib/python3.10/site-packages'
[0.540s] Level 1:colcon.colcon_core.environment:checking '/home/newman/vrx_ws/src/mission_windwatch/install/bin'
[0.540s] INFO:colcon.colcon_core.shell:Creating package script '/home/newman/vrx_ws/src/mission_windwatch/install/share/aquabot_example/package.ps1'
[0.541s] INFO:colcon.colcon_core.shell:Creating package descriptor '/home/newman/vrx_ws/src/mission_windwatch/install/share/aquabot_example/package.dsv'
[0.541s] INFO:colcon.colcon_core.shell:Creating package script '/home/newman/vrx_ws/src/mission_windwatch/install/share/aquabot_example/package.sh'
[0.542s] INFO:colcon.colcon_core.shell:Creating package script '/home/newman/vrx_ws/src/mission_windwatch/install/share/aquabot_example/package.bash'
[0.542s] INFO:colcon.colcon_core.shell:Creating package script '/home/newman/vrx_ws/src/mission_windwatch/install/share/aquabot_example/package.zsh'
[0.542s] Level 1:colcon.colcon_core.environment:create_file_with_runtime_dependencies(/home/newman/vrx_ws/src/mission_windwatch/install/share/colcon-core/packages/aquabot_example)
[0.543s] INFO:colcon.colcon_ros.task.ament_cmake.build:Building ROS package in '/home/newman/vrx_ws/src/mission_windwatch/src/vrx/vrx_gz' with build type 'ament_cmake'
[0.543s] INFO:colcon.colcon_cmake.task.cmake.build:Building CMake package in '/home/newman/vrx_ws/src/mission_windwatch/src/vrx/vrx_gz'
[0.543s] INFO:colcon.colcon_core.shell:Skip shell extension 'powershell' for command environment: Not usable outside of PowerShell
[0.543s] DEBUG:colcon.colcon_core.shell:Skip shell extension 'dsv' for command environment
[0.549s] INFO:colcon.colcon_ros.task.ament_cmake.build:Building ROS package in '/home/newman/vrx_ws/src/mission_windwatch/src/visualization' with build type 'ament_cmake'
[0.549s] INFO:colcon.colcon_cmake.task.cmake.build:Building CMake package in '/home/newman/vrx_ws/src/mission_windwatch/src/visualization'
[0.550s] INFO:colcon.colcon_core.shell:Skip shell extension 'powershell' for command environment: Not usable outside of PowerShell
[0.550s] DEBUG:colcon.colcon_core.shell:Skip shell extension 'dsv' for command environment
[0.553s] Level 1:colcon.colcon_core.environment:create_environment_scripts_only(mission_manager)
[0.553s] Level 1:colcon.colcon_core.environment:checking '/home/newman/vrx_ws/src/mission_windwatch/install' for CMake module files
[0.554s] DEBUG:colcon.colcon_core.event_handler.log_command:Invoked command in '/home/newman/vrx_ws/src/mission_windwatch/build/mission_manager' returned '0': CMAKE_PREFIX_PATH=${CMAKE_PREFIX_PATH}:/opt/ros/humble /usr/bin/cmake --install /home/newman/vrx_ws/src/mission_windwatch/build/mission_manager
[0.554s] Level 1:colcon.colcon_core.environment:checking '/home/newman/vrx_ws/src/mission_windwatch/install' for CMake config files
[0.554s] Level 1:colcon.colcon_core.shell:create_environment_hook('mission_manager', 'cmake_prefix_path')
[0.555s] INFO:colcon.colcon_core.shell:Creating environment hook '/home/newman/vrx_ws/src/mission_windwatch/install/share/mission_manager/hook/cmake_prefix_path.ps1'
[0.556s] INFO:colcon.colcon_core.shell:Creating environment descriptor '/home/newman/vrx_ws/src/mission_windwatch/install/share/mission_manager/hook/cmake_prefix_path.dsv'
[0.556s] INFO:colcon.colcon_core.shell:Creating environment hook '/home/newman/vrx_ws/src/mission_windwatch/install/share/mission_manager/hook/cmake_prefix_path.sh'
[0.556s] Level 1:colcon.colcon_core.environment:checking '/home/newman/vrx_ws/src/mission_windwatch/install/lib'
[0.557s] Level 1:colcon.colcon_core.shell:create_environment_hook('mission_manager', 'ld_library_path_lib')
[0.557s] INFO:colcon.colcon_core.shell:Creating environment hook '/home/newman/vrx_ws/src/mission_windwatch/install/share/mission_manager/hook/ld_library_path_lib.ps1'
[0.557s] INFO:colcon.colcon_core.shell:Creating environment descriptor '/home/newman/vrx_ws/src/mission_windwatch/install/share/mission_manager/hook/ld_library_path_lib.dsv'
[0.557s] INFO:colcon.colcon_core.shell:Creating environment hook '/home/newman/vrx_ws/src/mission_windwatch/install/share/mission_manager/hook/ld_library_path_lib.sh'
[0.558s] Level 1:colcon.colcon_core.environment:checking '/home/newman/vrx_ws/src/mission_windwatch/install/bin'
[0.558s] Level 1:colcon.colcon_core.environment:checking '/home/newman/vrx_ws/src/mission_windwatch/install/lib/pkgconfig/mission_manager.pc'
[0.558s] Level 1:colcon.colcon_core.environment:checking '/home/newman/vrx_ws/src/mission_windwatch/install/lib/python3.10/site-packages'
[0.558s] Level 1:colcon.colcon_core.environment:checking '/home/newman/vrx_ws/src/mission_windwatch/install/bin'
[0.558s] INFO:colcon.colcon_core.shell:Creating package script '/home/newman/vrx_ws/src/mission_windwatch/install/share/mission_manager/package.ps1'
[0.559s] INFO:colcon.colcon_core.shell:Creating package descriptor '/home/newman/vrx_ws/src/mission_windwatch/install/share/mission_manager/package.dsv'
[0.559s] INFO:colcon.colcon_core.shell:Creating package script '/home/newman/vrx_ws/src/mission_windwatch/install/share/mission_manager/package.sh'
[0.560s] INFO:colcon.colcon_core.shell:Creating package script '/home/newman/vrx_ws/src/mission_windwatch/install/share/mission_manager/package.bash'
[0.560s] INFO:colcon.colcon_core.shell:Creating package script '/home/newman/vrx_ws/src/mission_windwatch/install/share/mission_manager/package.zsh'
[0.560s] Level 1:colcon.colcon_core.environment:create_file_with_runtime_dependencies(/home/newman/vrx_ws/src/mission_windwatch/install/share/colcon-core/packages/mission_manager)
[0.561s] Level 1:colcon.colcon_core.environment:create_environment_scripts_only(navigation)
[0.561s] Level 1:colcon.colcon_core.environment:checking '/home/newman/vrx_ws/src/mission_windwatch/install' for CMake module files
[0.562s] Level 1:colcon.colcon_core.environment:checking '/home/newman/vrx_ws/src/mission_windwatch/install' for CMake config files
[0.562s] Level 1:colcon.colcon_core.shell:create_environment_hook('navigation', 'cmake_prefix_path')
[0.562s] INFO:colcon.colcon_core.shell:Creating environment hook '/home/newman/vrx_ws/src/mission_windwatch/install/share/navigation/hook/cmake_prefix_path.ps1'
[0.562s] INFO:colcon.colcon_core.shell:Creating environment descriptor '/home/newman/vrx_ws/src/mission_windwatch/install/share/navigation/hook/cmake_prefix_path.dsv'
[0.563s] INFO:colcon.colcon_core.shell:Creating environment hook '/home/newman/vrx_ws/src/mission_windwatch/install/share/navigation/hook/cmake_prefix_path.sh'
[0.563s] Level 1:colcon.colcon_core.environment:checking '/home/newman/vrx_ws/src/mission_windwatch/install/lib'
[0.563s] Level 1:colcon.colcon_core.shell:create_environment_hook('navigation', 'ld_library_path_lib')
[0.563s] INFO:colcon.colcon_core.shell:Creating environment hook '/home/newman/vrx_ws/src/mission_windwatch/install/share/navigation/hook/ld_library_path_lib.ps1'
[0.564s] DEBUG:colcon.colcon_core.event_handler.log_command:Invoked command in '/home/newman/vrx_ws/src/mission_windwatch/build/navigation' returned '0': CMAKE_PREFIX_PATH=${CMAKE_PREFIX_PATH}:/opt/ros/humble /usr/bin/cmake --install /home/newman/vrx_ws/src/mission_windwatch/build/navigation
[0.564s] INFO:colcon.colcon_core.shell:Creating environment descriptor '/home/newman/vrx_ws/src/mission_windwatch/install/share/navigation/hook/ld_library_path_lib.dsv'
[0.564s] INFO:colcon.colcon_core.shell:Creating environment hook '/home/newman/vrx_ws/src/mission_windwatch/install/share/navigation/hook/ld_library_path_lib.sh'
[0.565s] Level 1:colcon.colcon_core.environment:checking '/home/newman/vrx_ws/src/mission_windwatch/install/bin'
[0.565s] Level 1:colcon.colcon_core.environment:checking '/home/newman/vrx_ws/src/mission_windwatch/install/lib/pkgconfig/navigation.pc'
[0.565s] Level 1:colcon.colcon_core.environment:checking '/home/newman/vrx_ws/src/mission_windwatch/install/lib/python3.10/site-packages'
[0.565s] Level 1:colcon.colcon_core.environment:checking '/home/newman/vrx_ws/src/mission_windwatch/install/bin'
[0.565s] INFO:colcon.colcon_core.shell:Creating package script '/home/newman/vrx_ws/src/mission_windwatch/install/share/navigation/package.ps1'
[0.566s] INFO:colcon.colcon_core.shell:Creating package descriptor '/home/newman/vrx_ws/src/mission_windwatch/install/share/navigation/package.dsv'
[0.566s] INFO:colcon.colcon_core.shell:Creating package script '/home/newman/vrx_ws/src/mission_windwatch/install/share/navigation/package.sh'
[0.566s] INFO:colcon.colcon_core.shell:Creating package script '/home/newman/vrx_ws/src/mission_windwatch/install/share/navigation/package.bash'
[0.567s] INFO:colcon.colcon_core.shell:Creating package script '/home/newman/vrx_ws/src/mission_windwatch/install/share/navigation/package.zsh'
[0.567s] Level 1:colcon.colcon_core.environment:create_file_with_runtime_dependencies(/home/newman/vrx_ws/src/mission_windwatch/install/share/colcon-core/packages/navigation)
[0.579s] DEBUG:colcon.colcon_core.event_handler.log_command:Invoking command in '/home/newman/vrx_ws/src/mission_windwatch/build/sensors': CMAKE_PREFIX_PATH=${CMAKE_PREFIX_PATH}:/opt/ros/humble /usr/bin/cmake --build /home/newman/vrx_ws/src/mission_windwatch/build/sensors -- -j9 -l9
[0.582s] DEBUG:colcon.colcon_core.event_handler.log_command:Invoking command in '/home/newman/vrx_ws/src/mission_windwatch/build/vrx_gz': CMAKE_PREFIX_PATH=${CMAKE_PREFIX_PATH}:/opt/ros/humble /usr/bin/cmake --build /home/newman/vrx_ws/src/mission_windwatch/build/vrx_gz -- -j9 -l9
[0.589s] DEBUG:colcon.colcon_core.event_handler.log_command:Invoking command in '/home/newman/vrx_ws/src/mission_windwatch/build/visualization': CMAKE_PREFIX_PATH=${CMAKE_PREFIX_PATH}:/opt/ros/humble /usr/bin/cmake --build /home/newman/vrx_ws/src/mission_windwatch/build/visualization -- -j9 -l9
[0.593s] Level 1:colcon.colcon_core.environment:create_environment_scripts_only(mission_manager)
[0.594s] Level 1:colcon.colcon_core.environment:checking '/home/newman/vrx_ws/src/mission_windwatch/install' for CMake module files
[0.594s] Level 1:colcon.colcon_core.environment:checking '/home/newman/vrx_ws/src/mission_windwatch/install' for CMake config files
[0.594s] Level 1:colcon.colcon_core.shell:create_environment_hook('mission_manager', 'cmake_prefix_path')
[0.594s] INFO:colcon.colcon_core.shell:Creating environment hook '/home/newman/vrx_ws/src/mission_windwatch/install/share/mission_manager/hook/cmake_prefix_path.ps1'
[0.595s] INFO:colcon.colcon_core.shell:Creating environment descriptor '/home/newman/vrx_ws/src/mission_windwatch/install/share/mission_manager/hook/cmake_prefix_path.dsv'
[0.595s] INFO:colcon.colcon_core.shell:Creating environment hook '/home/newman/vrx_ws/src/mission_windwatch/install/share/mission_manager/hook/cmake_prefix_path.sh'
[0.596s] Level 1:colcon.colcon_core.environment:checking '/home/newman/vrx_ws/src/mission_windwatch/install/lib'
[0.596s] Level 1:colcon.colcon_core.shell:create_environment_hook('mission_manager', 'ld_library_path_lib')
[0.596s] INFO:colcon.colcon_core.shell:Creating environment hook '/home/newman/vrx_ws/src/mission_windwatch/install/share/mission_manager/hook/ld_library_path_lib.ps1'
[0.596s] INFO:colcon.colcon_core.shell:Creating environment descriptor '/home/newman/vrx_ws/src/mission_windwatch/install/share/mission_manager/hook/ld_library_path_lib.dsv'
[0.597s] INFO:colcon.colcon_core.shell:Creating environment hook '/home/newman/vrx_ws/src/mission_windwatch/install/share/mission_manager/hook/ld_library_path_lib.sh'
[0.597s] Level 1:colcon.colcon_core.environment:checking '/home/newman/vrx_ws/src/mission_windwatch/install/bin'
[0.597s] Level 1:colcon.colcon_core.environment:checking '/home/newman/vrx_ws/src/mission_windwatch/install/lib/pkgconfig/mission_manager.pc'
[0.597s] Level 1:colcon.colcon_core.environment:checking '/home/newman/vrx_ws/src/mission_windwatch/install/lib/python3.10/site-packages'
[0.598s] Level 1:colcon.colcon_core.environment:checking '/home/newman/vrx_ws/src/mission_windwatch/install/bin'
[0.598s] INFO:colcon.colcon_core.shell:Creating package script '/home/newman/vrx_ws/src/mission_windwatch/install/share/mission_manager/package.ps1'
[0.598s] INFO:colcon.colcon_core.shell:Creating package descriptor '/home/newman/vrx_ws/src/mission_windwatch/install/share/mission_manager/package.dsv'
[0.599s] INFO:colcon.colcon_core.shell:Creating package script '/home/newman/vrx_ws/src/mission_windwatch/install/share/mission_manager/package.sh'
[0.599s] INFO:colcon.colcon_core.shell:Creating package script '/home/newman/vrx_ws/src/mission_windwatch/install/share/mission_manager/package.bash'
[0.599s] INFO:colcon.colcon_core.shell:Creating package script '/home/newman/vrx_ws/src/mission_windwatch/install/share/mission_manager/package.zsh'
[0.600s] Level 1:colcon.colcon_core.environment:create_file_with_runtime_dependencies(/home/newman/vrx_ws/src/mission_windwatch/install/share/colcon-core/packages/mission_manager)
[0.607s] Level 1:colcon.colcon_core.environment:create_environment_scripts_only(navigation)
[0.607s] Level 1:colcon.colcon_core.environment:checking '/home/newman/vrx_ws/src/mission_windwatch/install' for CMake module files
[0.608s] Level 1:colcon.colcon_core.environment:checking '/home/newman/vrx_ws/src/mission_windwatch/install' for CMake config files
[0.608s] Level 1:colcon.colcon_core.shell:create_environment_hook('navigation', 'cmake_prefix_path')
[0.609s] INFO:colcon.colcon_core.shell:Creating environment hook '/home/newman/vrx_ws/src/mission_windwatch/install/share/navigation/hook/cmake_prefix_path.ps1'
[0.609s] INFO:colcon.colcon_core.shell:Creating environment descriptor '/home/newman/vrx_ws/src/mission_windwatch/install/share/navigation/hook/cmake_prefix_path.dsv'
[0.609s] INFO:colcon.colcon_core.shell:Creating environment hook '/home/newman/vrx_ws/src/mission_windwatch/install/share/navigation/hook/cmake_prefix_path.sh'
[0.610s] Level 1:colcon.colcon_core.environment:checking '/home/newman/vrx_ws/src/mission_windwatch/install/lib'
[0.610s] Level 1:colcon.colcon_core.shell:create_environment_hook('navigation', 'ld_library_path_lib')
[0.610s] INFO:colcon.colcon_core.shell:Creating environment hook '/home/newman/vrx_ws/src/mission_windwatch/install/share/navigation/hook/ld_library_path_lib.ps1'
[0.611s] INFO:colcon.colcon_core.shell:Creating environment descriptor '/home/newman/vrx_ws/src/mission_windwatch/install/share/navigation/hook/ld_library_path_lib.dsv'
[0.611s] INFO:colcon.colcon_core.shell:Creating environment hook '/home/newman/vrx_ws/src/mission_windwatch/install/share/navigation/hook/ld_library_path_lib.sh'
[0.611s] Level 1:colcon.colcon_core.environment:checking '/home/newman/vrx_ws/src/mission_windwatch/install/bin'
[0.612s] Level 1:colcon.colcon_core.environment:checking '/home/newman/vrx_ws/src/mission_windwatch/install/lib/pkgconfig/navigation.pc'
[0.612s] Level 1:colcon.colcon_core.environment:checking '/home/newman/vrx_ws/src/mission_windwatch/install/lib/python3.10/site-packages'
[0.612s] Level 1:colcon.colcon_core.environment:checking '/home/newman/vrx_ws/src/mission_windwatch/install/bin'
[0.612s] INFO:colcon.colcon_core.shell:Creating package script '/home/newman/vrx_ws/src/mission_windwatch/install/share/navigation/package.ps1'
[0.613s] INFO:colcon.colcon_core.shell:Creating package descriptor '/home/newman/vrx_ws/src/mission_windwatch/install/share/navigation/package.dsv'
[0.613s] INFO:colcon.colcon_core.shell:Creating package script '/home/newman/vrx_ws/src/mission_windwatch/install/share/navigation/package.sh'
[0.613s] INFO:colcon.colcon_core.shell:Creating package script '/home/newman/vrx_ws/src/mission_windwatch/install/share/navigation/package.bash'
[0.614s] INFO:colcon.colcon_core.shell:Creating package script '/home/newman/vrx_ws/src/mission_windwatch/install/share/navigation/package.zsh'
[0.614s] Level 1:colcon.colcon_core.environment:create_file_with_runtime_dependencies(/home/newman/vrx_ws/src/mission_windwatch/install/share/colcon-core/packages/navigation)
[0.656s] DEBUG:colcon.colcon_core.event_handler.log_command:Invoked command in '/home/newman/vrx_ws/src/mission_windwatch/build/vrx_gazebo' returned '0': CMAKE_PREFIX_PATH=${CMAKE_PREFIX_PATH}:/opt/ros/humble /usr/bin/cmake --build /home/newman/vrx_ws/src/mission_windwatch/build/vrx_gazebo -- -j9 -l9
[0.676s] DEBUG:colcon.colcon_core.event_handler.log_command:Invoked command in '/home/newman/vrx_ws/src/mission_windwatch/build/visualization' returned '0': CMAKE_PREFIX_PATH=${CMAKE_PREFIX_PATH}:/opt/ros/humble /usr/bin/cmake --build /home/newman/vrx_ws/src/mission_windwatch/build/visualization -- -j9 -l9
[0.689s] DEBUG:colcon.colcon_core.event_handler.log_command:Invoked command in '/home/newman/vrx_ws/src/mission_windwatch/build/sensors' returned '0': CMAKE_PREFIX_PATH=${CMAKE_PREFIX_PATH}:/opt/ros/humble /usr/bin/cmake --build /home/newman/vrx_ws/src/mission_windwatch/build/sensors -- -j9 -l9
[0.712s] DEBUG:colcon.colcon_core.event_handler.log_command:Invoking command in '/home/newman/vrx_ws/src/mission_windwatch/build/vrx_gazebo': CMAKE_PREFIX_PATH=${CMAKE_PREFIX_PATH}:/opt/ros/humble /usr/bin/cmake --install /home/newman/vrx_ws/src/mission_windwatch/build/vrx_gazebo
[0.716s] DEBUG:colcon.colcon_core.event_handler.log_command:Invoked command in '/home/newman/vrx_ws/src/mission_windwatch/build/aquabot_python' returned '0': CMAKE_PREFIX_PATH=${CMAKE_PREFIX_PATH}:/opt/ros/humble /usr/bin/cmake --build /home/newman/vrx_ws/src/mission_windwatch/build/aquabot_python -- -j9 -l9
[0.740s] DEBUG:colcon.colcon_core.event_handler.log_command:Invoking command in '/home/newman/vrx_ws/src/mission_windwatch/build/visualization': CMAKE_PREFIX_PATH=${CMAKE_PREFIX_PATH}:/opt/ros/humble /usr/bin/cmake --install /home/newman/vrx_ws/src/mission_windwatch/build/visualization
[0.743s] DEBUG:colcon.colcon_core.event_handler.log_command:Invoking command in '/home/newman/vrx_ws/src/mission_windwatch/build/sensors': CMAKE_PREFIX_PATH=${CMAKE_PREFIX_PATH}:/opt/ros/humble /usr/bin/cmake --install /home/newman/vrx_ws/src/mission_windwatch/build/sensors
[0.777s] DEBUG:colcon.colcon_core.event_handler.log_command:Invoked command in '/home/newman/vrx_ws/src/mission_windwatch/build/opencv_example' returned '0': CMAKE_PREFIX_PATH=${CMAKE_PREFIX_PATH}:/opt/ros/humble /usr/bin/cmake --build /home/newman/vrx_ws/src/mission_windwatch/build/opencv_example -- -j9 -l9
[0.796s] DEBUG:colcon.colcon_core.event_handler.log_command:Invoked command in '/home/newman/vrx_ws/src/mission_windwatch/build/package_example' returned '0': CMAKE_PREFIX_PATH=${CMAKE_PREFIX_PATH}:/opt/ros/humble /usr/bin/cmake --build /home/newman/vrx_ws/src/mission_windwatch/build/package_example -- -j9 -l9
[0.800s] Level 1:colcon.colcon_core.environment:create_environment_scripts_only(sensors)
[0.800s] Level 1:colcon.colcon_core.environment:checking '/home/newman/vrx_ws/src/mission_windwatch/install' for CMake module files
[0.801s] Level 1:colcon.colcon_core.environment:checking '/home/newman/vrx_ws/src/mission_windwatch/install' for CMake config files
[0.801s] Level 1:colcon.colcon_core.shell:create_environment_hook('sensors', 'cmake_prefix_path')
[0.801s] INFO:colcon.colcon_core.shell:Creating environment hook '/home/newman/vrx_ws/src/mission_windwatch/install/share/sensors/hook/cmake_prefix_path.ps1'
[0.804s] INFO:colcon.colcon_core.shell:Creating environment descriptor '/home/newman/vrx_ws/src/mission_windwatch/install/share/sensors/hook/cmake_prefix_path.dsv'
[0.805s] INFO:colcon.colcon_core.shell:Creating environment hook '/home/newman/vrx_ws/src/mission_windwatch/install/share/sensors/hook/cmake_prefix_path.sh'
[0.806s] Level 1:colcon.colcon_core.environment:checking '/home/newman/vrx_ws/src/mission_windwatch/install/lib'
[0.806s] Level 1:colcon.colcon_core.shell:create_environment_hook('sensors', 'ld_library_path_lib')
[0.806s] INFO:colcon.colcon_core.shell:Creating environment hook '/home/newman/vrx_ws/src/mission_windwatch/install/share/sensors/hook/ld_library_path_lib.ps1'
[0.806s] INFO:colcon.colcon_core.shell:Creating environment descriptor '/home/newman/vrx_ws/src/mission_windwatch/install/share/sensors/hook/ld_library_path_lib.dsv'
[0.807s] INFO:colcon.colcon_core.shell:Creating environment hook '/home/newman/vrx_ws/src/mission_windwatch/install/share/sensors/hook/ld_library_path_lib.sh'
[0.807s] Level 1:colcon.colcon_core.environment:checking '/home/newman/vrx_ws/src/mission_windwatch/install/bin'
[0.807s] Level 1:colcon.colcon_core.environment:checking '/home/newman/vrx_ws/src/mission_windwatch/install/lib/pkgconfig/sensors.pc'
[0.807s] Level 1:colcon.colcon_core.environment:checking '/home/newman/vrx_ws/src/mission_windwatch/install/lib/python3.10/site-packages'
[0.807s] Level 1:colcon.colcon_core.environment:checking '/home/newman/vrx_ws/src/mission_windwatch/install/bin'
[0.808s] INFO:colcon.colcon_core.shell:Creating package script '/home/newman/vrx_ws/src/mission_windwatch/install/share/sensors/package.ps1'
[0.808s] INFO:colcon.colcon_core.shell:Creating package descriptor '/home/newman/vrx_ws/src/mission_windwatch/install/share/sensors/package.dsv'
[0.808s] INFO:colcon.colcon_core.shell:Creating package script '/home/newman/vrx_ws/src/mission_windwatch/install/share/sensors/package.sh'
[0.815s] DEBUG:colcon.colcon_core.event_handler.log_command:Invoked command in '/home/newman/vrx_ws/src/mission_windwatch/build/sensors' returned '0': CMAKE_PREFIX_PATH=${CMAKE_PREFIX_PATH}:/opt/ros/humble /usr/bin/cmake --install /home/newman/vrx_ws/src/mission_windwatch/build/sensors
[0.816s] INFO:colcon.colcon_core.shell:Creating package script '/home/newman/vrx_ws/src/mission_windwatch/install/share/sensors/package.bash'
[0.819s] INFO:colcon.colcon_core.shell:Creating package script '/home/newman/vrx_ws/src/mission_windwatch/install/share/sensors/package.zsh'
[0.820s] Level 1:colcon.colcon_core.environment:create_file_with_runtime_dependencies(/home/newman/vrx_ws/src/mission_windwatch/install/share/colcon-core/packages/sensors)
[0.821s] Level 1:colcon.colcon_core.environment:create_environment_scripts_only(visualization)
[0.821s] Level 1:colcon.colcon_core.environment:checking '/home/newman/vrx_ws/src/mission_windwatch/install' for CMake module files
[0.822s] DEBUG:colcon.colcon_core.event_handler.log_command:Invoked command in '/home/newman/vrx_ws/src/mission_windwatch/build/visualization' returned '0': CMAKE_PREFIX_PATH=${CMAKE_PREFIX_PATH}:/opt/ros/humble /usr/bin/cmake --install /home/newman/vrx_ws/src/mission_windwatch/build/visualization
[0.822s] Level 1:colcon.colcon_core.environment:checking '/home/newman/vrx_ws/src/mission_windwatch/install' for CMake config files
[0.823s] Level 1:colcon.colcon_core.shell:create_environment_hook('visualization', 'cmake_prefix_path')
[0.823s] INFO:colcon.colcon_core.shell:Creating environment hook '/home/newman/vrx_ws/src/mission_windwatch/install/share/visualization/hook/cmake_prefix_path.ps1'
[0.824s] INFO:colcon.colcon_core.shell:Creating environment descriptor '/home/newman/vrx_ws/src/mission_windwatch/install/share/visualization/hook/cmake_prefix_path.dsv'
[0.824s] INFO:colcon.colcon_core.shell:Creating environment hook '/home/newman/vrx_ws/src/mission_windwatch/install/share/visualization/hook/cmake_prefix_path.sh'
[0.825s] Level 1:colcon.colcon_core.environment:checking '/home/newman/vrx_ws/src/mission_windwatch/install/lib'
[0.825s] Level 1:colcon.colcon_core.shell:create_environment_hook('visualization', 'ld_library_path_lib')
[0.826s] INFO:colcon.colcon_core.shell:Creating environment hook '/home/newman/vrx_ws/src/mission_windwatch/install/share/visualization/hook/ld_library_path_lib.ps1'
[0.826s] INFO:colcon.colcon_core.shell:Creating environment descriptor '/home/newman/vrx_ws/src/mission_windwatch/install/share/visualization/hook/ld_library_path_lib.dsv'
[0.826s] INFO:colcon.colcon_core.shell:Creating environment hook '/home/newman/vrx_ws/src/mission_windwatch/install/share/visualization/hook/ld_library_path_lib.sh'
[0.827s] Level 1:colcon.colcon_core.environment:checking '/home/newman/vrx_ws/src/mission_windwatch/install/bin'
[0.827s] Level 1:colcon.colcon_core.environment:checking '/home/newman/vrx_ws/src/mission_windwatch/install/lib/pkgconfig/visualization.pc'
[0.827s] Level 1:colcon.colcon_core.environment:checking '/home/newman/vrx_ws/src/mission_windwatch/install/lib/python3.10/site-packages'
[0.827s] Level 1:colcon.colcon_core.environment:checking '/home/newman/vrx_ws/src/mission_windwatch/install/bin'
[0.828s] INFO:colcon.colcon_core.shell:Creating package script '/home/newman/vrx_ws/src/mission_windwatch/install/share/visualization/package.ps1'
[0.828s] INFO:colcon.colcon_core.shell:Creating package descriptor '/home/newman/vrx_ws/src/mission_windwatch/install/share/visualization/package.dsv'
[0.829s] INFO:colcon.colcon_core.shell:Creating package script '/home/newman/vrx_ws/src/mission_windwatch/install/share/visualization/package.sh'
[0.830s] INFO:colcon.colcon_core.shell:Creating package script '/home/newman/vrx_ws/src/mission_windwatch/install/share/visualization/package.bash'
[0.830s] INFO:colcon.colcon_core.shell:Creating package script '/home/newman/vrx_ws/src/mission_windwatch/install/share/visualization/package.zsh'
[0.830s] Level 1:colcon.colcon_core.environment:create_file_with_runtime_dependencies(/home/newman/vrx_ws/src/mission_windwatch/install/share/colcon-core/packages/visualization)
[0.836s] DEBUG:colcon.colcon_core.event_handler.log_command:Invoking command in '/home/newman/vrx_ws/src/mission_windwatch/build/aquabot_python': CMAKE_PREFIX_PATH=${CMAKE_PREFIX_PATH}:/opt/ros/humble /usr/bin/cmake --install /home/newman/vrx_ws/src/mission_windwatch/build/aquabot_python
[0.840s] DEBUG:colcon.colcon_core.event_handler.log_command:Invoking command in '/home/newman/vrx_ws/src/mission_windwatch/build/opencv_example': CMAKE_PREFIX_PATH=${CMAKE_PREFIX_PATH}:/opt/ros/humble /usr/bin/cmake --install /home/newman/vrx_ws/src/mission_windwatch/build/opencv_example
[0.847s] DEBUG:colcon.colcon_core.event_handler.log_command:Invoking command in '/home/newman/vrx_ws/src/mission_windwatch/build/package_example': CMAKE_PREFIX_PATH=${CMAKE_PREFIX_PATH}:/opt/ros/humble /usr/bin/cmake --install /home/newman/vrx_ws/src/mission_windwatch/build/package_example
[0.849s] Level 1:colcon.colcon_core.environment:create_environment_scripts_only(vrx_gazebo)
[0.849s] Level 1:colcon.colcon_core.environment:checking '/home/newman/vrx_ws/src/mission_windwatch/install' for CMake module files
[0.849s] DEBUG:colcon.colcon_core.event_handler.log_command:Invoked command in '/home/newman/vrx_ws/src/mission_windwatch/build/vrx_gazebo' returned '0': CMAKE_PREFIX_PATH=${CMAKE_PREFIX_PATH}:/opt/ros/humble /usr/bin/cmake --install /home/newman/vrx_ws/src/mission_windwatch/build/vrx_gazebo
[0.851s] Level 1:colcon.colcon_core.environment:checking '/home/newman/vrx_ws/src/mission_windwatch/install' for CMake config files
[0.851s] Level 1:colcon.colcon_core.shell:create_environment_hook('vrx_gazebo', 'cmake_prefix_path')
[0.851s] INFO:colcon.colcon_core.shell:Creating environment hook '/home/newman/vrx_ws/src/mission_windwatch/install/share/vrx_gazebo/hook/cmake_prefix_path.ps1'
[0.852s] INFO:colcon.colcon_core.shell:Creating environment descriptor '/home/newman/vrx_ws/src/mission_windwatch/install/share/vrx_gazebo/hook/cmake_prefix_path.dsv'
[0.854s] INFO:colcon.colcon_core.shell:Creating environment hook '/home/newman/vrx_ws/src/mission_windwatch/install/share/vrx_gazebo/hook/cmake_prefix_path.sh'
[0.867s] Level 1:colcon.colcon_core.environment:checking '/home/newman/vrx_ws/src/mission_windwatch/install/lib'
[0.867s] Level 1:colcon.colcon_core.shell:create_environment_hook('vrx_gazebo', 'ld_library_path_lib')
[0.867s] INFO:colcon.colcon_core.shell:Creating environment hook '/home/newman/vrx_ws/src/mission_windwatch/install/share/vrx_gazebo/hook/ld_library_path_lib.ps1'
[0.867s] INFO:colcon.colcon_core.shell:Creating environment descriptor '/home/newman/vrx_ws/src/mission_windwatch/install/share/vrx_gazebo/hook/ld_library_path_lib.dsv'
[0.868s] INFO:colcon.colcon_core.shell:Creating environment hook '/home/newman/vrx_ws/src/mission_windwatch/install/share/vrx_gazebo/hook/ld_library_path_lib.sh'
[0.868s] Level 1:colcon.colcon_core.environment:checking '/home/newman/vrx_ws/src/mission_windwatch/install/bin'
[0.868s] Level 1:colcon.colcon_core.environment:checking '/home/newman/vrx_ws/src/mission_windwatch/install/lib/pkgconfig/vrx_gazebo.pc'
[0.868s] Level 1:colcon.colcon_core.environment:checking '/home/newman/vrx_ws/src/mission_windwatch/install/lib/python3.10/site-packages'
[0.868s] Level 1:colcon.colcon_core.environment:checking '/home/newman/vrx_ws/src/mission_windwatch/install/bin'
[0.869s] INFO:colcon.colcon_core.shell:Creating package script '/home/newman/vrx_ws/src/mission_windwatch/install/share/vrx_gazebo/package.ps1'
[0.870s] INFO:colcon.colcon_core.shell:Creating package descriptor '/home/newman/vrx_ws/src/mission_windwatch/install/share/vrx_gazebo/package.dsv'
[0.870s] INFO:colcon.colcon_core.shell:Creating package script '/home/newman/vrx_ws/src/mission_windwatch/install/share/vrx_gazebo/package.sh'
[0.870s] INFO:colcon.colcon_core.shell:Creating package script '/home/newman/vrx_ws/src/mission_windwatch/install/share/vrx_gazebo/package.bash'
[0.871s] INFO:colcon.colcon_core.shell:Creating package script '/home/newman/vrx_ws/src/mission_windwatch/install/share/vrx_gazebo/package.zsh'
[0.872s] Level 1:colcon.colcon_core.environment:create_file_with_runtime_dependencies(/home/newman/vrx_ws/src/mission_windwatch/install/share/colcon-core/packages/vrx_gazebo)
[0.877s] Level 1:colcon.colcon_core.environment:create_environment_scripts_only(visualization)
[0.878s] Level 1:colcon.colcon_core.environment:checking '/home/newman/vrx_ws/src/mission_windwatch/install' for CMake module files
[0.878s] Level 1:colcon.colcon_core.environment:checking '/home/newman/vrx_ws/src/mission_windwatch/install' for CMake config files
[0.878s] Level 1:colcon.colcon_core.shell:create_environment_hook('visualization', 'cmake_prefix_path')
[0.878s] INFO:colcon.colcon_core.shell:Creating environment hook '/home/newman/vrx_ws/src/mission_windwatch/install/share/visualization/hook/cmake_prefix_path.ps1'
[0.879s] INFO:colcon.colcon_core.shell:Creating environment descriptor '/home/newman/vrx_ws/src/mission_windwatch/install/share/visualization/hook/cmake_prefix_path.dsv'
[0.879s] INFO:colcon.colcon_core.shell:Creating environment hook '/home/newman/vrx_ws/src/mission_windwatch/install/share/visualization/hook/cmake_prefix_path.sh'
[0.879s] Level 1:colcon.colcon_core.environment:checking '/home/newman/vrx_ws/src/mission_windwatch/install/lib'
[0.880s] Level 1:colcon.colcon_core.shell:create_environment_hook('visualization', 'ld_library_path_lib')
[0.880s] INFO:colcon.colcon_core.shell:Creating environment hook '/home/newman/vrx_ws/src/mission_windwatch/install/share/visualization/hook/ld_library_path_lib.ps1'
[0.880s] INFO:colcon.colcon_core.shell:Creating environment descriptor '/home/newman/vrx_ws/src/mission_windwatch/install/share/visualization/hook/ld_library_path_lib.dsv'
[0.882s] INFO:colcon.colcon_core.shell:Creating environment hook '/home/newman/vrx_ws/src/mission_windwatch/install/share/visualization/hook/ld_library_path_lib.sh'
[0.883s] Level 1:colcon.colcon_core.environment:checking '/home/newman/vrx_ws/src/mission_windwatch/install/bin'
[0.884s] Level 1:colcon.colcon_core.environment:checking '/home/newman/vrx_ws/src/mission_windwatch/install/lib/pkgconfig/visualization.pc'
[0.884s] Level 1:colcon.colcon_core.environment:checking '/home/newman/vrx_ws/src/mission_windwatch/install/lib/python3.10/site-packages'
[0.884s] Level 1:colcon.colcon_core.environment:checking '/home/newman/vrx_ws/src/mission_windwatch/install/bin'
[0.884s] INFO:colcon.colcon_core.shell:Creating package script '/home/newman/vrx_ws/src/mission_windwatch/install/share/visualization/package.ps1'
[0.885s] INFO:colcon.colcon_core.shell:Creating package descriptor '/home/newman/vrx_ws/src/mission_windwatch/install/share/visualization/package.dsv'
[0.887s] INFO:colcon.colcon_core.shell:Creating package script '/home/newman/vrx_ws/src/mission_windwatch/install/share/visualization/package.sh'
[0.888s] INFO:colcon.colcon_core.shell:Creating package script '/home/newman/vrx_ws/src/mission_windwatch/install/share/visualization/package.bash'
[0.890s] INFO:colcon.colcon_core.shell:Creating package script '/home/newman/vrx_ws/src/mission_windwatch/install/share/visualization/package.zsh'
[0.894s] Level 1:colcon.colcon_core.environment:create_file_with_runtime_dependencies(/home/newman/vrx_ws/src/mission_windwatch/install/share/colcon-core/packages/visualization)
[0.895s] Level 1:colcon.colcon_core.environment:create_environment_scripts_only(sensors)
[0.895s] Level 1:colcon.colcon_core.environment:checking '/home/newman/vrx_ws/src/mission_windwatch/install' for CMake module files
[0.895s] Level 1:colcon.colcon_core.environment:checking '/home/newman/vrx_ws/src/mission_windwatch/install' for CMake config files
[0.895s] Level 1:colcon.colcon_core.shell:create_environment_hook('sensors', 'cmake_prefix_path')
[0.895s] INFO:colcon.colcon_core.shell:Creating environment hook '/home/newman/vrx_ws/src/mission_windwatch/install/share/sensors/hook/cmake_prefix_path.ps1'
[0.896s] INFO:colcon.colcon_core.shell:Creating environment descriptor '/home/newman/vrx_ws/src/mission_windwatch/install/share/sensors/hook/cmake_prefix_path.dsv'
[0.896s] INFO:colcon.colcon_core.shell:Creating environment hook '/home/newman/vrx_ws/src/mission_windwatch/install/share/sensors/hook/cmake_prefix_path.sh'
[0.897s] Level 1:colcon.colcon_core.environment:checking '/home/newman/vrx_ws/src/mission_windwatch/install/lib'
[0.897s] Level 1:colcon.colcon_core.shell:create_environment_hook('sensors', 'ld_library_path_lib')
[0.897s] INFO:colcon.colcon_core.shell:Creating environment hook '/home/newman/vrx_ws/src/mission_windwatch/install/share/sensors/hook/ld_library_path_lib.ps1'
[0.898s] INFO:colcon.colcon_core.shell:Creating environment descriptor '/home/newman/vrx_ws/src/mission_windwatch/install/share/sensors/hook/ld_library_path_lib.dsv'
[0.899s] INFO:colcon.colcon_core.shell:Creating environment hook '/home/newman/vrx_ws/src/mission_windwatch/install/share/sensors/hook/ld_library_path_lib.sh'
[0.899s] Level 1:colcon.colcon_core.environment:checking '/home/newman/vrx_ws/src/mission_windwatch/install/bin'
[0.899s] Level 1:colcon.colcon_core.environment:checking '/home/newman/vrx_ws/src/mission_windwatch/install/lib/pkgconfig/sensors.pc'
[0.900s] Level 1:colcon.colcon_core.environment:checking '/home/newman/vrx_ws/src/mission_windwatch/install/lib/python3.10/site-packages'
[0.900s] Level 1:colcon.colcon_core.environment:checking '/home/newman/vrx_ws/src/mission_windwatch/install/bin'
[0.900s] INFO:colcon.colcon_core.shell:Creating package script '/home/newman/vrx_ws/src/mission_windwatch/install/share/sensors/package.ps1'
[0.901s] INFO:colcon.colcon_core.shell:Creating package descriptor '/home/newman/vrx_ws/src/mission_windwatch/install/share/sensors/package.dsv'
[0.901s] INFO:colcon.colcon_core.shell:Creating package script '/home/newman/vrx_ws/src/mission_windwatch/install/share/sensors/package.sh'
[0.902s] INFO:colcon.colcon_core.shell:Creating package script '/home/newman/vrx_ws/src/mission_windwatch/install/share/sensors/package.bash'
[0.902s] INFO:colcon.colcon_core.shell:Creating package script '/home/newman/vrx_ws/src/mission_windwatch/install/share/sensors/package.zsh'
[0.903s] Level 1:colcon.colcon_core.environment:create_file_with_runtime_dependencies(/home/newman/vrx_ws/src/mission_windwatch/install/share/colcon-core/packages/sensors)
[0.905s] Level 1:colcon.colcon_core.environment:create_environment_scripts_only(aquabot_python)
[0.905s] DEBUG:colcon.colcon_core.event_handler.log_command:Invoked command in '/home/newman/vrx_ws/src/mission_windwatch/build/aquabot_python' returned '0': CMAKE_PREFIX_PATH=${CMAKE_PREFIX_PATH}:/opt/ros/humble /usr/bin/cmake --install /home/newman/vrx_ws/src/mission_windwatch/build/aquabot_python
[0.907s] Level 1:colcon.colcon_core.environment:checking '/home/newman/vrx_ws/src/mission_windwatch/install' for CMake module files
[0.907s] Level 1:colcon.colcon_core.environment:checking '/home/newman/vrx_ws/src/mission_windwatch/install' for CMake config files
[0.907s] Level 1:colcon.colcon_core.shell:create_environment_hook('aquabot_python', 'cmake_prefix_path')
[0.908s] INFO:colcon.colcon_core.shell:Creating environment hook '/home/newman/vrx_ws/src/mission_windwatch/install/share/aquabot_python/hook/cmake_prefix_path.ps1'
[0.908s] INFO:colcon.colcon_core.shell:Creating environment descriptor '/home/newman/vrx_ws/src/mission_windwatch/install/share/aquabot_python/hook/cmake_prefix_path.dsv'
[0.908s] INFO:colcon.colcon_core.shell:Creating environment hook '/home/newman/vrx_ws/src/mission_windwatch/install/share/aquabot_python/hook/cmake_prefix_path.sh'
[0.909s] Level 1:colcon.colcon_core.environment:checking '/home/newman/vrx_ws/src/mission_windwatch/install/lib'
[0.909s] Level 1:colcon.colcon_core.shell:create_environment_hook('aquabot_python', 'ld_library_path_lib')
[0.909s] INFO:colcon.colcon_core.shell:Creating environment hook '/home/newman/vrx_ws/src/mission_windwatch/install/share/aquabot_python/hook/ld_library_path_lib.ps1'
[0.910s] INFO:colcon.colcon_core.shell:Creating environment descriptor '/home/newman/vrx_ws/src/mission_windwatch/install/share/aquabot_python/hook/ld_library_path_lib.dsv'
[0.910s] INFO:colcon.colcon_core.shell:Creating environment hook '/home/newman/vrx_ws/src/mission_windwatch/install/share/aquabot_python/hook/ld_library_path_lib.sh'
[0.911s] Level 1:colcon.colcon_core.environment:checking '/home/newman/vrx_ws/src/mission_windwatch/install/bin'
[0.911s] Level 1:colcon.colcon_core.environment:checking '/home/newman/vrx_ws/src/mission_windwatch/install/lib/pkgconfig/aquabot_python.pc'
[0.911s] Level 1:colcon.colcon_core.environment:checking '/home/newman/vrx_ws/src/mission_windwatch/install/lib/python3.10/site-packages'
[0.911s] Level 1:colcon.colcon_core.environment:checking '/home/newman/vrx_ws/src/mission_windwatch/install/bin'
[0.911s] INFO:colcon.colcon_core.shell:Creating package script '/home/newman/vrx_ws/src/mission_windwatch/install/share/aquabot_python/package.ps1'
[0.912s] INFO:colcon.colcon_core.shell:Creating package descriptor '/home/newman/vrx_ws/src/mission_windwatch/install/share/aquabot_python/package.dsv'
[0.912s] INFO:colcon.colcon_core.shell:Creating package script '/home/newman/vrx_ws/src/mission_windwatch/install/share/aquabot_python/package.sh'
[0.912s] INFO:colcon.colcon_core.shell:Creating package script '/home/newman/vrx_ws/src/mission_windwatch/install/share/aquabot_python/package.bash'
[0.913s] INFO:colcon.colcon_core.shell:Creating package script '/home/newman/vrx_ws/src/mission_windwatch/install/share/aquabot_python/package.zsh'
[0.913s] Level 1:colcon.colcon_core.environment:create_file_with_runtime_dependencies(/home/newman/vrx_ws/src/mission_windwatch/install/share/colcon-core/packages/aquabot_python)
[0.914s] Level 1:colcon.colcon_core.environment:create_environment_scripts_only(package_example)
[0.914s] Level 1:colcon.colcon_core.environment:checking '/home/newman/vrx_ws/src/mission_windwatch/install' for CMake module files
[0.914s] DEBUG:colcon.colcon_core.event_handler.log_command:Invoked command in '/home/newman/vrx_ws/src/mission_windwatch/build/package_example' returned '0': CMAKE_PREFIX_PATH=${CMAKE_PREFIX_PATH}:/opt/ros/humble /usr/bin/cmake --install /home/newman/vrx_ws/src/mission_windwatch/build/package_example
[0.915s] Level 1:colcon.colcon_core.environment:checking '/home/newman/vrx_ws/src/mission_windwatch/install' for CMake config files
[0.915s] Level 1:colcon.colcon_core.shell:create_environment_hook('package_example', 'cmake_prefix_path')
[0.915s] INFO:colcon.colcon_core.shell:Creating environment hook '/home/newman/vrx_ws/src/mission_windwatch/install/share/package_example/hook/cmake_prefix_path.ps1'
[0.915s] INFO:colcon.colcon_core.shell:Creating environment descriptor '/home/newman/vrx_ws/src/mission_windwatch/install/share/package_example/hook/cmake_prefix_path.dsv'
[0.915s] INFO:colcon.colcon_core.shell:Creating environment hook '/home/newman/vrx_ws/src/mission_windwatch/install/share/package_example/hook/cmake_prefix_path.sh'
[0.916s] Level 1:colcon.colcon_core.environment:checking '/home/newman/vrx_ws/src/mission_windwatch/install/lib'
[0.916s] Level 1:colcon.colcon_core.shell:create_environment_hook('package_example', 'ld_library_path_lib')
[0.916s] INFO:colcon.colcon_core.shell:Creating environment hook '/home/newman/vrx_ws/src/mission_windwatch/install/share/package_example/hook/ld_library_path_lib.ps1'
[0.916s] INFO:colcon.colcon_core.shell:Creating environment descriptor '/home/newman/vrx_ws/src/mission_windwatch/install/share/package_example/hook/ld_library_path_lib.dsv'
[0.917s] INFO:colcon.colcon_core.shell:Creating environment hook '/home/newman/vrx_ws/src/mission_windwatch/install/share/package_example/hook/ld_library_path_lib.sh'
[0.917s] Level 1:colcon.colcon_core.environment:checking '/home/newman/vrx_ws/src/mission_windwatch/install/bin'
[0.917s] Level 1:colcon.colcon_core.environment:checking '/home/newman/vrx_ws/src/mission_windwatch/install/lib/pkgconfig/package_example.pc'
[0.917s] Level 1:colcon.colcon_core.environment:checking '/home/newman/vrx_ws/src/mission_windwatch/install/lib/python3.10/site-packages'
[0.918s] Level 1:colcon.colcon_core.environment:checking '/home/newman/vrx_ws/src/mission_windwatch/install/bin'
[0.918s] INFO:colcon.colcon_core.shell:Creating package script '/home/newman/vrx_ws/src/mission_windwatch/install/share/package_example/package.ps1'
[0.918s] INFO:colcon.colcon_core.shell:Creating package descriptor '/home/newman/vrx_ws/src/mission_windwatch/install/share/package_example/package.dsv'
[0.918s] INFO:colcon.colcon_core.shell:Creating package script '/home/newman/vrx_ws/src/mission_windwatch/install/share/package_example/package.sh'
[0.919s] INFO:colcon.colcon_core.shell:Creating package script '/home/newman/vrx_ws/src/mission_windwatch/install/share/package_example/package.bash'
[0.919s] INFO:colcon.colcon_core.shell:Creating package script '/home/newman/vrx_ws/src/mission_windwatch/install/share/package_example/package.zsh'
[0.920s] Level 1:colcon.colcon_core.environment:create_file_with_runtime_dependencies(/home/newman/vrx_ws/src/mission_windwatch/install/share/colcon-core/packages/package_example)
[0.921s] Level 1:colcon.colcon_core.environment:create_environment_scripts_only(vrx_gazebo)
[0.921s] Level 1:colcon.colcon_core.environment:checking '/home/newman/vrx_ws/src/mission_windwatch/install' for CMake module files
[0.922s] Level 1:colcon.colcon_core.environment:checking '/home/newman/vrx_ws/src/mission_windwatch/install' for CMake config files
[0.922s] Level 1:colcon.colcon_core.shell:create_environment_hook('vrx_gazebo', 'cmake_prefix_path')
[0.922s] INFO:colcon.colcon_core.shell:Creating environment hook '/home/newman/vrx_ws/src/mission_windwatch/install/share/vrx_gazebo/hook/cmake_prefix_path.ps1'
[0.922s] INFO:colcon.colcon_core.shell:Creating environment descriptor '/home/newman/vrx_ws/src/mission_windwatch/install/share/vrx_gazebo/hook/cmake_prefix_path.dsv'
[0.923s] INFO:colcon.colcon_core.shell:Creating environment hook '/home/newman/vrx_ws/src/mission_windwatch/install/share/vrx_gazebo/hook/cmake_prefix_path.sh'
[0.923s] Level 1:colcon.colcon_core.environment:checking '/home/newman/vrx_ws/src/mission_windwatch/install/lib'
[0.923s] Level 1:colcon.colcon_core.shell:create_environment_hook('vrx_gazebo', 'ld_library_path_lib')
[0.923s] INFO:colcon.colcon_core.shell:Creating environment hook '/home/newman/vrx_ws/src/mission_windwatch/install/share/vrx_gazebo/hook/ld_library_path_lib.ps1'
[0.924s] INFO:colcon.colcon_core.shell:Creating environment descriptor '/home/newman/vrx_ws/src/mission_windwatch/install/share/vrx_gazebo/hook/ld_library_path_lib.dsv'
[0.924s] INFO:colcon.colcon_core.shell:Creating environment hook '/home/newman/vrx_ws/src/mission_windwatch/install/share/vrx_gazebo/hook/ld_library_path_lib.sh'
[0.924s] Level 1:colcon.colcon_core.environment:checking '/home/newman/vrx_ws/src/mission_windwatch/install/bin'
[0.924s] Level 1:colcon.colcon_core.environment:checking '/home/newman/vrx_ws/src/mission_windwatch/install/lib/pkgconfig/vrx_gazebo.pc'
[0.925s] Level 1:colcon.colcon_core.environment:checking '/home/newman/vrx_ws/src/mission_windwatch/install/lib/python3.10/site-packages'
[0.925s] Level 1:colcon.colcon_core.environment:checking '/home/newman/vrx_ws/src/mission_windwatch/install/bin'
[0.925s] INFO:colcon.colcon_core.shell:Creating package script '/home/newman/vrx_ws/src/mission_windwatch/install/share/vrx_gazebo/package.ps1'
[0.925s] INFO:colcon.colcon_core.shell:Creating package descriptor '/home/newman/vrx_ws/src/mission_windwatch/install/share/vrx_gazebo/package.dsv'
[0.926s] INFO:colcon.colcon_core.shell:Creating package script '/home/newman/vrx_ws/src/mission_windwatch/install/share/vrx_gazebo/package.sh'
[0.926s] INFO:colcon.colcon_core.shell:Creating package script '/home/newman/vrx_ws/src/mission_windwatch/install/share/vrx_gazebo/package.bash'
[0.927s] INFO:colcon.colcon_core.shell:Creating package script '/home/newman/vrx_ws/src/mission_windwatch/install/share/vrx_gazebo/package.zsh'
[0.927s] Level 1:colcon.colcon_core.environment:create_file_with_runtime_dependencies(/home/newman/vrx_ws/src/mission_windwatch/install/share/colcon-core/packages/vrx_gazebo)
[0.927s] Level 1:colcon.colcon_core.environment:create_environment_scripts_only(opencv_example)
[0.928s] Level 1:colcon.colcon_core.environment:checking '/home/newman/vrx_ws/src/mission_windwatch/install' for CMake module files
[0.928s] Level 1:colcon.colcon_core.environment:checking '/home/newman/vrx_ws/src/mission_windwatch/install' for CMake config files
[0.929s] Level 1:colcon.colcon_core.shell:create_environment_hook('opencv_example', 'cmake_prefix_path')
[0.929s] INFO:colcon.colcon_core.shell:Creating environment hook '/home/newman/vrx_ws/src/mission_windwatch/install/share/opencv_example/hook/cmake_prefix_path.ps1'
[0.929s] DEBUG:colcon.colcon_core.event_handler.log_command:Invoked command in '/home/newman/vrx_ws/src/mission_windwatch/build/opencv_example' returned '0': CMAKE_PREFIX_PATH=${CMAKE_PREFIX_PATH}:/opt/ros/humble /usr/bin/cmake --install /home/newman/vrx_ws/src/mission_windwatch/build/opencv_example
[0.930s] INFO:colcon.colcon_core.shell:Creating environment descriptor '/home/newman/vrx_ws/src/mission_windwatch/install/share/opencv_example/hook/cmake_prefix_path.dsv'
[0.931s] INFO:colcon.colcon_core.shell:Creating environment hook '/home/newman/vrx_ws/src/mission_windwatch/install/share/opencv_example/hook/cmake_prefix_path.sh'
[0.931s] Level 1:colcon.colcon_core.environment:checking '/home/newman/vrx_ws/src/mission_windwatch/install/lib'
[0.932s] Level 1:colcon.colcon_core.shell:create_environment_hook('opencv_example', 'ld_library_path_lib')
[0.933s] INFO:colcon.colcon_core.shell:Creating environment hook '/home/newman/vrx_ws/src/mission_windwatch/install/share/opencv_example/hook/ld_library_path_lib.ps1'
[0.933s] INFO:colcon.colcon_core.shell:Creating environment descriptor '/home/newman/vrx_ws/src/mission_windwatch/install/share/opencv_example/hook/ld_library_path_lib.dsv'
[0.933s] INFO:colcon.colcon_core.shell:Creating environment hook '/home/newman/vrx_ws/src/mission_windwatch/install/share/opencv_example/hook/ld_library_path_lib.sh'
[0.934s] Level 1:colcon.colcon_core.environment:checking '/home/newman/vrx_ws/src/mission_windwatch/install/bin'
[0.934s] Level 1:colcon.colcon_core.environment:checking '/home/newman/vrx_ws/src/mission_windwatch/install/lib/pkgconfig/opencv_example.pc'
[0.934s] Level 1:colcon.colcon_core.environment:checking '/home/newman/vrx_ws/src/mission_windwatch/install/lib/python3.10/site-packages'
[0.934s] Level 1:colcon.colcon_core.environment:checking '/home/newman/vrx_ws/src/mission_windwatch/install/bin'
[0.935s] INFO:colcon.colcon_core.shell:Creating package script '/home/newman/vrx_ws/src/mission_windwatch/install/share/opencv_example/package.ps1'
[0.936s] INFO:colcon.colcon_core.shell:Creating package descriptor '/home/newman/vrx_ws/src/mission_windwatch/install/share/opencv_example/package.dsv'
[0.936s] INFO:colcon.colcon_core.shell:Creating package script '/home/newman/vrx_ws/src/mission_windwatch/install/share/opencv_example/package.sh'
[0.937s] INFO:colcon.colcon_core.shell:Creating package script '/home/newman/vrx_ws/src/mission_windwatch/install/share/opencv_example/package.bash'
[0.937s] INFO:colcon.colcon_core.shell:Creating package script '/home/newman/vrx_ws/src/mission_windwatch/install/share/opencv_example/package.zsh'
[0.937s] Level 1:colcon.colcon_core.environment:create_file_with_runtime_dependencies(/home/newman/vrx_ws/src/mission_windwatch/install/share/colcon-core/packages/opencv_example)
[0.938s] INFO:colcon.colcon_ros.task.ament_cmake.build:Building ROS package in '/home/newman/vrx_ws/src/mission_windwatch/src/vrx/vrx_urdf/wamv_description' with build type 'ament_cmake'
[0.938s] INFO:colcon.colcon_cmake.task.cmake.build:Building CMake package in '/home/newman/vrx_ws/src/mission_windwatch/src/vrx/vrx_urdf/wamv_description'
[0.938s] INFO:colcon.colcon_core.shell:Skip shell extension 'powershell' for command environment: Not usable outside of PowerShell
[0.938s] DEBUG:colcon.colcon_core.shell:Skip shell extension 'dsv' for command environment
[0.942s] INFO:colcon.colcon_ros.task.ament_cmake.build:Building ROS package in '/home/newman/vrx_ws/src/mission_windwatch/src/aquabot/aquabot_urdf/aquabot_description' with build type 'ament_cmake'
[0.942s] INFO:colcon.colcon_cmake.task.cmake.build:Building CMake package in '/home/newman/vrx_ws/src/mission_windwatch/src/aquabot/aquabot_urdf/aquabot_description'
[0.942s] INFO:colcon.colcon_core.shell:Skip shell extension 'powershell' for command environment: Not usable outside of PowerShell
[0.942s] DEBUG:colcon.colcon_core.shell:Skip shell extension 'dsv' for command environment
[0.946s] Level 1:colcon.colcon_core.environment:create_environment_scripts_only(aquabot_python)
[0.947s] Level 1:colcon.colcon_core.environment:checking '/home/newman/vrx_ws/src/mission_windwatch/install' for CMake module files
[0.947s] Level 1:colcon.colcon_core.environment:checking '/home/newman/vrx_ws/src/mission_windwatch/install' for CMake config files
[0.947s] Level 1:colcon.colcon_core.shell:create_environment_hook('aquabot_python', 'cmake_prefix_path')
[0.947s] INFO:colcon.colcon_core.shell:Creating environment hook '/home/newman/vrx_ws/src/mission_windwatch/install/share/aquabot_python/hook/cmake_prefix_path.ps1'
[0.948s] INFO:colcon.colcon_core.shell:Creating environment descriptor '/home/newman/vrx_ws/src/mission_windwatch/install/share/aquabot_python/hook/cmake_prefix_path.dsv'
[0.948s] INFO:colcon.colcon_core.shell:Creating environment hook '/home/newman/vrx_ws/src/mission_windwatch/install/share/aquabot_python/hook/cmake_prefix_path.sh'
[0.949s] Level 1:colcon.colcon_core.environment:checking '/home/newman/vrx_ws/src/mission_windwatch/install/lib'
[0.949s] Level 1:colcon.colcon_core.shell:create_environment_hook('aquabot_python', 'ld_library_path_lib')
[0.949s] INFO:colcon.colcon_core.shell:Creating environment hook '/home/newman/vrx_ws/src/mission_windwatch/install/share/aquabot_python/hook/ld_library_path_lib.ps1'
[0.949s] INFO:colcon.colcon_core.shell:Creating environment descriptor '/home/newman/vrx_ws/src/mission_windwatch/install/share/aquabot_python/hook/ld_library_path_lib.dsv'
[0.950s] INFO:colcon.colcon_core.shell:Creating environment hook '/home/newman/vrx_ws/src/mission_windwatch/install/share/aquabot_python/hook/ld_library_path_lib.sh'
[0.950s] Level 1:colcon.colcon_core.environment:checking '/home/newman/vrx_ws/src/mission_windwatch/install/bin'
[0.950s] Level 1:colcon.colcon_core.environment:checking '/home/newman/vrx_ws/src/mission_windwatch/install/lib/pkgconfig/aquabot_python.pc'
[0.950s] Level 1:colcon.colcon_core.environment:checking '/home/newman/vrx_ws/src/mission_windwatch/install/lib/python3.10/site-packages'
[0.950s] Level 1:colcon.colcon_core.environment:checking '/home/newman/vrx_ws/src/mission_windwatch/install/bin'
[0.951s] INFO:colcon.colcon_core.shell:Creating package script '/home/newman/vrx_ws/src/mission_windwatch/install/share/aquabot_python/package.ps1'
[0.951s] INFO:colcon.colcon_core.shell:Creating package descriptor '/home/newman/vrx_ws/src/mission_windwatch/install/share/aquabot_python/package.dsv'
[0.951s] INFO:colcon.colcon_core.shell:Creating package script '/home/newman/vrx_ws/src/mission_windwatch/install/share/aquabot_python/package.sh'
[0.952s] INFO:colcon.colcon_core.shell:Creating package script '/home/newman/vrx_ws/src/mission_windwatch/install/share/aquabot_python/package.bash'
[0.952s] INFO:colcon.colcon_core.shell:Creating package script '/home/newman/vrx_ws/src/mission_windwatch/install/share/aquabot_python/package.zsh'
[0.953s] Level 1:colcon.colcon_core.environment:create_file_with_runtime_dependencies(/home/newman/vrx_ws/src/mission_windwatch/install/share/colcon-core/packages/aquabot_python)
[0.953s] Level 1:colcon.colcon_core.environment:create_environment_scripts_only(package_example)
[0.953s] Level 1:colcon.colcon_core.environment:checking '/home/newman/vrx_ws/src/mission_windwatch/install' for CMake module files
[0.953s] Level 1:colcon.colcon_core.environment:checking '/home/newman/vrx_ws/src/mission_windwatch/install' for CMake config files
[0.954s] Level 1:colcon.colcon_core.shell:create_environment_hook('package_example', 'cmake_prefix_path')
[0.954s] INFO:colcon.colcon_core.shell:Creating environment hook '/home/newman/vrx_ws/src/mission_windwatch/install/share/package_example/hook/cmake_prefix_path.ps1'
[0.954s] INFO:colcon.colcon_core.shell:Creating environment descriptor '/home/newman/vrx_ws/src/mission_windwatch/install/share/package_example/hook/cmake_prefix_path.dsv'
[0.955s] INFO:colcon.colcon_core.shell:Creating environment hook '/home/newman/vrx_ws/src/mission_windwatch/install/share/package_example/hook/cmake_prefix_path.sh'
[0.955s] Level 1:colcon.colcon_core.environment:checking '/home/newman/vrx_ws/src/mission_windwatch/install/lib'
[0.955s] Level 1:colcon.colcon_core.shell:create_environment_hook('package_example', 'ld_library_path_lib')
[0.955s] INFO:colcon.colcon_core.shell:Creating environment hook '/home/newman/vrx_ws/src/mission_windwatch/install/share/package_example/hook/ld_library_path_lib.ps1'
[0.956s] INFO:colcon.colcon_core.shell:Creating environment descriptor '/home/newman/vrx_ws/src/mission_windwatch/install/share/package_example/hook/ld_library_path_lib.dsv'
[0.956s] INFO:colcon.colcon_core.shell:Creating environment hook '/home/newman/vrx_ws/src/mission_windwatch/install/share/package_example/hook/ld_library_path_lib.sh'
[0.957s] Level 1:colcon.colcon_core.environment:checking '/home/newman/vrx_ws/src/mission_windwatch/install/bin'
[0.957s] Level 1:colcon.colcon_core.environment:checking '/home/newman/vrx_ws/src/mission_windwatch/install/lib/pkgconfig/package_example.pc'
[0.957s] Level 1:colcon.colcon_core.environment:checking '/home/newman/vrx_ws/src/mission_windwatch/install/lib/python3.10/site-packages'
[0.957s] Level 1:colcon.colcon_core.environment:checking '/home/newman/vrx_ws/src/mission_windwatch/install/bin'
[0.958s] INFO:colcon.colcon_core.shell:Creating package script '/home/newman/vrx_ws/src/mission_windwatch/install/share/package_example/package.ps1'
[0.958s] INFO:colcon.colcon_core.shell:Creating package descriptor '/home/newman/vrx_ws/src/mission_windwatch/install/share/package_example/package.dsv'
[0.958s] INFO:colcon.colcon_core.shell:Creating package script '/home/newman/vrx_ws/src/mission_windwatch/install/share/package_example/package.sh'
[0.959s] INFO:colcon.colcon_core.shell:Creating package script '/home/newman/vrx_ws/src/mission_windwatch/install/share/package_example/package.bash'
[0.959s] INFO:colcon.colcon_core.shell:Creating package script '/home/newman/vrx_ws/src/mission_windwatch/install/share/package_example/package.zsh'
[0.960s] Level 1:colcon.colcon_core.environment:create_file_with_runtime_dependencies(/home/newman/vrx_ws/src/mission_windwatch/install/share/colcon-core/packages/package_example)
[0.968s] DEBUG:colcon.colcon_core.event_handler.log_command:Invoking command in '/home/newman/vrx_ws/src/mission_windwatch/build/wamv_description': CMAKE_PREFIX_PATH=${CMAKE_PREFIX_PATH}:/opt/ros/humble GZ_SIM_RESOURCE_PATH=/home/newman/vrx_ws/src/mission_windwatch/install/share:${GZ_SIM_RESOURCE_PATH} /usr/bin/cmake --build /home/newman/vrx_ws/src/mission_windwatch/build/wamv_description -- -j9 -l9
[0.973s] Level 1:colcon.colcon_core.environment:create_environment_scripts_only(opencv_example)
[0.973s] Level 1:colcon.colcon_core.environment:checking '/home/newman/vrx_ws/src/mission_windwatch/install' for CMake module files
[0.975s] Level 1:colcon.colcon_core.environment:checking '/home/newman/vrx_ws/src/mission_windwatch/install' for CMake config files
[0.975s] DEBUG:colcon.colcon_core.event_handler.log_command:Invoking command in '/home/newman/vrx_ws/src/mission_windwatch/build/aquabot_description': CMAKE_PREFIX_PATH=${CMAKE_PREFIX_PATH}:/opt/ros/humble GZ_SIM_RESOURCE_PATH=/home/newman/vrx_ws/src/mission_windwatch/install/share:${GZ_SIM_RESOURCE_PATH} /usr/bin/cmake --build /home/newman/vrx_ws/src/mission_windwatch/build/aquabot_description -- -j9 -l9
[0.975s] Level 1:colcon.colcon_core.shell:create_environment_hook('opencv_example', 'cmake_prefix_path')
[0.976s] INFO:colcon.colcon_core.shell:Creating environment hook '/home/newman/vrx_ws/src/mission_windwatch/install/share/opencv_example/hook/cmake_prefix_path.ps1'
[0.976s] INFO:colcon.colcon_core.shell:Creating environment descriptor '/home/newman/vrx_ws/src/mission_windwatch/install/share/opencv_example/hook/cmake_prefix_path.dsv'
[0.976s] INFO:colcon.colcon_core.shell:Creating environment hook '/home/newman/vrx_ws/src/mission_windwatch/install/share/opencv_example/hook/cmake_prefix_path.sh'
[0.977s] Level 1:colcon.colcon_core.environment:checking '/home/newman/vrx_ws/src/mission_windwatch/install/lib'
[0.977s] Level 1:colcon.colcon_core.shell:create_environment_hook('opencv_example', 'ld_library_path_lib')
[0.977s] INFO:colcon.colcon_core.shell:Creating environment hook '/home/newman/vrx_ws/src/mission_windwatch/install/share/opencv_example/hook/ld_library_path_lib.ps1'
[0.977s] INFO:colcon.colcon_core.shell:Creating environment descriptor '/home/newman/vrx_ws/src/mission_windwatch/install/share/opencv_example/hook/ld_library_path_lib.dsv'
[0.978s] INFO:colcon.colcon_core.shell:Creating environment hook '/home/newman/vrx_ws/src/mission_windwatch/install/share/opencv_example/hook/ld_library_path_lib.sh'
[0.978s] Level 1:colcon.colcon_core.environment:checking '/home/newman/vrx_ws/src/mission_windwatch/install/bin'
[0.978s] Level 1:colcon.colcon_core.environment:checking '/home/newman/vrx_ws/src/mission_windwatch/install/lib/pkgconfig/opencv_example.pc'
[0.978s] Level 1:colcon.colcon_core.environment:checking '/home/newman/vrx_ws/src/mission_windwatch/install/lib/python3.10/site-packages'
[0.978s] Level 1:colcon.colcon_core.environment:checking '/home/newman/vrx_ws/src/mission_windwatch/install/bin'
[0.979s] INFO:colcon.colcon_core.shell:Creating package script '/home/newman/vrx_ws/src/mission_windwatch/install/share/opencv_example/package.ps1'
[0.979s] INFO:colcon.colcon_core.shell:Creating package descriptor '/home/newman/vrx_ws/src/mission_windwatch/install/share/opencv_example/package.dsv'
[0.979s] INFO:colcon.colcon_core.shell:Creating package script '/home/newman/vrx_ws/src/mission_windwatch/install/share/opencv_example/package.sh'
[0.980s] INFO:colcon.colcon_core.shell:Creating package script '/home/newman/vrx_ws/src/mission_windwatch/install/share/opencv_example/package.bash'
[0.980s] INFO:colcon.colcon_core.shell:Creating package script '/home/newman/vrx_ws/src/mission_windwatch/install/share/opencv_example/package.zsh'
[0.981s] Level 1:colcon.colcon_core.environment:create_file_with_runtime_dependencies(/home/newman/vrx_ws/src/mission_windwatch/install/share/colcon-core/packages/opencv_example)
[0.985s] DEBUG:colcon.colcon_core.event_handler.log_command:Invoked command in '/home/newman/vrx_ws/src/mission_windwatch/build/vrx_gz' returned '0': CMAKE_PREFIX_PATH=${CMAKE_PREFIX_PATH}:/opt/ros/humble /usr/bin/cmake --build /home/newman/vrx_ws/src/mission_windwatch/build/vrx_gz -- -j9 -l9
[1.002s] DEBUG:colcon.colcon_core.event_handler.log_command:Invoked command in '/home/newman/vrx_ws/src/mission_windwatch/build/aquabot_description' returned '0': CMAKE_PREFIX_PATH=${CMAKE_PREFIX_PATH}:/opt/ros/humble GZ_SIM_RESOURCE_PATH=/home/newman/vrx_ws/src/mission_windwatch/install/share:${GZ_SIM_RESOURCE_PATH} /usr/bin/cmake --build /home/newman/vrx_ws/src/mission_windwatch/build/aquabot_description -- -j9 -l9
[1.024s] DEBUG:colcon.colcon_core.event_handler.log_command:Invoking command in '/home/newman/vrx_ws/src/mission_windwatch/build/aquabot_description': CMAKE_PREFIX_PATH=${CMAKE_PREFIX_PATH}:/opt/ros/humble GZ_SIM_RESOURCE_PATH=/home/newman/vrx_ws/src/mission_windwatch/install/share:${GZ_SIM_RESOURCE_PATH} /usr/bin/cmake --install /home/newman/vrx_ws/src/mission_windwatch/build/aquabot_description
[1.024s] DEBUG:colcon.colcon_core.event_handler.log_command:Invoked command in '/home/newman/vrx_ws/src/mission_windwatch/build/wamv_description' returned '0': CMAKE_PREFIX_PATH=${CMAKE_PREFIX_PATH}:/opt/ros/humble GZ_SIM_RESOURCE_PATH=/home/newman/vrx_ws/src/mission_windwatch/install/share:${GZ_SIM_RESOURCE_PATH} /usr/bin/cmake --build /home/newman/vrx_ws/src/mission_windwatch/build/wamv_description -- -j9 -l9
[1.035s] Level 1:colcon.colcon_core.environment:create_environment_scripts_only(aquabot_description)
[1.036s] Level 1:colcon.colcon_core.environment:checking '/home/newman/vrx_ws/src/mission_windwatch/install' for CMake module files
[1.036s] Level 1:colcon.colcon_core.environment:checking '/home/newman/vrx_ws/src/mission_windwatch/install' for CMake config files
[1.036s] DEBUG:colcon.colcon_core.event_handler.log_command:Invoked command in '/home/newman/vrx_ws/src/mission_windwatch/build/aquabot_description' returned '0': CMAKE_PREFIX_PATH=${CMAKE_PREFIX_PATH}:/opt/ros/humble GZ_SIM_RESOURCE_PATH=/home/newman/vrx_ws/src/mission_windwatch/install/share:${GZ_SIM_RESOURCE_PATH} /usr/bin/cmake --install /home/newman/vrx_ws/src/mission_windwatch/build/aquabot_description
[1.037s] Level 1:colcon.colcon_core.shell:create_environment_hook('aquabot_description', 'cmake_prefix_path')
[1.037s] INFO:colcon.colcon_core.shell:Creating environment hook '/home/newman/vrx_ws/src/mission_windwatch/install/share/aquabot_description/hook/cmake_prefix_path.ps1'
[1.037s] INFO:colcon.colcon_core.shell:Creating environment descriptor '/home/newman/vrx_ws/src/mission_windwatch/install/share/aquabot_description/hook/cmake_prefix_path.dsv'
[1.038s] INFO:colcon.colcon_core.shell:Creating environment hook '/home/newman/vrx_ws/src/mission_windwatch/install/share/aquabot_description/hook/cmake_prefix_path.sh'
[1.038s] Level 1:colcon.colcon_core.environment:checking '/home/newman/vrx_ws/src/mission_windwatch/install/lib'
[1.038s] Level 1:colcon.colcon_core.shell:create_environment_hook('aquabot_description', 'ld_library_path_lib')
[1.038s] INFO:colcon.colcon_core.shell:Creating environment hook '/home/newman/vrx_ws/src/mission_windwatch/install/share/aquabot_description/hook/ld_library_path_lib.ps1'
[1.039s] INFO:colcon.colcon_core.shell:Creating environment descriptor '/home/newman/vrx_ws/src/mission_windwatch/install/share/aquabot_description/hook/ld_library_path_lib.dsv'
[1.039s] INFO:colcon.colcon_core.shell:Creating environment hook '/home/newman/vrx_ws/src/mission_windwatch/install/share/aquabot_description/hook/ld_library_path_lib.sh'
[1.039s] Level 1:colcon.colcon_core.environment:checking '/home/newman/vrx_ws/src/mission_windwatch/install/bin'
[1.039s] Level 1:colcon.colcon_core.environment:checking '/home/newman/vrx_ws/src/mission_windwatch/install/lib/pkgconfig/aquabot_description.pc'
[1.040s] Level 1:colcon.colcon_core.environment:checking '/home/newman/vrx_ws/src/mission_windwatch/install/lib/python3.10/site-packages'
[1.040s] Level 1:colcon.colcon_core.environment:checking '/home/newman/vrx_ws/src/mission_windwatch/install/bin'
[1.040s] INFO:colcon.colcon_core.shell:Creating package script '/home/newman/vrx_ws/src/mission_windwatch/install/share/aquabot_description/package.ps1'
[1.040s] INFO:colcon.colcon_core.shell:Creating package descriptor '/home/newman/vrx_ws/src/mission_windwatch/install/share/aquabot_description/package.dsv'
[1.041s] INFO:colcon.colcon_core.shell:Creating package script '/home/newman/vrx_ws/src/mission_windwatch/install/share/aquabot_description/package.sh'
[1.041s] INFO:colcon.colcon_core.shell:Creating package script '/home/newman/vrx_ws/src/mission_windwatch/install/share/aquabot_description/package.bash'
[1.041s] INFO:colcon.colcon_core.shell:Creating package script '/home/newman/vrx_ws/src/mission_windwatch/install/share/aquabot_description/package.zsh'
[1.042s] Level 1:colcon.colcon_core.environment:create_file_with_runtime_dependencies(/home/newman/vrx_ws/src/mission_windwatch/install/share/colcon-core/packages/aquabot_description)
[1.048s] DEBUG:colcon.colcon_core.event_handler.log_command:Invoking command in '/home/newman/vrx_ws/src/mission_windwatch/build/wamv_description': CMAKE_PREFIX_PATH=${CMAKE_PREFIX_PATH}:/opt/ros/humble GZ_SIM_RESOURCE_PATH=/home/newman/vrx_ws/src/mission_windwatch/install/share:${GZ_SIM_RESOURCE_PATH} /usr/bin/cmake --install /home/newman/vrx_ws/src/mission_windwatch/build/wamv_description
[1.056s] Level 1:colcon.colcon_core.environment:create_environment_scripts_only(wamv_description)
[1.056s] Level 1:colcon.colcon_core.environment:checking '/home/newman/vrx_ws/src/mission_windwatch/install' for CMake module files
[1.058s] Level 1:colcon.colcon_core.environment:checking '/home/newman/vrx_ws/src/mission_windwatch/install' for CMake config files
[1.058s] DEBUG:colcon.colcon_core.event_handler.log_command:Invoked command in '/home/newman/vrx_ws/src/mission_windwatch/build/wamv_description' returned '0': CMAKE_PREFIX_PATH=${CMAKE_PREFIX_PATH}:/opt/ros/humble GZ_SIM_RESOURCE_PATH=/home/newman/vrx_ws/src/mission_windwatch/install/share:${GZ_SIM_RESOURCE_PATH} /usr/bin/cmake --install /home/newman/vrx_ws/src/mission_windwatch/build/wamv_description
[1.059s] Level 1:colcon.colcon_core.shell:create_environment_hook('wamv_description', 'cmake_prefix_path')
[1.059s] INFO:colcon.colcon_core.shell:Creating environment hook '/home/newman/vrx_ws/src/mission_windwatch/install/share/wamv_description/hook/cmake_prefix_path.ps1'
[1.059s] INFO:colcon.colcon_core.shell:Creating environment descriptor '/home/newman/vrx_ws/src/mission_windwatch/install/share/wamv_description/hook/cmake_prefix_path.dsv'
[1.060s] INFO:colcon.colcon_core.shell:Creating environment hook '/home/newman/vrx_ws/src/mission_windwatch/install/share/wamv_description/hook/cmake_prefix_path.sh'
[1.060s] Level 1:colcon.colcon_core.environment:checking '/home/newman/vrx_ws/src/mission_windwatch/install/lib'
[1.060s] Level 1:colcon.colcon_core.shell:create_environment_hook('wamv_description', 'ld_library_path_lib')
[1.060s] INFO:colcon.colcon_core.shell:Creating environment hook '/home/newman/vrx_ws/src/mission_windwatch/install/share/wamv_description/hook/ld_library_path_lib.ps1'
[1.061s] INFO:colcon.colcon_core.shell:Creating environment descriptor '/home/newman/vrx_ws/src/mission_windwatch/install/share/wamv_description/hook/ld_library_path_lib.dsv'
[1.061s] INFO:colcon.colcon_core.shell:Creating environment hook '/home/newman/vrx_ws/src/mission_windwatch/install/share/wamv_description/hook/ld_library_path_lib.sh'
[1.061s] Level 1:colcon.colcon_core.environment:checking '/home/newman/vrx_ws/src/mission_windwatch/install/bin'
[1.061s] Level 1:colcon.colcon_core.environment:checking '/home/newman/vrx_ws/src/mission_windwatch/install/lib/pkgconfig/wamv_description.pc'
[1.061s] Level 1:colcon.colcon_core.environment:checking '/home/newman/vrx_ws/src/mission_windwatch/install/lib/python3.10/site-packages'
[1.062s] Level 1:colcon.colcon_core.environment:checking '/home/newman/vrx_ws/src/mission_windwatch/install/bin'
[1.062s] INFO:colcon.colcon_core.shell:Creating package script '/home/newman/vrx_ws/src/mission_windwatch/install/share/wamv_description/package.ps1'
[1.062s] INFO:colcon.colcon_core.shell:Creating package descriptor '/home/newman/vrx_ws/src/mission_windwatch/install/share/wamv_description/package.dsv'
[1.062s] INFO:colcon.colcon_core.shell:Creating package script '/home/newman/vrx_ws/src/mission_windwatch/install/share/wamv_description/package.sh'
[1.063s] INFO:colcon.colcon_core.shell:Creating package script '/home/newman/vrx_ws/src/mission_windwatch/install/share/wamv_description/package.bash'
[1.063s] INFO:colcon.colcon_core.shell:Creating package script '/home/newman/vrx_ws/src/mission_windwatch/install/share/wamv_description/package.zsh'
[1.063s] Level 1:colcon.colcon_core.environment:create_file_with_runtime_dependencies(/home/newman/vrx_ws/src/mission_windwatch/install/share/colcon-core/packages/wamv_description)
[1.065s] Level 1:colcon.colcon_core.environment:create_environment_scripts_only(aquabot_description)
[1.065s] Level 1:colcon.colcon_core.environment:checking '/home/newman/vrx_ws/src/mission_windwatch/install' for CMake module files
[1.066s] Level 1:colcon.colcon_core.environment:checking '/home/newman/vrx_ws/src/mission_windwatch/install' for CMake config files
[1.066s] Level 1:colcon.colcon_core.shell:create_environment_hook('aquabot_description', 'cmake_prefix_path')
[1.066s] INFO:colcon.colcon_core.shell:Creating environment hook '/home/newman/vrx_ws/src/mission_windwatch/install/share/aquabot_description/hook/cmake_prefix_path.ps1'
[1.067s] INFO:colcon.colcon_core.shell:Creating environment descriptor '/home/newman/vrx_ws/src/mission_windwatch/install/share/aquabot_description/hook/cmake_prefix_path.dsv'
[1.067s] INFO:colcon.colcon_core.shell:Creating environment hook '/home/newman/vrx_ws/src/mission_windwatch/install/share/aquabot_description/hook/cmake_prefix_path.sh'
[1.068s] Level 1:colcon.colcon_core.environment:checking '/home/newman/vrx_ws/src/mission_windwatch/install/lib'
[1.068s] Level 1:colcon.colcon_core.shell:create_environment_hook('aquabot_description', 'ld_library_path_lib')
[1.068s] INFO:colcon.colcon_core.shell:Creating environment hook '/home/newman/vrx_ws/src/mission_windwatch/install/share/aquabot_description/hook/ld_library_path_lib.ps1'
[1.068s] INFO:colcon.colcon_core.shell:Creating environment descriptor '/home/newman/vrx_ws/src/mission_windwatch/install/share/aquabot_description/hook/ld_library_path_lib.dsv'
[1.069s] INFO:colcon.colcon_core.shell:Creating environment hook '/home/newman/vrx_ws/src/mission_windwatch/install/share/aquabot_description/hook/ld_library_path_lib.sh'
[1.069s] Level 1:colcon.colcon_core.environment:checking '/home/newman/vrx_ws/src/mission_windwatch/install/bin'
[1.069s] Level 1:colcon.colcon_core.environment:checking '/home/newman/vrx_ws/src/mission_windwatch/install/lib/pkgconfig/aquabot_description.pc'
[1.069s] Level 1:colcon.colcon_core.environment:checking '/home/newman/vrx_ws/src/mission_windwatch/install/lib/python3.10/site-packages'
[1.069s] Level 1:colcon.colcon_core.environment:checking '/home/newman/vrx_ws/src/mission_windwatch/install/bin'
[1.070s] INFO:colcon.colcon_core.shell:Creating package script '/home/newman/vrx_ws/src/mission_windwatch/install/share/aquabot_description/package.ps1'
[1.070s] INFO:colcon.colcon_core.shell:Creating package descriptor '/home/newman/vrx_ws/src/mission_windwatch/install/share/aquabot_description/package.dsv'
[1.071s] INFO:colcon.colcon_core.shell:Creating package script '/home/newman/vrx_ws/src/mission_windwatch/install/share/aquabot_description/package.sh'
[1.071s] INFO:colcon.colcon_core.shell:Creating package script '/home/newman/vrx_ws/src/mission_windwatch/install/share/aquabot_description/package.bash'
[1.071s] INFO:colcon.colcon_core.shell:Creating package script '/home/newman/vrx_ws/src/mission_windwatch/install/share/aquabot_description/package.zsh'
[1.072s] Level 1:colcon.colcon_core.environment:create_file_with_runtime_dependencies(/home/newman/vrx_ws/src/mission_windwatch/install/share/colcon-core/packages/aquabot_description)
[1.074s] DEBUG:colcon.colcon_core.event_handler.log_command:Invoking command in '/home/newman/vrx_ws/src/mission_windwatch/build/vrx_gz': CMAKE_PREFIX_PATH=${CMAKE_PREFIX_PATH}:/opt/ros/humble /usr/bin/cmake --install /home/newman/vrx_ws/src/mission_windwatch/build/vrx_gz
[1.084s] Level 1:colcon.colcon_core.environment:create_environment_scripts_only(wamv_description)
[1.085s] Level 1:colcon.colcon_core.environment:checking '/home/newman/vrx_ws/src/mission_windwatch/install' for CMake module files
[1.085s] Level 1:colcon.colcon_core.environment:checking '/home/newman/vrx_ws/src/mission_windwatch/install' for CMake config files
[1.086s] Level 1:colcon.colcon_core.shell:create_environment_hook('wamv_description', 'cmake_prefix_path')
[1.086s] INFO:colcon.colcon_core.shell:Creating environment hook '/home/newman/vrx_ws/src/mission_windwatch/install/share/wamv_description/hook/cmake_prefix_path.ps1'
[1.086s] INFO:colcon.colcon_core.shell:Creating environment descriptor '/home/newman/vrx_ws/src/mission_windwatch/install/share/wamv_description/hook/cmake_prefix_path.dsv'
[1.087s] INFO:colcon.colcon_core.shell:Creating environment hook '/home/newman/vrx_ws/src/mission_windwatch/install/share/wamv_description/hook/cmake_prefix_path.sh'
[1.087s] Level 1:colcon.colcon_core.environment:checking '/home/newman/vrx_ws/src/mission_windwatch/install/lib'
[1.087s] Level 1:colcon.colcon_core.shell:create_environment_hook('wamv_description', 'ld_library_path_lib')
[1.087s] INFO:colcon.colcon_core.shell:Creating environment hook '/home/newman/vrx_ws/src/mission_windwatch/install/share/wamv_description/hook/ld_library_path_lib.ps1'
[1.087s] INFO:colcon.colcon_core.shell:Creating environment descriptor '/home/newman/vrx_ws/src/mission_windwatch/install/share/wamv_description/hook/ld_library_path_lib.dsv'
[1.088s] INFO:colcon.colcon_core.shell:Creating environment hook '/home/newman/vrx_ws/src/mission_windwatch/install/share/wamv_description/hook/ld_library_path_lib.sh'
[1.088s] Level 1:colcon.colcon_core.environment:checking '/home/newman/vrx_ws/src/mission_windwatch/install/bin'
[1.088s] Level 1:colcon.colcon_core.environment:checking '/home/newman/vrx_ws/src/mission_windwatch/install/lib/pkgconfig/wamv_description.pc'
[1.088s] Level 1:colcon.colcon_core.environment:checking '/home/newman/vrx_ws/src/mission_windwatch/install/lib/python3.10/site-packages'
[1.088s] Level 1:colcon.colcon_core.environment:checking '/home/newman/vrx_ws/src/mission_windwatch/install/bin'
[1.089s] INFO:colcon.colcon_core.shell:Creating package script '/home/newman/vrx_ws/src/mission_windwatch/install/share/wamv_description/package.ps1'
[1.089s] INFO:colcon.colcon_core.shell:Creating package descriptor '/home/newman/vrx_ws/src/mission_windwatch/install/share/wamv_description/package.dsv'
[1.089s] INFO:colcon.colcon_core.shell:Creating package script '/home/newman/vrx_ws/src/mission_windwatch/install/share/wamv_description/package.sh'
[1.090s] INFO:colcon.colcon_core.shell:Creating package script '/home/newman/vrx_ws/src/mission_windwatch/install/share/wamv_description/package.bash'
[1.090s] INFO:colcon.colcon_core.shell:Creating package script '/home/newman/vrx_ws/src/mission_windwatch/install/share/wamv_description/package.zsh'
[1.091s] Level 1:colcon.colcon_core.environment:create_file_with_runtime_dependencies(/home/newman/vrx_ws/src/mission_windwatch/install/share/colcon-core/packages/wamv_description)
[1.091s] INFO:colcon.colcon_ros.task.ament_cmake.build:Building ROS package in '/home/newman/vrx_ws/src/mission_windwatch/src/vrx/vrx_urdf/wamv_gazebo' with build type 'ament_cmake'
[1.091s] INFO:colcon.colcon_cmake.task.cmake.build:Building CMake package in '/home/newman/vrx_ws/src/mission_windwatch/src/vrx/vrx_urdf/wamv_gazebo'
[1.091s] INFO:colcon.colcon_core.shell:Skip shell extension 'powershell' for command environment: Not usable outside of PowerShell
[1.091s] DEBUG:colcon.colcon_core.shell:Skip shell extension 'dsv' for command environment
[1.101s] DEBUG:colcon.colcon_core.event_handler.log_command:Invoking command in '/home/newman/vrx_ws/src/mission_windwatch/build/wamv_gazebo': CMAKE_PREFIX_PATH=${CMAKE_PREFIX_PATH}:/opt/ros/humble GZ_SIM_RESOURCE_PATH=/home/newman/vrx_ws/src/mission_windwatch/install/share:${GZ_SIM_RESOURCE_PATH} /usr/bin/cmake --build /home/newman/vrx_ws/src/mission_windwatch/build/wamv_gazebo -- -j9 -l9
[1.121s] Level 1:colcon.colcon_core.environment:create_environment_scripts_only(vrx_gz)
[1.121s] Level 1:colcon.colcon_core.environment:checking '/home/newman/vrx_ws/src/mission_windwatch/install' for CMake module files
[1.133s] Level 1:colcon.colcon_core.environment:checking '/home/newman/vrx_ws/src/mission_windwatch/install' for CMake config files
[1.136s] Level 1:colcon.colcon_core.shell:create_environment_hook('vrx_gz', 'cmake_prefix_path')
[1.136s] INFO:colcon.colcon_core.shell:Creating environment hook '/home/newman/vrx_ws/src/mission_windwatch/install/share/vrx_gz/hook/cmake_prefix_path.ps1'
[1.138s] INFO:colcon.colcon_core.shell:Creating environment descriptor '/home/newman/vrx_ws/src/mission_windwatch/install/share/vrx_gz/hook/cmake_prefix_path.dsv'
[1.139s] DEBUG:colcon.colcon_core.event_handler.log_command:Invoked command in '/home/newman/vrx_ws/src/mission_windwatch/build/vrx_gz' returned '0': CMAKE_PREFIX_PATH=${CMAKE_PREFIX_PATH}:/opt/ros/humble /usr/bin/cmake --install /home/newman/vrx_ws/src/mission_windwatch/build/vrx_gz
[1.139s] INFO:colcon.colcon_core.shell:Creating environment hook '/home/newman/vrx_ws/src/mission_windwatch/install/share/vrx_gz/hook/cmake_prefix_path.sh'
[1.140s] Level 1:colcon.colcon_core.environment:checking '/home/newman/vrx_ws/src/mission_windwatch/install/lib'
[1.140s] Level 1:colcon.colcon_core.shell:create_environment_hook('vrx_gz', 'ld_library_path_lib')
[1.140s] INFO:colcon.colcon_core.shell:Creating environment hook '/home/newman/vrx_ws/src/mission_windwatch/install/share/vrx_gz/hook/ld_library_path_lib.ps1'
[1.140s] INFO:colcon.colcon_core.shell:Creating environment descriptor '/home/newman/vrx_ws/src/mission_windwatch/install/share/vrx_gz/hook/ld_library_path_lib.dsv'
[1.141s] INFO:colcon.colcon_core.shell:Creating environment hook '/home/newman/vrx_ws/src/mission_windwatch/install/share/vrx_gz/hook/ld_library_path_lib.sh'
[1.141s] Level 1:colcon.colcon_core.environment:checking '/home/newman/vrx_ws/src/mission_windwatch/install/bin'
[1.141s] Level 1:colcon.colcon_core.environment:checking '/home/newman/vrx_ws/src/mission_windwatch/install/lib/pkgconfig/vrx_gz.pc'
[1.141s] Level 1:colcon.colcon_core.environment:checking '/home/newman/vrx_ws/src/mission_windwatch/install/lib/python3.10/site-packages'
[1.141s] Level 1:colcon.colcon_core.environment:checking '/home/newman/vrx_ws/src/mission_windwatch/install/bin'
[1.142s] INFO:colcon.colcon_core.shell:Creating package script '/home/newman/vrx_ws/src/mission_windwatch/install/share/vrx_gz/package.ps1'
[1.142s] INFO:colcon.colcon_core.shell:Creating package descriptor '/home/newman/vrx_ws/src/mission_windwatch/install/share/vrx_gz/package.dsv'
[1.142s] INFO:colcon.colcon_core.shell:Creating package script '/home/newman/vrx_ws/src/mission_windwatch/install/share/vrx_gz/package.sh'
[1.143s] INFO:colcon.colcon_core.shell:Creating package script '/home/newman/vrx_ws/src/mission_windwatch/install/share/vrx_gz/package.bash'
[1.143s] INFO:colcon.colcon_core.shell:Creating package script '/home/newman/vrx_ws/src/mission_windwatch/install/share/vrx_gz/package.zsh'
[1.143s] Level 1:colcon.colcon_core.environment:create_file_with_runtime_dependencies(/home/newman/vrx_ws/src/mission_windwatch/install/share/colcon-core/packages/vrx_gz)
[1.145s] DEBUG:colcon.colcon_core.event_handler.log_command:Invoked command in '/home/newman/vrx_ws/src/mission_windwatch/build/wamv_gazebo' returned '0': CMAKE_PREFIX_PATH=${CMAKE_PREFIX_PATH}:/opt/ros/humble GZ_SIM_RESOURCE_PATH=/home/newman/vrx_ws/src/mission_windwatch/install/share:${GZ_SIM_RESOURCE_PATH} /usr/bin/cmake --build /home/newman/vrx_ws/src/mission_windwatch/build/wamv_gazebo -- -j9 -l9
[1.165s] DEBUG:colcon.colcon_core.event_handler.log_command:Invoking command in '/home/newman/vrx_ws/src/mission_windwatch/build/wamv_gazebo': CMAKE_PREFIX_PATH=${CMAKE_PREFIX_PATH}:/opt/ros/humble GZ_SIM_RESOURCE_PATH=/home/newman/vrx_ws/src/mission_windwatch/install/share:${GZ_SIM_RESOURCE_PATH} /usr/bin/cmake --install /home/newman/vrx_ws/src/mission_windwatch/build/wamv_gazebo
[1.180s] Level 1:colcon.colcon_core.environment:create_environment_scripts_only(wamv_gazebo)
[1.181s] Level 1:colcon.colcon_core.environment:checking '/home/newman/vrx_ws/src/mission_windwatch/install' for CMake module files
[1.181s] DEBUG:colcon.colcon_core.event_handler.log_command:Invoked command in '/home/newman/vrx_ws/src/mission_windwatch/build/wamv_gazebo' returned '0': CMAKE_PREFIX_PATH=${CMAKE_PREFIX_PATH}:/opt/ros/humble GZ_SIM_RESOURCE_PATH=/home/newman/vrx_ws/src/mission_windwatch/install/share:${GZ_SIM_RESOURCE_PATH} /usr/bin/cmake --install /home/newman/vrx_ws/src/mission_windwatch/build/wamv_gazebo
[1.181s] Level 1:colcon.colcon_core.environment:checking '/home/newman/vrx_ws/src/mission_windwatch/install' for CMake config files
[1.182s] Level 1:colcon.colcon_core.shell:create_environment_hook('wamv_gazebo', 'cmake_prefix_path')
[1.182s] INFO:colcon.colcon_core.shell:Creating environment hook '/home/newman/vrx_ws/src/mission_windwatch/install/share/wamv_gazebo/hook/cmake_prefix_path.ps1'
[1.182s] INFO:colcon.colcon_core.shell:Creating environment descriptor '/home/newman/vrx_ws/src/mission_windwatch/install/share/wamv_gazebo/hook/cmake_prefix_path.dsv'
[1.182s] INFO:colcon.colcon_core.shell:Creating environment hook '/home/newman/vrx_ws/src/mission_windwatch/install/share/wamv_gazebo/hook/cmake_prefix_path.sh'
[1.183s] Level 1:colcon.colcon_core.environment:checking '/home/newman/vrx_ws/src/mission_windwatch/install/lib'
[1.183s] Level 1:colcon.colcon_core.shell:create_environment_hook('wamv_gazebo', 'ld_library_path_lib')
[1.183s] INFO:colcon.colcon_core.shell:Creating environment hook '/home/newman/vrx_ws/src/mission_windwatch/install/share/wamv_gazebo/hook/ld_library_path_lib.ps1'
[1.183s] INFO:colcon.colcon_core.shell:Creating environment descriptor '/home/newman/vrx_ws/src/mission_windwatch/install/share/wamv_gazebo/hook/ld_library_path_lib.dsv'
[1.184s] INFO:colcon.colcon_core.shell:Creating environment hook '/home/newman/vrx_ws/src/mission_windwatch/install/share/wamv_gazebo/hook/ld_library_path_lib.sh'
[1.184s] Level 1:colcon.colcon_core.environment:checking '/home/newman/vrx_ws/src/mission_windwatch/install/bin'
[1.184s] Level 1:colcon.colcon_core.environment:checking '/home/newman/vrx_ws/src/mission_windwatch/install/lib/pkgconfig/wamv_gazebo.pc'
[1.184s] Level 1:colcon.colcon_core.environment:checking '/home/newman/vrx_ws/src/mission_windwatch/install/lib/python3.10/site-packages'
[1.184s] Level 1:colcon.colcon_core.environment:checking '/home/newman/vrx_ws/src/mission_windwatch/install/bin'
[1.185s] INFO:colcon.colcon_core.shell:Creating package script '/home/newman/vrx_ws/src/mission_windwatch/install/share/wamv_gazebo/package.ps1'
[1.185s] INFO:colcon.colcon_core.shell:Creating package descriptor '/home/newman/vrx_ws/src/mission_windwatch/install/share/wamv_gazebo/package.dsv'
[1.185s] INFO:colcon.colcon_core.shell:Creating package script '/home/newman/vrx_ws/src/mission_windwatch/install/share/wamv_gazebo/package.sh'
[1.186s] INFO:colcon.colcon_core.shell:Creating package script '/home/newman/vrx_ws/src/mission_windwatch/install/share/wamv_gazebo/package.bash'
[1.186s] INFO:colcon.colcon_core.shell:Creating package script '/home/newman/vrx_ws/src/mission_windwatch/install/share/wamv_gazebo/package.zsh'
[1.186s] Level 1:colcon.colcon_core.environment:create_file_with_runtime_dependencies(/home/newman/vrx_ws/src/mission_windwatch/install/share/colcon-core/packages/wamv_gazebo)
[1.204s] Level 1:colcon.colcon_core.environment:create_environment_scripts_only(wamv_gazebo)
[1.204s] Level 1:colcon.colcon_core.environment:checking '/home/newman/vrx_ws/src/mission_windwatch/install' for CMake module files
[1.204s] Level 1:colcon.colcon_core.environment:checking '/home/newman/vrx_ws/src/mission_windwatch/install' for CMake config files
[1.204s] Level 1:colcon.colcon_core.shell:create_environment_hook('wamv_gazebo', 'cmake_prefix_path')
[1.204s] INFO:colcon.colcon_core.shell:Creating environment hook '/home/newman/vrx_ws/src/mission_windwatch/install/share/wamv_gazebo/hook/cmake_prefix_path.ps1'
[1.205s] INFO:colcon.colcon_core.shell:Creating environment descriptor '/home/newman/vrx_ws/src/mission_windwatch/install/share/wamv_gazebo/hook/cmake_prefix_path.dsv'
[1.205s] INFO:colcon.colcon_core.shell:Creating environment hook '/home/newman/vrx_ws/src/mission_windwatch/install/share/wamv_gazebo/hook/cmake_prefix_path.sh'
[1.206s] Level 1:colcon.colcon_core.environment:checking '/home/newman/vrx_ws/src/mission_windwatch/install/lib'
[1.206s] Level 1:colcon.colcon_core.shell:create_environment_hook('wamv_gazebo', 'ld_library_path_lib')
[1.206s] INFO:colcon.colcon_core.shell:Creating environment hook '/home/newman/vrx_ws/src/mission_windwatch/install/share/wamv_gazebo/hook/ld_library_path_lib.ps1'
[1.206s] INFO:colcon.colcon_core.shell:Creating environment descriptor '/home/newman/vrx_ws/src/mission_windwatch/install/share/wamv_gazebo/hook/ld_library_path_lib.dsv'
[1.206s] INFO:colcon.colcon_core.shell:Creating environment hook '/home/newman/vrx_ws/src/mission_windwatch/install/share/wamv_gazebo/hook/ld_library_path_lib.sh'
[1.207s] Level 1:colcon.colcon_core.environment:checking '/home/newman/vrx_ws/src/mission_windwatch/install/bin'
[1.207s] Level 1:colcon.colcon_core.environment:checking '/home/newman/vrx_ws/src/mission_windwatch/install/lib/pkgconfig/wamv_gazebo.pc'
[1.207s] Level 1:colcon.colcon_core.environment:checking '/home/newman/vrx_ws/src/mission_windwatch/install/lib/python3.10/site-packages'
[1.207s] Level 1:colcon.colcon_core.environment:checking '/home/newman/vrx_ws/src/mission_windwatch/install/bin'
[1.207s] INFO:colcon.colcon_core.shell:Creating package script '/home/newman/vrx_ws/src/mission_windwatch/install/share/wamv_gazebo/package.ps1'
[1.208s] INFO:colcon.colcon_core.shell:Creating package descriptor '/home/newman/vrx_ws/src/mission_windwatch/install/share/wamv_gazebo/package.dsv'
[1.208s] INFO:colcon.colcon_core.shell:Creating package script '/home/newman/vrx_ws/src/mission_windwatch/install/share/wamv_gazebo/package.sh'
[1.209s] INFO:colcon.colcon_core.shell:Creating package script '/home/newman/vrx_ws/src/mission_windwatch/install/share/wamv_gazebo/package.bash'
[1.209s] INFO:colcon.colcon_core.shell:Creating package script '/home/newman/vrx_ws/src/mission_windwatch/install/share/wamv_gazebo/package.zsh'
[1.209s] Level 1:colcon.colcon_core.environment:create_file_with_runtime_dependencies(/home/newman/vrx_ws/src/mission_windwatch/install/share/colcon-core/packages/wamv_gazebo)
[1.211s] Level 1:colcon.colcon_core.environment:create_environment_scripts_only(vrx_gz)
[1.211s] Level 1:colcon.colcon_core.environment:checking '/home/newman/vrx_ws/src/mission_windwatch/install' for CMake module files
[1.211s] Level 1:colcon.colcon_core.environment:checking '/home/newman/vrx_ws/src/mission_windwatch/install' for CMake config files
[1.211s] Level 1:colcon.colcon_core.shell:create_environment_hook('vrx_gz', 'cmake_prefix_path')
[1.211s] INFO:colcon.colcon_core.shell:Creating environment hook '/home/newman/vrx_ws/src/mission_windwatch/install/share/vrx_gz/hook/cmake_prefix_path.ps1'
[1.212s] INFO:colcon.colcon_core.shell:Creating environment descriptor '/home/newman/vrx_ws/src/mission_windwatch/install/share/vrx_gz/hook/cmake_prefix_path.dsv'
[1.212s] INFO:colcon.colcon_core.shell:Creating environment hook '/home/newman/vrx_ws/src/mission_windwatch/install/share/vrx_gz/hook/cmake_prefix_path.sh'
[1.213s] Level 1:colcon.colcon_core.environment:checking '/home/newman/vrx_ws/src/mission_windwatch/install/lib'
[1.213s] Level 1:colcon.colcon_core.shell:create_environment_hook('vrx_gz', 'ld_library_path_lib')
[1.213s] INFO:colcon.colcon_core.shell:Creating environment hook '/home/newman/vrx_ws/src/mission_windwatch/install/share/vrx_gz/hook/ld_library_path_lib.ps1'
[1.213s] INFO:colcon.colcon_core.shell:Creating environment descriptor '/home/newman/vrx_ws/src/mission_windwatch/install/share/vrx_gz/hook/ld_library_path_lib.dsv'
[1.213s] INFO:colcon.colcon_core.shell:Creating environment hook '/home/newman/vrx_ws/src/mission_windwatch/install/share/vrx_gz/hook/ld_library_path_lib.sh'
[1.214s] Level 1:colcon.colcon_core.environment:checking '/home/newman/vrx_ws/src/mission_windwatch/install/bin'
[1.214s] Level 1:colcon.colcon_core.environment:checking '/home/newman/vrx_ws/src/mission_windwatch/install/lib/pkgconfig/vrx_gz.pc'
[1.214s] Level 1:colcon.colcon_core.environment:checking '/home/newman/vrx_ws/src/mission_windwatch/install/lib/python3.10/site-packages'
[1.214s] Level 1:colcon.colcon_core.environment:checking '/home/newman/vrx_ws/src/mission_windwatch/install/bin'
[1.214s] INFO:colcon.colcon_core.shell:Creating package script '/home/newman/vrx_ws/src/mission_windwatch/install/share/vrx_gz/package.ps1'
[1.215s] INFO:colcon.colcon_core.shell:Creating package descriptor '/home/newman/vrx_ws/src/mission_windwatch/install/share/vrx_gz/package.dsv'
[1.215s] INFO:colcon.colcon_core.shell:Creating package script '/home/newman/vrx_ws/src/mission_windwatch/install/share/vrx_gz/package.sh'
[1.216s] INFO:colcon.colcon_core.shell:Creating package script '/home/newman/vrx_ws/src/mission_windwatch/install/share/vrx_gz/package.bash'
[1.216s] INFO:colcon.colcon_core.shell:Creating package script '/home/newman/vrx_ws/src/mission_windwatch/install/share/vrx_gz/package.zsh'
[1.216s] Level 1:colcon.colcon_core.environment:create_file_with_runtime_dependencies(/home/newman/vrx_ws/src/mission_windwatch/install/share/colcon-core/packages/vrx_gz)
[1.216s] INFO:colcon.colcon_ros.task.ament_cmake.build:Building ROS package in '/home/newman/vrx_ws/src/mission_windwatch/src/aquabot/aquabot_gz' with build type 'ament_cmake'
[1.217s] INFO:colcon.colcon_cmake.task.cmake.build:Building CMake package in '/home/newman/vrx_ws/src/mission_windwatch/src/aquabot/aquabot_gz'
[1.217s] INFO:colcon.colcon_core.shell:Skip shell extension 'powershell' for command environment: Not usable outside of PowerShell
[1.217s] DEBUG:colcon.colcon_core.shell:Skip shell extension 'dsv' for command environment
[1.225s] DEBUG:colcon.colcon_core.event_handler.log_command:Invoking command in '/home/newman/vrx_ws/src/mission_windwatch/build/aquabot_gz': CMAKE_PREFIX_PATH=${CMAKE_PREFIX_PATH}:/opt/ros/humble /usr/bin/cmake --build /home/newman/vrx_ws/src/mission_windwatch/build/aquabot_gz -- -j9 -l9
[1.492s] DEBUG:colcon.colcon_core.event_handler.log_command:Invoked command in '/home/newman/vrx_ws/src/mission_windwatch/build/aquabot_gz' returned '0': CMAKE_PREFIX_PATH=${CMAKE_PREFIX_PATH}:/opt/ros/humble /usr/bin/cmake --build /home/newman/vrx_ws/src/mission_windwatch/build/aquabot_gz -- -j9 -l9
[1.515s] DEBUG:colcon.colcon_core.event_handler.log_command:Invoking command in '/home/newman/vrx_ws/src/mission_windwatch/build/aquabot_gz': CMAKE_PREFIX_PATH=${CMAKE_PREFIX_PATH}:/opt/ros/humble /usr/bin/cmake --install /home/newman/vrx_ws/src/mission_windwatch/build/aquabot_gz
[1.567s] Level 1:colcon.colcon_core.environment:create_environment_scripts_only(aquabot_gz)
[1.568s] Level 1:colcon.colcon_core.environment:checking '/home/newman/vrx_ws/src/mission_windwatch/install' for CMake module files
[1.568s] Level 1:colcon.colcon_core.environment:checking '/home/newman/vrx_ws/src/mission_windwatch/install' for CMake config files
[1.575s] DEBUG:colcon.colcon_core.event_handler.log_command:Invoked command in '/home/newman/vrx_ws/src/mission_windwatch/build/aquabot_gz' returned '0': CMAKE_PREFIX_PATH=${CMAKE_PREFIX_PATH}:/opt/ros/humble /usr/bin/cmake --install /home/newman/vrx_ws/src/mission_windwatch/build/aquabot_gz
[1.575s] Level 1:colcon.colcon_core.shell:create_environment_hook('aquabot_gz', 'cmake_prefix_path')
[1.575s] INFO:colcon.colcon_core.shell:Creating environment hook '/home/newman/vrx_ws/src/mission_windwatch/install/share/aquabot_gz/hook/cmake_prefix_path.ps1'
[1.576s] INFO:colcon.colcon_core.shell:Creating environment descriptor '/home/newman/vrx_ws/src/mission_windwatch/install/share/aquabot_gz/hook/cmake_prefix_path.dsv'
[1.576s] INFO:colcon.colcon_core.shell:Creating environment hook '/home/newman/vrx_ws/src/mission_windwatch/install/share/aquabot_gz/hook/cmake_prefix_path.sh'
[1.577s] Level 1:colcon.colcon_core.environment:checking '/home/newman/vrx_ws/src/mission_windwatch/install/lib'
[1.577s] Level 1:colcon.colcon_core.shell:create_environment_hook('aquabot_gz', 'ld_library_path_lib')
[1.577s] INFO:colcon.colcon_core.shell:Creating environment hook '/home/newman/vrx_ws/src/mission_windwatch/install/share/aquabot_gz/hook/ld_library_path_lib.ps1'
[1.577s] INFO:colcon.colcon_core.shell:Creating environment descriptor '/home/newman/vrx_ws/src/mission_windwatch/install/share/aquabot_gz/hook/ld_library_path_lib.dsv'
[1.578s] INFO:colcon.colcon_core.shell:Creating environment hook '/home/newman/vrx_ws/src/mission_windwatch/install/share/aquabot_gz/hook/ld_library_path_lib.sh'
[1.578s] Level 1:colcon.colcon_core.environment:checking '/home/newman/vrx_ws/src/mission_windwatch/install/bin'
[1.578s] Level 1:colcon.colcon_core.environment:checking '/home/newman/vrx_ws/src/mission_windwatch/install/lib/pkgconfig/aquabot_gz.pc'
[1.578s] Level 1:colcon.colcon_core.environment:checking '/home/newman/vrx_ws/src/mission_windwatch/install/lib/python3.10/site-packages'
[1.579s] Level 1:colcon.colcon_core.environment:checking '/home/newman/vrx_ws/src/mission_windwatch/install/bin'
[1.579s] INFO:colcon.colcon_core.shell:Creating package script '/home/newman/vrx_ws/src/mission_windwatch/install/share/aquabot_gz/package.ps1'
[1.579s] INFO:colcon.colcon_core.shell:Creating package descriptor '/home/newman/vrx_ws/src/mission_windwatch/install/share/aquabot_gz/package.dsv'
[1.580s] INFO:colcon.colcon_core.shell:Creating package script '/home/newman/vrx_ws/src/mission_windwatch/install/share/aquabot_gz/package.sh'
[1.580s] INFO:colcon.colcon_core.shell:Creating package script '/home/newman/vrx_ws/src/mission_windwatch/install/share/aquabot_gz/package.bash'
[1.581s] INFO:colcon.colcon_core.shell:Creating package script '/home/newman/vrx_ws/src/mission_windwatch/install/share/aquabot_gz/package.zsh'
[1.581s] Level 1:colcon.colcon_core.environment:create_file_with_runtime_dependencies(/home/newman/vrx_ws/src/mission_windwatch/install/share/colcon-core/packages/aquabot_gz)
[1.604s] Level 1:colcon.colcon_core.environment:create_environment_scripts_only(aquabot_gz)
[1.604s] Level 1:colcon.colcon_core.environment:checking '/home/newman/vrx_ws/src/mission_windwatch/install' for CMake module files
[1.604s] Level 1:colcon.colcon_core.environment:checking '/home/newman/vrx_ws/src/mission_windwatch/install' for CMake config files
[1.605s] Level 1:colcon.colcon_core.shell:create_environment_hook('aquabot_gz', 'cmake_prefix_path')
[1.605s] INFO:colcon.colcon_core.shell:Creating environment hook '/home/newman/vrx_ws/src/mission_windwatch/install/share/aquabot_gz/hook/cmake_prefix_path.ps1'
[1.605s] INFO:colcon.colcon_core.shell:Creating environment descriptor '/home/newman/vrx_ws/src/mission_windwatch/install/share/aquabot_gz/hook/cmake_prefix_path.dsv'
[1.606s] INFO:colcon.colcon_core.shell:Creating environment hook '/home/newman/vrx_ws/src/mission_windwatch/install/share/aquabot_gz/hook/cmake_prefix_path.sh'
[1.607s] Level 1:colcon.colcon_core.environment:checking '/home/newman/vrx_ws/src/mission_windwatch/install/lib'
[1.607s] Level 1:colcon.colcon_core.shell:create_environment_hook('aquabot_gz', 'ld_library_path_lib')
[1.607s] INFO:colcon.colcon_core.shell:Creating environment hook '/home/newman/vrx_ws/src/mission_windwatch/install/share/aquabot_gz/hook/ld_library_path_lib.ps1'
[1.611s] INFO:colcon.colcon_core.shell:Creating environment descriptor '/home/newman/vrx_ws/src/mission_windwatch/install/share/aquabot_gz/hook/ld_library_path_lib.dsv'
[1.612s] INFO:colcon.colcon_core.shell:Creating environment hook '/home/newman/vrx_ws/src/mission_windwatch/install/share/aquabot_gz/hook/ld_library_path_lib.sh'
[1.612s] Level 1:colcon.colcon_core.environment:checking '/home/newman/vrx_ws/src/mission_windwatch/install/bin'
[1.612s] Level 1:colcon.colcon_core.environment:checking '/home/newman/vrx_ws/src/mission_windwatch/install/lib/pkgconfig/aquabot_gz.pc'
[1.612s] Level 1:colcon.colcon_core.environment:checking '/home/newman/vrx_ws/src/mission_windwatch/install/lib/python3.10/site-packages'
[1.613s] Level 1:colcon.colcon_core.environment:checking '/home/newman/vrx_ws/src/mission_windwatch/install/bin'
[1.613s] INFO:colcon.colcon_core.shell:Creating package script '/home/newman/vrx_ws/src/mission_windwatch/install/share/aquabot_gz/package.ps1'
[1.613s] INFO:colcon.colcon_core.shell:Creating package descriptor '/home/newman/vrx_ws/src/mission_windwatch/install/share/aquabot_gz/package.dsv'
[1.614s] INFO:colcon.colcon_core.shell:Creating package script '/home/newman/vrx_ws/src/mission_windwatch/install/share/aquabot_gz/package.sh'
[1.614s] INFO:colcon.colcon_core.shell:Creating package script '/home/newman/vrx_ws/src/mission_windwatch/install/share/aquabot_gz/package.bash'
[1.615s] INFO:colcon.colcon_core.shell:Creating package script '/home/newman/vrx_ws/src/mission_windwatch/install/share/aquabot_gz/package.zsh'
[1.615s] Level 1:colcon.colcon_core.environment:create_file_with_runtime_dependencies(/home/newman/vrx_ws/src/mission_windwatch/install/share/colcon-core/packages/aquabot_gz)
[1.616s] DEBUG:colcon.colcon_parallel_executor.executor.parallel:closing loop
[1.616s] DEBUG:colcon.colcon_parallel_executor.executor.parallel:loop closed
[1.616s] DEBUG:colcon.colcon_parallel_executor.executor.parallel:run_until_complete finished with '0'
[1.617s] DEBUG:colcon.colcon_core.event_reactor:joining thread
[1.623s] INFO:colcon.colcon_core.plugin_system:Skipping extension 'colcon_notification.desktop_notification.terminal_notifier': Not used on non-Darwin systems
[1.623s] INFO:colcon.colcon_core.plugin_system:Skipping extension 'colcon_notification.desktop_notification.win32': Not used on non-Windows systems
[1.623s] INFO:colcon.colcon_notification.desktop_notification:Sending desktop notification using 'notify2'
[1.636s] DEBUG:colcon.colcon_core.event_reactor:joined thread
[1.636s] INFO:colcon.colcon_core.shell:Creating prefix script '/home/newman/vrx_ws/src/mission_windwatch/install/local_setup.ps1'
[1.637s] INFO:colcon.colcon_core.shell:Creating prefix util module '/home/newman/vrx_ws/src/mission_windwatch/install/_local_setup_util_ps1.py'
[1.638s] INFO:colcon.colcon_core.shell:Creating prefix chain script '/home/newman/vrx_ws/src/mission_windwatch/install/setup.ps1'
[1.639s] INFO:colcon.colcon_core.shell:Creating prefix script '/home/newman/vrx_ws/src/mission_windwatch/install/local_setup.sh'
[1.639s] INFO:colcon.colcon_core.shell:Creating prefix util module '/home/newman/vrx_ws/src/mission_windwatch/install/_local_setup_util_sh.py'
[1.640s] INFO:colcon.colcon_core.shell:Creating prefix chain script '/home/newman/vrx_ws/src/mission_windwatch/install/setup.sh'
[1.641s] INFO:colcon.colcon_core.shell:Creating prefix script '/home/newman/vrx_ws/src/mission_windwatch/install/local_setup.bash'
[1.641s] INFO:colcon.colcon_core.shell:Creating prefix chain script '/home/newman/vrx_ws/src/mission_windwatch/install/setup.bash'
[1.642s] INFO:colcon.colcon_core.shell:Creating prefix script '/home/newman/vrx_ws/src/mission_windwatch/install/local_setup.zsh'
[1.642s] INFO:colcon.colcon_core.shell:Creating prefix chain script '/home/newman/vrx_ws/src/mission_windwatch/install/setup.zsh'
